packet_length,protocol,src_port,dst_port,tcp_flags,icmp_type,payload_length,is_fragmented,ttl,header_length,target_column
74,6,2431,443,24.0,0,34,0,49,20,0
66,6,59055,443,16.0,0,26,0,51,20,0
130,6,5292,22,24.0,0,90,0,64,20,0
54,6,35352,443,24.0,0,14,0,128,20,0
258,6,13233,22,24.0,0,218,0,64,20,0
66,6,52867,22,16.0,0,26,0,64,20,0
162,6,13822,22,16.0,0,122,0,128,20,0
356,17,28098,53,0.0,0,463,0,64,20,0
582,6,59940,22,24.0,0,542,0,56,20,0
1084,6,9767,80,17.0,0,1044,0,255,20,0
68,1,0,0,0.0,8,37,0,11,20,1
413,6,13638,80,2.0,0,373,0,58,20,0
97,6,19083,80,2.0,0,57,0,255,20,0
151,6,18109,8000,2.0,0,111,0,57,20,0
70,6,62288,8000,17.0,0,30,0,58,20,0
647,6,40934,3306,24.0,0,607,0,128,20,0
94,1,0,0,0.0,8,13,0,19,20,1
1298,6,44307,8000,0.18,0,1258,0,57,20,0
298,6,20504,8443,18.0,0,258,0,58,20,0
1028,6,16528,443,2.0,0,988,0,119,20,0
261,17,52474,53,0.0,0,193,0,64,20,0
427,17,59995,53,0.0,0,213,0,128,20,0
54,6,25215,80,2.0,0,0,0,11,20,1
142,6,59793,8080,17.0,0,102,0,128,20,0
670,6,14844,8080,2.0,0,630,0,57,20,0
84,6,33288,443,16.0,0,44,0,119,20,0
449,17,40850,53,0.0,0,70,0,64,20,0
1280,6,1743,443,16.0,0,1240,0,56,20,0
801,17,24006,80,24.0,0,761,0,56,20,0
174,6,35270,8443,16.0,0,134,0,57,20,0
179,6,6516,8080,17.0,0,139,0,57,20,0
95,17,20715,53,0.0,0,464,0,128,20,0
55,6,6562,22,24.0,0,15,0,255,20,0
39,1,0,0,0.0,8,46,0,18,20,1
287,17,32695,53,0.0,0,122,0,64,20,0
1129,6,11424,443,24.0,0,1089,0,64,20,0
66,6,61806,443,16.0,0,26,0,120,20,0
288,6,52944,80,0.0,0,248,0,60,20,0
66,6,65117,22,24.0,0,26,0,64,20,0
51,6,58776,80,0.18,0,11,0,57,20,0
801,6,38145,80,0.0,0,761,0,128,20,0
76,1,0,0,0.0,8,46,0,12,20,1
87,6,14963,80,17.0,0,47,0,56,20,0
66,6,41852,8443,24.0,0,26,0,128,20,0
54,6,19053,8443,24.0,0,14,0,54,20,0
274,17,33724,53,0.0,0,134,0,64,20,0
40,6,63743,80,2.0,0,0,0,21,20,1
74,6,42956,8443,2.0,0,34,0,60,20,0
66,6,8061,443,16.0,0,26,0,128,20,0
66,6,43008,8443,17.0,0,26,0,115,20,0
510,6,34226,8000,17.0,0,470,0,64,20,0
223,17,47724,8080,16.0,0,183,0,255,20,0
338,6,33585,8080,16.0,0,298,0,64,20,0
547,6,16197,3306,24.0,0,507,0,128,20,0
1434,6,13222,8080,0.0,0,1394,0,255,20,0
98,1,0,0,0.0,8,41,0,11,20,1
271,6,5030,5432,24.0,0,231,0,255,20,0
756,6,56602,53,24.0,0,716,0,56,20,0
1385,6,59284,80,24.0,0,1345,0,60,20,0
1378,17,13653,443,24.0,0,1338,0,255,20,0
667,17,27009,8080,16.0,0,627,0,128,20,0
66,6,65371,22,16.0,0,26,0,64,20,0
1035,1,4201,3306,16.0,0,995,0,64,20,0
57,6,38480,38374,2.0,0,0,0,64,20,1
74,6,19581,443,16.0,0,34,0,57,20,0
74,6,22622,443,18.0,0,34,0,117,20,0
184,6,9731,22,16.0,0,144,0,128,20,0
66,6,11627,22,16.0,0,26,0,128,20,0
54,6,61782,8443,16.0,0,14,0,60,20,0
54,6,56105,8443,24.0,0,14,0,56,20,0
54,6,15250,443,16.0,0,14,0,49,20,0
55,6,5668,37259,2.0,0,0,0,64,20,1
52,1,0,0,0.0,8,33,0,18,20,1
259,6,46328,22,0.0,0,219,0,56,20,0
1159,6,54252,443,18.0,0,1119,0,52,20,0
956,6,11787,443,24.0,0,916,0,120,20,0
374,17,52783,53,0.0,0,40,0,64,20,0
1119,6,59201,8080,16.0,0,1079,0,58,20,0
153,6,45371,80,0.18,0,113,0,56,20,0
66,6,39209,8443,16.0,0,26,0,56,20,0
44,6,27819,80,2.0,0,0,0,24,20,1
1129,17,53406,210,0.0,0,1455,1,6,20,1
64,1,0,0,0.0,8,43,0,13,20,1
671,6,22579,8000,17.0,0,631,0,64,20,0
668,6,5559,3306,24.0,0,628,0,60,20,0
1085,6,39992,8443,18.0,0,1045,0,54,20,0
713,6,36809,8080,17.0,0,673,0,255,20,0
54,6,14464,443,2.0,0,14,0,119,20,0
1092,17,47764,729,0.0,0,980,1,4,20,1
1112,17,17265,1009,0.0,0,1013,1,8,20,1
64,6,39926,80,17.0,0,24,0,255,20,0
66,6,19276,8443,24.0,0,26,0,52,20,0
55,6,27057,59847,2.0,0,0,0,64,20,1
1484,6,26652,8443,16.0,0,1444,0,119,20,0
1465,6,30190,8443,16.0,0,1425,0,128,20,0
66,6,12749,443,16.0,0,26,0,51,20,0
66,6,16758,8443,17.0,0,26,0,120,20,0
740,6,26621,8080,0.18,0,700,0,64,20,0
79,6,40756,8080,0.18,0,39,0,56,20,0
258,6,4686,22,24.0,0,218,0,64,20,0
1387,6,28856,3306,2.0,0,1347,0,64,20,0
1223,1,44649,3306,17.0,0,1183,0,60,20,0
1000,6,10182,8443,16.0,0,960,0,55,20,0
89,6,29388,5432,2.0,0,49,0,128,20,0
258,6,54645,22,16.0,0,218,0,128,20,0
429,6,21774,8000,16.0,0,389,0,128,20,0
198,6,41898,8443,24.0,0,158,0,56,20,0
1127,6,11280,80,0.18,0,1087,0,64,20,0
209,6,58497,443,16.0,0,169,0,55,20,0
569,6,63456,8080,24.0,0,529,0,255,20,0
419,6,33815,443,2.0,0,379,0,64,20,0
1388,6,14813,22,17.0,0,1348,0,255,20,0
1107,17,57414,532,0.0,0,1098,1,8,20,1
54,6,61766,8443,16.0,0,14,0,55,20,0
634,6,36140,53,24.0,0,594,0,128,20,0
292,17,23073,53,0.0,0,298,0,128,20,0
443,17,53749,53,0.0,0,343,0,128,20,0
885,17,4058,443,0.0,0,845,0,128,20,0
317,6,18422,443,2.0,0,277,0,128,20,0
395,17,45110,53,0.0,0,414,0,64,20,0
496,17,19364,53,0.0,0,273,0,128,20,0
48,6,29797,24833,2.0,0,0,0,64,20,1
773,6,38125,22,2.0,0,733,0,255,20,0
1085,17,14521,848,0.0,0,1162,0,6,20,1
54,6,34677,8443,16.0,0,14,0,119,20,0
302,17,12097,53,0.0,0,236,0,64,20,0
321,17,5832,53,0.0,0,169,0,64,20,0
1374,6,50794,443,24.0,0,1334,0,119,20,0
847,6,39850,443,16.0,0,807,0,118,20,0
1407,6,27559,8443,16.0,0,1367,0,119,20,0
1170,6,43003,8443,16.0,0,1130,0,51,20,0
1513,6,53878,5432,16.0,0,1460,0,255,20,0
965,6,61334,80,24.0,0,925,0,56,20,0
177,6,49134,22,2.0,0,137,0,64,20,0
1397,6,15582,53,0.0,0,1357,0,60,20,0
1274,6,7946,8080,17.0,0,1234,0,128,20,0
292,17,26290,53,0.0,0,127,0,64,20,0
1143,6,26513,443,17.0,0,1103,0,64,20,0
74,6,32649,8443,17.0,0,34,0,51,20,0
196,6,52745,8443,16.0,0,156,0,56,20,0
1391,6,19943,443,2.0,0,1351,0,255,20,0
814,1,3225,22,24.0,0,774,0,128,20,0
271,17,32799,53,0.0,0,156,0,64,20,0
74,6,59119,8443,17.0,0,34,0,58,20,0
46,6,46969,61786,2.0,0,0,0,64,20,1
1466,6,60722,8443,24.0,0,1426,0,55,20,0
478,6,25710,5432,0.0,0,438,0,64,20,0
799,6,13585,8080,0.0,0,759,0,64,20,0
163,6,52526,443,16.0,0,123,0,56,20,0
130,6,34554,22,16.0,0,90,0,64,20,0
74,6,5842,443,16.0,0,34,0,118,20,0
130,6,53028,22,16.0,0,90,0,128,20,0
944,6,29829,8443,2.0,0,904,0,55,20,0
258,6,36777,22,24.0,0,218,0,64,20,0
66,6,34828,8443,24.0,0,26,0,57,20,0
45,6,31815,37648,2.0,0,0,0,64,20,1
262,6,47535,443,24.0,0,222,0,64,20,0
348,17,50906,53,0.0,0,185,0,128,20,0
127,6,52151,8080,16.0,0,87,0,57,20,0
61,1,0,0,0.0,8,53,0,10,20,1
1493,17,2282,53,24.0,0,1453,0,56,20,0
184,6,48441,22,24.0,0,144,0,64,20,0
114,6,51252,22,16.0,0,74,0,64,20,0
678,6,40459,8000,2.0,0,638,0,255,20,0
74,6,42002,443,24.0,0,34,0,58,20,0
184,6,47924,22,24.0,0,144,0,128,20,0
57,6,50225,55091,2.0,0,0,0,64,20,1
193,17,4998,3306,0.0,0,153,0,60,20,0
42,6,50866,8000,0.18,0,2,0,57,20,0
225,17,19165,53,0.0,0,177,0,64,20,0
119,6,56137,8000,2.0,0,79,0,64,20,0
54,6,15283,443,24.0,0,14,0,60,20,0
258,6,10943,22,24.0,0,218,0,64,20,0
373,17,18837,53,0.0,0,400,0,128,20,0
74,6,13682,443,18.0,0,34,0,58,20,0
90,6,13085,22,24.0,0,50,0,64,20,0
49,6,51794,80,2.0,0,0,0,7,20,1
842,6,65114,8443,16.0,0,802,0,58,20,0
45,6,62706,80,2.0,0,0,0,3,20,1
97,1,0,0,0.0,8,46,0,17,20,1
788,6,24960,80,2.0,0,748,0,60,20,0
130,6,31992,22,16.0,0,90,0,128,20,0
1324,6,63806,8080,16.0,0,1284,0,64,20,0
183,17,30060,53,0.0,0,381,0,128,20,0
47,6,56187,59342,2.0,0,0,0,64,20,1
1228,17,15036,5432,16.0,0,1188,0,255,20,0
255,6,55346,53,16.0,0,215,0,64,20,0
95,1,0,0,0.0,8,29,0,12,20,1
74,6,28836,8443,16.0,0,34,0,115,20,0
54,6,42870,8443,16.0,0,14,0,60,20,0
149,6,22479,8000,16.0,0,109,0,255,20,0
184,6,10140,22,16.0,0,144,0,64,20,0
165,17,38230,53,0.0,0,214,0,128,20,0
159,17,17770,53,0.0,0,44,0,64,20,0
130,6,31731,22,24.0,0,90,0,128,20,0
66,6,53146,443,16.0,0,26,0,54,20,0
526,6,24664,8000,16.0,0,486,0,57,20,0
1454,6,13191,22,16.0,0,1414,0,255,20,0
46,6,45376,53537,2.0,0,0,0,64,20,1
40,1,0,0,0.0,8,36,0,3,20,1
89,17,58523,443,24.0,0,49,0,255,20,0
1034,6,56980,8080,16.0,0,994,0,255,20,0
49,6,37872,2996,2.0,0,0,0,64,20,1
47,6,23426,80,16.0,0,7,0,255,20,0
58,6,43580,80,2.0,0,0,0,27,20,1
90,6,14795,22,24.0,0,50,0,128,20,0
551,6,37413,80,0.18,0,511,0,56,20,0
73,6,61717,8000,17.0,0,33,0,56,20,0
169,6,44193,8443,2.0,0,129,0,115,20,0
114,6,9942,22,24.0,0,74,0,64,20,0
242,6,58785,53,17.0,0,202,0,56,20,0
129,6,56672,443,2.0,0,89,0,60,20,0
186,6,18869,5432,0.0,0,146,0,56,20,0
114,6,42637,22,16.0,0,74,0,64,20,0
850,6,4116,8443,16.0,0,810,0,115,20,0
66,6,11884,443,17.0,0,26,0,118,20,0
80,6,40043,8080,2.0,0,40,0,128,20,0
74,6,26616,443,16.0,0,34,0,49,20,0
80,6,39282,8443,24.0,0,40,0,128,20,0
492,6,33105,8080,16.0,0,452,0,128,20,0
417,6,47690,443,24.0,0,377,0,64,20,0
1051,6,58568,8080,17.0,0,1011,0,128,20,0
74,6,13656,8443,16.0,0,34,0,128,20,0
176,6,12904,8000,0.18,0,136,0,57,20,0
66,6,61147,443,16.0,0,26,0,119,20,0
74,6,8194,8443,16.0,0,34,0,56,20,0
1442,6,57192,8443,24.0,0,1402,0,115,20,0
1328,17,15188,530,0.0,0,1252,0,5,20,1
54,6,51623,8443,24.0,0,14,0,58,20,0
66,6,19281,443,2.0,0,26,0,119,20,0
587,6,15521,443,16.0,0,547,0,56,20,0
66,6,59040,8443,16.0,0,26,0,128,20,0
66,6,16654,8443,24.0,0,26,0,64,20,0
162,6,33773,22,16.0,0,122,0,64,20,0
159,6,26420,80,16.0,0,119,0,64,20,0
74,6,49566,8443,2.0,0,34,0,60,20,0
1404,6,11299,5432,16.0,0,1364,0,128,20,0
57,6,27434,80,2.0,0,0,0,29,20,1
1470,17,5863,548,0.0,0,1104,0,3,20,1
283,17,8588,53,0.0,0,444,0,128,20,0
87,6,29865,8000,0.18,0,47,0,57,20,0
49,1,0,0,0.0,8,21,0,2,20,1
150,6,42473,443,16.0,0,110,0,60,20,0
1347,6,22815,443,24.0,0,1307,0,255,20,0
34,1,0,0,0.0,8,47,0,5,20,1
86,1,0,0,0.0,8,11,0,18,20,1
54,6,13285,14864,2.0,0,0,0,64,20,1
1322,6,52506,8443,24.0,0,1282,0,51,20,0
74,6,22081,8443,16.0,0,34,0,115,20,0
953,6,35589,8443,24.0,0,913,0,54,20,0
289,17,49533,53,0.0,0,352,0,64,20,0
130,6,19180,22,16.0,0,90,0,64,20,0
66,6,12384,443,16.0,0,26,0,120,20,0
54,6,50613,443,16.0,0,14,0,115,20,0
773,17,61095,53,24.0,0,733,0,60,20,0
48,6,36893,37511,2.0,0,0,0,64,20,1
1218,17,31269,8080,16.0,0,1178,0,255,20,0
1291,6,26168,80,2.0,0,1251,0,57,20,0
54,6,48825,443,24.0,0,14,0,51,20,0
62,1,0,0,0.0,8,47,0,3,20,1
42,6,34127,80,2.0,0,2,0,56,20,0
914,6,62170,80,2.0,0,874,0,57,20,0
511,6,48811,3306,16.0,0,471,0,56,20,0
189,6,64545,80,0.18,0,149,0,58,20,0
151,17,1435,53,0.0,0,190,0,128,20,0
568,6,15927,3306,16.0,0,528,0,128,20,0
1009,6,12358,8443,18.0,0,969,0,117,20,0
66,6,47264,8443,16.0,0,26,0,120,20,0
66,6,23156,22,24.0,0,26,0,64,20,0
95,6,14135,80,2.0,0,55,0,64,20,0
994,6,11846,8080,0.0,0,954,0,64,20,0
886,6,54644,8443,16.0,0,846,0,117,20,0
511,6,64177,80,0.0,0,471,0,64,20,0
1284,6,25853,443,16.0,0,1244,0,128,20,0
245,17,33792,22,24.0,0,205,0,56,20,0
49,6,47763,12040,2.0,0,0,0,64,20,1
59,6,13888,45924,2.0,0,0,0,64,20,1
47,6,63786,80,2.0,0,0,0,27,20,1
90,17,60943,53,0.0,0,224,0,64,20,0
61,6,30841,5432,17.0,0,21,0,60,20,0
1280,6,15626,8000,0.18,0,1240,0,58,20,0
74,6,25905,8443,17.0,0,34,0,119,20,0
330,1,56463,443,0.0,0,290,0,64,20,0
1354,6,45400,3306,24.0,0,1314,0,64,20,0
208,17,47941,53,0.0,0,360,0,128,20,0
54,6,8669,443,16.0,0,14,0,49,20,0
829,6,46962,8080,0.18,0,789,0,57,20,0
54,6,35299,443,16.0,0,14,0,49,20,0
258,6,35644,22,16.0,0,218,0,64,20,0
40,6,28612,53,2.0,0,0,0,128,20,0
651,6,29847,80,24.0,0,611,0,64,20,0
1048,6,5925,80,2.0,0,1008,0,60,20,0
90,1,0,0,0.0,8,51,0,9,20,1
445,17,52580,53,0.0,0,112,0,64,20,0
442,6,19879,8080,16.0,0,402,0,255,20,0
114,6,17528,22,24.0,0,74,0,128,20,0
508,17,6997,53,0.0,0,116,0,128,20,0
117,6,9481,80,0.18,0,77,0,255,20,0
896,6,31408,8000,0.18,0,856,0,255,20,0
118,6,4931,8443,2.0,0,78,0,57,20,0
874,6,19649,443,16.0,0,834,0,55,20,0
358,17,35061,53,0.0,0,425,0,128,20,0
164,17,24850,53,0.0,0,184,0,64,20,0
952,6,14217,8000,17.0,0,912,0,64,20,0
130,6,62070,8000,16.0,0,90,0,128,20,0
1110,17,34408,98,0.0,0,1168,1,2,20,1
884,6,60315,5432,24.0,0,844,0,56,20,0
51,6,17984,40294,2.0,0,0,0,64,20,1
1331,6,54030,443,16.0,0,1291,0,54,20,0
1261,6,57631,80,16.0,0,1221,0,128,20,0
1410,6,56011,8000,16.0,0,1370,0,255,20,0
74,6,30721,443,16.0,0,34,0,118,20,0
195,6,5576,443,24.0,0,155,0,119,20,0
303,17,64221,53,0.0,0,416,0,64,20,0
90,6,30500,22,16.0,0,50,0,128,20,0
97,6,30100,8080,16.0,0,57,0,56,20,0
66,6,35905,443,17.0,0,26,0,120,20,0
54,6,12356,443,16.0,0,14,0,115,20,0
74,6,1901,443,16.0,0,34,0,49,20,0
74,6,57572,443,16.0,0,34,0,115,20,0
187,6,4107,8443,24.0,0,147,0,117,20,0
66,6,60223,8443,17.0,0,26,0,49,20,0
1500,6,6620,443,16.0,0,1460,0,64,20,0
1349,6,34146,8443,16.0,0,1309,0,58,20,0
1029,6,58931,8080,2.0,0,989,0,64,20,0
1513,6,3824,443,17.0,0,1460,0,255,20,0
45,6,33179,80,2.0,0,0,0,27,20,1
361,6,32880,22,16.0,0,321,0,255,20,0
294,6,48476,5432,0.0,0,254,0,128,20,0
181,6,9850,8080,2.0,0,141,0,64,20,0
185,17,9952,53,0.0,0,313,0,128,20,0
817,1,15342,8080,2.0,0,777,0,128,20,0
160,17,61185,53,0.0,0,110,0,128,20,0
1054,6,18786,8000,17.0,0,1014,0,57,20,0
130,6,50357,22,24.0,0,90,0,128,20,0
258,6,48520,22,16.0,0,218,0,64,20,0
136,6,57449,53,2.0,0,96,0,64,20,0
72,6,25713,8080,17.0,0,32,0,255,20,0
1275,6,51316,443,16.0,0,1235,0,58,20,0
41,6,47912,39258,2.0,0,0,0,64,20,1
129,6,34947,80,2.0,0,89,0,128,20,0
241,6,9323,8000,2.0,0,201,0,56,20,0
48,6,60277,9847,2.0,0,0,0,64,20,1
114,6,20046,22,24.0,0,74,0,128,20,0
1332,6,19912,443,17.0,0,1292,0,64,20,0
195,6,45951,8443,2.0,0,155,0,49,20,0
54,6,4350,8443,24.0,0,14,0,64,20,0
539,17,2584,8080,17.0,0,499,0,56,20,0
74,6,20596,443,24.0,0,34,0,60,20,0
114,6,22555,22,16.0,0,74,0,128,20,0
114,6,33482,22,16.0,0,74,0,128,20,0
565,6,18643,443,24.0,0,525,0,128,20,0
74,6,26957,443,18.0,0,34,0,52,20,0
69,6,41866,80,16.0,0,29,0,58,20,0
50,6,24603,80,2.0,0,0,0,17,20,1
1149,6,16102,8443,16.0,0,1109,0,128,20,0
308,17,8160,53,0.0,0,115,0,64,20,0
1272,6,39601,80,2.0,0,1232,0,128,20,0
90,6,35517,22,24.0,0,50,0,128,20,0
54,6,17195,80,2.0,0,0,0,26,20,1
44,6,57715,80,2.0,0,0,0,16,20,1
74,6,22082,443,17.0,0,34,0,56,20,0
74,6,6061,8443,16.0,0,34,0,54,20,0
66,6,11786,8443,17.0,0,26,0,60,20,0
130,6,48606,8000,0.18,0,90,0,255,20,0
593,6,3651,3306,24.0,0,553,0,255,20,0
74,6,32997,443,24.0,0,34,0,60,20,0
910,6,40260,8443,16.0,0,870,0,58,20,0
66,6,36932,443,16.0,0,26,0,58,20,0
71,6,10247,80,0.18,0,31,0,64,20,0
58,6,24911,60413,2.0,0,0,0,64,20,1
297,6,59925,8443,16.0,0,257,0,115,20,0
834,6,56462,22,16.0,0,794,0,255,20,0
188,17,62421,53,0.0,0,421,0,64,20,0
161,17,7467,53,0.0,0,230,0,128,20,0
151,6,63912,8080,0.18,0,111,0,255,20,0
1168,6,7708,5432,16.0,0,1128,0,128,20,0
184,6,51727,8080,0.0,0,144,0,128,20,0
830,6,39202,443,24.0,0,790,0,64,20,0
51,6,38482,5432,16.0,0,11,0,128,20,0
74,6,40429,443,16.0,0,34,0,57,20,0
42,1,0,0,0.0,8,16,0,17,20,1
1361,6,2649,443,17.0,0,1321,0,64,20,0
947,6,29765,3306,24.0,0,907,0,255,20,0
74,6,15199,443,16.0,0,34,0,115,20,0
66,6,41867,8443,24.0,0,26,0,119,20,0
241,6,59233,8443,16.0,0,201,0,64,20,0
162,6,42101,22,16.0,0,122,0,64,20,0
130,6,55781,22,16.0,0,90,0,128,20,0
139,6,13150,8443,16.0,0,99,0,128,20,0
1365,6,56968,8443,24.0,0,1325,0,52,20,0
52,6,4167,56766,2.0,0,0,0,64,20,1
74,6,40540,443,24.0,0,34,0,118,20,0
258,6,9522,22,24.0,0,218,0,128,20,0
56,6,18913,80,2.0,0,0,0,29,20,1
46,6,35301,46319,2.0,0,0,0,64,20,1
268,6,9457,8443,16.0,0,228,0,52,20,0
1273,17,28155,453,0.0,0,1444,0,9,20,1
66,6,3833,443,2.0,0,26,0,118,20,0
74,6,24348,8443,16.0,0,34,0,118,20,0
54,1,0,0,0.0,8,35,0,17,20,1
343,6,21852,8080,16.0,0,303,0,128,20,0
162,6,46101,22,24.0,0,122,0,128,20,0
1047,6,45517,80,2.0,0,1007,0,128,20,0
638,6,45610,3306,24.0,0,598,0,56,20,0
121,6,30146,8443,24.0,0,81,0,115,20,0
54,6,62171,443,16.0,0,14,0,49,20,0
971,6,54460,443,2.0,0,931,0,49,20,0
130,6,8020,22,16.0,0,90,0,64,20,0
74,6,34064,443,16.0,0,34,0,51,20,0
1169,6,51956,3306,24.0,0,1129,0,60,20,0
926,6,58814,8080,17.0,0,886,0,56,20,0
420,17,4787,53,0.0,0,442,0,128,20,0
1245,6,35359,8443,16.0,0,1205,0,119,20,0
54,6,44209,443,24.0,0,14,0,120,20,0
416,6,63742,22,2.0,0,376,0,60,20,0
181,6,9001,8080,16.0,0,141,0,128,20,0
1484,6,25773,3306,24.0,0,1444,0,255,20,0
184,6,17049,22,24.0,0,144,0,64,20,0
114,6,55398,22,24.0,0,74,0,128,20,0
392,17,52104,53,0.0,0,255,0,128,20,0
1038,6,11488,8443,16.0,0,998,0,128,20,0
36,1,0,0,0.0,8,9,0,5,20,1
36,1,0,0,0.0,8,31,0,14,20,1
206,17,47721,53,0.0,0,100,0,64,20,0
148,6,22708,8443,16.0,0,108,0,64,20,0
186,6,23576,5432,0.0,0,146,0,60,20,0
134,6,15748,80,0.18,0,94,0,57,20,0
58,6,44432,80,2.0,0,0,0,14,20,1
66,6,14823,443,16.0,0,26,0,58,20,0
377,17,36150,53,0.0,0,450,0,128,20,0
49,6,12055,80,2.0,0,0,0,18,20,1
66,6,40044,22,24.0,0,26,0,128,20,0
1283,17,26728,261,0.0,0,1179,0,6,20,1
114,6,3292,22,16.0,0,74,0,64,20,0
66,6,40707,443,16.0,0,26,0,52,20,0
258,6,12818,22,16.0,0,218,0,128,20,0
355,17,31388,53,0.0,0,317,0,64,20,0
1173,6,39391,8443,2.0,0,1133,0,118,20,0
54,6,6214,443,17.0,0,14,0,57,20,0
188,17,52035,53,0.0,0,53,0,64,20,0
74,6,41566,443,16.0,0,34,0,49,20,0
74,6,28610,443,16.0,0,34,0,64,20,0
110,6,22391,8080,17.0,0,70,0,56,20,0
184,6,7958,22,24.0,0,144,0,64,20,0
258,6,62063,22,16.0,0,218,0,128,20,0
340,17,51293,53,0.0,0,454,0,64,20,0
162,17,53097,53,0.0,0,199,0,64,20,0
184,6,51904,22,16.0,0,144,0,128,20,0
152,6,22188,8000,16.0,0,112,0,128,20,0
1075,6,61683,3306,2.0,0,1035,0,56,20,0
1073,6,27049,443,16.0,0,1033,0,52,20,0
848,17,4687,22,16.0,0,808,0,64,20,0
1265,6,35525,3306,17.0,0,1225,0,56,20,0
94,6,47047,8080,0.18,0,54,0,255,20,0
66,6,51529,443,2.0,0,26,0,49,20,0
51,6,38221,35588,2.0,0,0,0,64,20,1
99,6,22539,80,16.0,0,59,0,58,20,0
150,6,54533,8000,16.0,0,110,0,128,20,0
1298,17,24905,213,0.0,0,1320,1,5,20,1
184,6,52793,22,16.0,0,144,0,128,20,0
74,6,7557,8443,24.0,0,34,0,118,20,0
960,6,44006,8443,16.0,0,920,0,51,20,0
162,6,64844,22,16.0,0,122,0,128,20,0
799,1,46272,8080,16.0,0,759,0,128,20,0
42,6,26062,4543,2.0,0,0,0,64,20,1
258,6,18734,22,16.0,0,218,0,128,20,0
506,6,46140,22,2.0,0,466,0,255,20,0
293,17,1859,53,0.0,0,339,0,128,20,0
91,6,60080,8080,17.0,0,51,0,64,20,0
503,17,25063,53,0.0,0,115,0,64,20,0
1313,6,40542,443,16.0,0,1273,0,64,20,0
1394,6,37235,3306,0.0,0,1354,0,64,20,0
144,17,19783,53,0.0,0,126,0,128,20,0
46,6,22701,21594,2.0,0,0,0,64,20,1
66,6,48785,443,16.0,0,26,0,118,20,0
299,6,33176,443,16.0,0,259,0,117,20,0
59,6,64660,56614,2.0,0,0,0,64,20,1
387,17,55698,53,0.0,0,452,0,128,20,0
130,6,59272,22,16.0,0,90,0,128,20,0
556,6,22253,3306,16.0,0,516,0,255,20,0
54,6,1794,12776,2.0,0,0,0,64,20,1
66,6,56206,8443,16.0,0,26,0,60,20,0
42,6,59976,80,2.0,0,0,0,10,20,1
1276,6,17556,443,16.0,0,1236,0,49,20,0
66,6,48038,8443,16.0,0,26,0,119,20,0
184,6,46305,22,24.0,0,144,0,64,20,0
54,6,31278,8443,16.0,0,14,0,119,20,0
90,6,12117,22,16.0,0,50,0,64,20,0
1268,6,44505,443,24.0,0,1228,0,120,20,0
66,6,45288,443,24.0,0,26,0,56,20,0
1296,6,21924,443,24.0,0,1256,0,56,20,0
130,6,23966,22,24.0,0,90,0,128,20,0
226,6,33160,8080,0.0,0,186,0,64,20,0
925,17,13894,22,2.0,0,885,0,64,20,0
1301,6,23481,8000,16.0,0,1261,0,56,20,0
546,6,57906,80,24.0,0,506,0,64,20,0
544,17,34788,5432,17.0,0,504,0,128,20,0
1378,17,1879,3306,17.0,0,1338,0,64,20,0
355,17,42612,53,0.0,0,153,0,64,20,0
258,6,48446,22,16.0,0,218,0,128,20,0
525,6,4376,8000,2.0,0,485,0,56,20,0
210,6,56758,443,2.0,0,170,0,56,20,0
1281,6,46838,22,24.0,0,1241,0,64,20,0
66,6,42828,8443,16.0,0,26,0,55,20,0
96,1,0,0,0.0,8,2,0,4,20,1
137,6,2229,8000,16.0,0,97,0,255,20,0
604,17,43241,22,24.0,0,564,0,255,20,0
162,6,29465,22,16.0,0,122,0,64,20,0
232,17,43876,53,0.0,0,176,0,128,20,0
66,6,3732,443,24.0,0,26,0,119,20,0
267,6,34029,8443,16.0,0,227,0,115,20,0
74,6,21269,443,24.0,0,34,0,60,20,0
939,6,24742,8443,17.0,0,899,0,58,20,0
54,6,29984,443,16.0,0,14,0,119,20,0
167,17,25065,53,0.0,0,138,0,64,20,0
59,6,30338,17546,2.0,0,0,0,64,20,1
153,6,37116,8000,17.0,0,113,0,56,20,0
160,6,42538,80,17.0,0,120,0,56,20,0
1127,6,25503,3306,24.0,0,1087,0,64,20,0
1475,17,30387,5432,17.0,0,1435,0,60,20,0
1052,6,58107,80,17.0,0,1012,0,64,20,0
1280,6,45141,5432,17.0,0,1240,0,128,20,0
54,6,58289,443,16.0,0,14,0,58,20,0
312,17,27319,53,0.0,0,206,0,64,20,0
66,6,29780,443,16.0,0,26,0,119,20,0
162,6,60688,22,24.0,0,122,0,128,20,0
1048,17,26628,256,0.0,0,1387,1,7,20,1
41,6,61173,80,2.0,0,0,0,16,20,1
265,17,45229,53,0.0,0,76,0,128,20,0
66,6,46454,8443,24.0,0,26,0,120,20,0
1423,17,1421,810,0.0,0,1007,0,4,20,1
446,6,45061,3306,0.0,0,406,0,64,20,0
90,6,12173,22,16.0,0,50,0,128,20,0
54,6,18677,443,17.0,0,14,0,54,20,0
262,6,32430,443,16.0,0,222,0,119,20,0
69,17,1809,53,0.0,0,244,0,128,20,0
90,6,63870,22,24.0,0,50,0,128,20,0
66,6,34793,443,24.0,0,26,0,51,20,0
258,6,59915,22,24.0,0,218,0,128,20,0
240,6,45977,443,2.0,0,200,0,119,20,0
65,6,46561,8000,0.18,0,25,0,58,20,0
636,6,39210,80,16.0,0,596,0,255,20,0
1067,6,26176,80,2.0,0,1027,0,64,20,0
76,17,36680,5432,24.0,0,36,0,56,20,0
162,6,25006,22,24.0,0,122,0,128,20,0
66,6,9331,443,16.0,0,26,0,128,20,0
131,17,21841,53,0.0,0,278,0,128,20,0
40,6,40016,80,2.0,0,0,0,23,20,1
312,17,4228,53,0.0,0,144,0,64,20,0
66,6,36155,443,24.0,0,26,0,57,20,0
74,6,4431,443,18.0,0,34,0,52,20,0
62,1,0,0,0.0,8,18,0,16,20,1
1196,6,61228,8443,16.0,0,1156,0,117,20,0
920,6,18741,80,0.0,0,880,0,64,20,0
155,17,35082,53,0.0,0,120,0,64,20,0
163,17,36771,53,0.0,0,264,0,64,20,0
867,6,58775,8080,17.0,0,827,0,58,20,0
66,6,21977,443,24.0,0,26,0,64,20,0
507,17,28889,53,0.0,0,416,0,64,20,0
1034,17,26144,561,0.0,0,1026,1,9,20,1
66,6,17716,8443,17.0,0,26,0,52,20,0
1401,17,34108,796,0.0,0,1336,1,2,20,1
66,6,31795,8443,18.0,0,26,0,58,20,0
1321,17,61696,154,0.0,0,1140,0,5,20,1
52,6,32448,18930,2.0,0,0,0,64,20,1
258,6,43545,22,16.0,0,218,0,64,20,0
435,17,2259,53,0.0,0,339,0,64,20,0
66,6,11307,443,16.0,0,26,0,54,20,0
184,6,29719,22,24.0,0,144,0,128,20,0
53,6,12935,80,2.0,0,0,0,21,20,1
54,6,25526,8443,16.0,0,14,0,52,20,0
50,6,20677,80,2.0,0,0,0,1,20,1
886,6,47050,53,2.0,0,846,0,128,20,0
280,17,34015,53,0.0,0,293,0,128,20,0
827,6,58147,8080,0.18,0,787,0,56,20,0
162,6,53925,22,24.0,0,122,0,128,20,0
578,6,12028,80,17.0,0,538,0,255,20,0
293,17,56376,53,0.0,0,110,0,128,20,0
58,6,13295,80,2.0,0,0,0,19,20,1
1324,17,19545,22,17.0,0,1284,0,64,20,0
90,6,14557,22,16.0,0,50,0,128,20,0
1087,17,57716,53,16.0,0,1047,0,60,20,0
123,6,36531,443,24.0,0,83,0,255,20,0
74,6,49281,443,16.0,0,34,0,54,20,0
1261,6,65069,443,24.0,0,1221,0,255,20,0
1240,6,51999,8443,17.0,0,1200,0,54,20,0
1472,6,17364,80,17.0,0,1432,0,255,20,0
1022,6,41894,8443,2.0,0,982,0,118,20,0
249,6,21861,8443,18.0,0,209,0,60,20,0
172,6,53630,443,2.0,0,132,0,117,20,0
1000,17,43626,376,0.0,0,1428,1,9,20,1
107,6,14215,8080,2.0,0,67,0,64,20,0
134,6,57126,8000,0.18,0,94,0,57,20,0
223,17,31765,53,0.0,0,152,0,128,20,0
88,6,11814,80,0.0,0,48,0,255,20,0
651,17,61613,8080,16.0,0,611,0,56,20,0
154,6,23242,8080,0.18,0,114,0,57,20,0
45,6,5333,6095,2.0,0,0,0,64,20,1
852,6,51766,443,16.0,0,812,0,58,20,0
54,6,50750,80,2.0,0,0,0,5,20,1
348,6,8063,22,2.0,0,308,0,128,20,0
129,6,4370,8000,17.0,0,89,0,128,20,0
872,6,17583,8443,16.0,0,832,0,54,20,0
1306,6,21416,443,16.0,0,1266,0,64,20,0
1495,6,49661,443,24.0,0,1455,0,255,20,0
1021,17,62151,128,0.0,0,1054,1,9,20,1
90,6,17209,22,24.0,0,50,0,64,20,0
50,6,7694,80,2.0,0,0,0,20,20,1
107,6,25114,443,24.0,0,67,0,58,20,0
278,17,7649,53,17.0,0,238,0,60,20,0
279,17,37620,443,2.0,0,239,0,60,20,0
46,6,2770,49681,2.0,0,0,0,64,20,1
503,6,29315,80,16.0,0,463,0,255,20,0
638,6,7905,8000,2.0,0,598,0,128,20,0
42,6,57834,80,2.0,0,0,0,6,20,1
348,6,60241,8080,0.18,0,308,0,56,20,0
1112,17,27838,1015,0.0,0,1000,0,6,20,1
192,6,57474,8000,2.0,0,152,0,255,20,0
114,6,58076,80,0.18,0,74,0,64,20,0
1163,6,13185,3306,17.0,0,1123,0,60,20,0
1118,17,50463,80,24.0,0,1078,0,60,20,0
361,6,6314,80,0.18,0,321,0,128,20,0
165,6,21088,8000,0.18,0,125,0,57,20,0
114,6,45470,22,24.0,0,74,0,128,20,0
114,6,28103,22,16.0,0,74,0,128,20,0
66,6,42904,22,16.0,0,26,0,64,20,0
90,6,56745,22,16.0,0,50,0,128,20,0
66,6,2698,8443,16.0,0,26,0,128,20,0
66,6,43012,22,16.0,0,26,0,64,20,0
184,6,14608,22,16.0,0,144,0,128,20,0
75,1,0,0,0.0,8,52,0,17,20,1
65,1,0,0,0.0,8,41,0,5,20,1
239,6,8954,3306,17.0,0,199,0,64,20,0
54,6,54508,443,16.0,0,14,0,51,20,0
625,17,25389,53,16.0,0,585,0,60,20,0
1243,17,32661,51,0.0,0,1100,1,9,20,1
66,6,36362,22,24.0,0,26,0,128,20,0
54,6,1399,443,2.0,0,14,0,52,20,0
1018,17,54790,435,0.0,0,1193,1,1,20,1
937,6,63429,80,2.0,0,897,0,60,20,0
121,17,43806,53,0.0,0,202,0,128,20,0
56,6,50933,21101,2.0,0,0,0,64,20,1
1268,6,55538,5432,24.0,0,1228,0,255,20,0
57,6,9698,49257,2.0,0,0,0,64,20,1
48,6,2548,55546,2.0,0,0,0,64,20,1
935,17,31772,3306,2.0,0,895,0,56,20,0
53,6,55547,80,2.0,0,0,0,13,20,1
789,6,7629,22,2.0,0,749,0,64,20,0
66,6,32860,443,17.0,0,26,0,120,20,0
258,6,49138,22,16.0,0,218,0,64,20,0
1234,17,51058,705,0.0,0,1246,1,9,20,1
66,6,35060,443,2.0,0,26,0,52,20,0
66,6,6784,22,24.0,0,26,0,128,20,0
128,6,14602,8080,2.0,0,88,0,57,20,0
1107,6,55261,5432,24.0,0,1067,0,56,20,0
1443,6,37128,80,17.0,0,1403,0,255,20,0
152,6,2339,80,2.0,0,112,0,58,20,0
162,6,28642,22,16.0,0,122,0,128,20,0
202,6,11021,8080,24.0,0,162,0,60,20,0
74,6,15650,8443,17.0,0,34,0,52,20,0
1403,6,15298,443,17.0,0,1363,0,56,20,0
59,6,19613,80,16.0,0,19,0,60,20,0
746,6,61250,443,24.0,0,706,0,56,20,0
66,6,24047,8443,17.0,0,26,0,57,20,0
687,17,5086,22,0.0,0,647,0,60,20,0
114,6,53157,22,24.0,0,74,0,64,20,0
315,6,29994,443,17.0,0,275,0,255,20,0
122,6,18055,22,0.0,0,82,0,60,20,0
54,6,61787,443,16.0,0,14,0,58,20,0
1501,6,9091,3306,16.0,0,1460,0,60,20,0
74,6,18953,443,16.0,0,34,0,57,20,0
184,6,22569,22,16.0,0,144,0,64,20,0
74,6,18221,8443,18.0,0,34,0,51,20,0
477,6,38915,3306,0.0,0,437,0,56,20,0
66,6,4421,22,24.0,0,26,0,128,20,0
167,6,9555,443,17.0,0,127,0,118,20,0
230,6,16601,443,24.0,0,190,0,54,20,0
54,6,4419,443,16.0,0,14,0,118,20,0
56,6,29682,80,2.0,0,0,0,22,20,1
57,6,60030,80,2.0,0,0,0,19,20,1
306,17,24007,53,0.0,0,320,0,128,20,0
511,17,61269,53,0.0,0,150,0,64,20,0
1146,6,29732,22,2.0,0,1106,0,64,20,0
1260,6,46607,53,24.0,0,1220,0,64,20,0
262,6,50933,8443,17.0,0,222,0,54,20,0
167,6,42729,80,17.0,0,127,0,255,20,0
88,6,44809,8443,18.0,0,48,0,49,20,0
101,17,14659,53,0.0,0,323,0,64,20,0
570,17,37467,3306,2.0,0,530,0,64,20,0
375,6,40253,5432,0.0,0,335,0,128,20,0
82,17,8553,53,0.0,0,68,0,128,20,0
69,17,22269,53,0.0,0,342,0,128,20,0
392,17,16728,53,0.0,0,82,0,128,20,0
408,17,30192,53,24.0,0,368,0,60,20,0
1109,17,56460,5432,24.0,0,1069,0,60,20,0
74,6,28742,8443,24.0,0,34,0,128,20,0
258,6,43066,22,24.0,0,218,0,128,20,0
54,6,61117,443,17.0,0,14,0,120,20,0
1217,6,11128,5432,0.0,0,1177,0,60,20,0
1512,6,8078,443,16.0,0,1460,0,60,20,0
357,17,16478,53,0.0,0,225,0,64,20,0
56,6,37649,53894,2.0,0,0,0,64,20,1
184,6,4138,22,24.0,0,144,0,64,20,0
74,6,24877,443,24.0,0,34,0,54,20,0
1267,6,47918,8000,2.0,0,1227,0,56,20,0
202,17,17017,53,0.0,0,345,0,128,20,0
82,1,0,0,0.0,8,44,0,18,20,1
253,6,6346,22,2.0,0,213,0,255,20,0
1470,17,31368,912,0.0,0,1336,0,2,20,1
162,6,62483,22,24.0,0,122,0,128,20,0
388,17,19547,53,0.0,0,288,0,128,20,0
1050,17,52048,443,16.0,0,1010,0,128,20,0
567,6,14753,80,2.0,0,527,0,255,20,0
271,6,25686,8443,18.0,0,231,0,51,20,0
91,6,3020,443,24.0,0,51,0,120,20,0
1013,6,2932,22,24.0,0,973,0,64,20,0
162,6,26505,22,24.0,0,122,0,64,20,0
903,6,5161,443,18.0,0,863,0,64,20,0
563,6,27672,80,17.0,0,523,0,57,20,0
1246,17,9220,119,0.0,0,1046,1,3,20,1
277,17,28278,443,16.0,0,237,0,255,20,0
162,6,13697,22,16.0,0,122,0,128,20,0
868,6,61638,443,24.0,0,828,0,57,20,0
140,17,51558,53,0.0,0,302,0,64,20,0
40,6,39351,51714,2.0,0,0,0,64,20,1
804,6,58577,8000,0.18,0,764,0,56,20,0
305,17,41345,53,0.0,0,94,0,64,20,0
74,6,35444,443,2.0,0,34,0,54,20,0
1235,17,35896,22,24.0,0,1195,0,60,20,0
1503,6,54658,8443,24.0,0,1460,0,60,20,0
671,6,58098,22,16.0,0,631,0,56,20,0
1430,6,21978,3306,2.0,0,1390,0,255,20,0
186,6,51681,80,17.0,0,146,0,128,20,0
892,6,34054,443,16.0,0,852,0,49,20,0
56,6,53717,80,2.0,0,0,0,14,20,1
618,6,20556,22,24.0,0,578,0,128,20,0
50,6,3773,3559,2.0,0,0,0,64,20,1
1204,6,57349,8000,0.18,0,1164,0,64,20,0
1283,6,38336,22,0.0,0,1243,0,128,20,0
258,6,33578,22,16.0,0,218,0,64,20,0
42,6,54281,80,2.0,0,0,0,14,20,1
816,6,3800,443,24.0,0,776,0,56,20,0
463,17,41158,53,0.0,0,120,0,64,20,0
999,6,13426,80,2.0,0,959,0,57,20,0
74,6,24121,443,16.0,0,34,0,49,20,0
258,6,56373,22,24.0,0,218,0,64,20,0
55,6,58872,248,2.0,0,0,0,64,20,1
184,17,23707,53,0.0,0,249,0,64,20,0
362,17,3356,53,0.0,0,402,0,128,20,0
45,6,48857,8080,16.0,0,5,0,56,20,0
190,6,14738,8000,0.18,0,150,0,255,20,0
1180,6,16498,8443,16.0,0,1140,0,64,20,0
43,6,7659,48298,2.0,0,0,0,64,20,1
85,1,0,0,0.0,8,34,0,2,20,1
110,6,24121,8080,0.18,0,70,0,128,20,0
115,17,43750,53,0.0,0,189,0,128,20,0
110,17,23694,53,0.0,0,436,0,128,20,0
74,6,15040,443,16.0,0,34,0,54,20,0
184,6,14032,22,16.0,0,144,0,64,20,0
54,6,39469,8443,18.0,0,14,0,57,20,0
74,6,58847,8443,16.0,0,34,0,115,20,0
53,6,10591,27918,2.0,0,0,0,64,20,1
1349,1,50862,3306,17.0,0,1309,1,128,20,0
65,6,52135,8080,24.0,0,25,0,60,20,0
49,6,19938,23715,2.0,0,0,0,64,20,1
447,17,60111,53,0.0,0,462,0,64,20,0
74,6,21829,443,24.0,0,34,0,119,20,0
470,17,17723,53,0.0,0,299,0,64,20,0
74,6,36549,8443,18.0,0,34,0,54,20,0
258,6,5871,22,16.0,0,218,0,64,20,0
1079,6,64658,8000,17.0,0,1039,0,64,20,0
171,6,61750,8443,18.0,0,131,0,118,20,0
1039,6,4615,53,2.0,0,999,0,60,20,0
66,6,18198,443,16.0,0,26,0,57,20,0
616,6,3721,22,24.0,0,576,0,60,20,0
1134,6,12245,443,16.0,0,1094,0,54,20,0
70,6,53609,8080,2.0,0,30,0,56,20,0
66,6,50369,8443,17.0,0,26,0,119,20,0
1084,6,41104,443,0.0,0,1044,0,255,20,0
258,6,9151,22,24.0,0,218,0,128,20,0
1173,17,45149,80,2.0,0,1133,0,56,20,0
66,6,3086,8443,2.0,0,26,0,54,20,0
1150,17,63044,248,0.0,0,1066,0,5,20,1
964,6,4206,8000,16.0,0,924,0,64,20,0
181,6,22426,8080,0.0,0,141,0,56,20,0
82,1,0,0,0.0,8,25,0,4,20,1
1110,6,46989,5432,24.0,0,1070,0,128,20,0
266,6,57615,53,17.0,0,226,0,64,20,0
746,6,9887,8000,0.18,0,706,0,57,20,0
1112,6,41894,3306,17.0,0,1072,0,60,20,0
54,6,16071,443,18.0,0,14,0,49,20,0
1041,17,50505,515,0.0,0,1337,1,1,20,1
511,17,4552,53,0.0,0,420,0,64,20,0
178,6,33927,8080,2.0,0,138,0,255,20,0
66,6,41605,443,24.0,0,26,0,115,20,0
1397,17,63644,685,0.0,0,971,0,4,20,1
572,6,10837,443,24.0,0,532,0,56,20,0
1030,6,55994,8443,18.0,0,990,0,119,20,0
43,6,55745,12936,2.0,0,0,0,64,20,1
119,17,28170,53,0.0,0,196,0,128,20,0
1159,17,39020,662,0.0,0,1447,0,5,20,1
1014,6,30643,80,2.0,0,974,0,64,20,0
1299,6,5392,443,2.0,0,1259,0,117,20,0
184,6,10741,22,16.0,0,144,0,128,20,0
1292,6,17018,443,16.0,0,1252,0,51,20,0
74,6,51102,8443,16.0,0,34,0,51,20,0
128,6,5264,8000,17.0,0,88,0,57,20,0
148,6,1208,8000,17.0,0,108,0,64,20,0
233,6,26147,80,16.0,0,193,0,128,20,0
74,6,28891,443,16.0,0,34,0,60,20,0
96,6,12095,80,0.18,0,56,0,128,20,0
258,6,11407,22,16.0,0,218,0,128,20,0
1451,6,24102,8080,2.0,0,1411,0,255,20,0
51,6,30483,46807,2.0,0,0,0,64,20,1
74,6,5343,8443,18.0,0,34,0,128,20,0
46,6,5929,80,2.0,0,0,0,4,20,1
495,17,22869,53,0.0,0,78,0,128,20,0
54,6,21974,8443,16.0,0,14,0,57,20,0
231,6,23638,8443,16.0,0,191,0,64,20,0
130,6,26358,22,16.0,0,90,0,64,20,0
1310,6,26522,443,2.0,0,1270,0,60,20,0
54,6,11398,8443,24.0,0,14,0,52,20,0
74,6,17733,8443,16.0,0,34,0,49,20,0
59,1,0,0,0.0,8,10,0,9,20,1
258,6,37699,22,24.0,0,218,0,128,20,0
1439,6,36539,80,16.0,0,1399,0,64,20,0
386,17,30601,53,0.0,0,405,0,64,20,0
54,6,22091,443,16.0,0,14,0,56,20,0
51,6,46555,80,2.0,0,0,0,21,20,1
66,6,53756,22,24.0,0,26,0,64,20,0
295,6,7301,80,0.0,0,255,0,128,20,0
133,17,22299,22,0.0,0,93,0,128,20,0
74,6,2031,443,16.0,0,34,0,115,20,0
90,6,22107,22,16.0,0,50,0,128,20,0
75,1,0,0,0.0,8,20,0,18,20,1
41,6,23730,80,2.0,0,0,0,23,20,1
74,6,48380,8443,16.0,0,34,0,119,20,0
90,6,61151,22,16.0,0,50,0,64,20,0
188,17,38092,443,0.0,0,148,0,60,20,0
604,6,35185,53,16.0,0,564,0,64,20,0
672,6,43705,8000,2.0,0,632,0,255,20,0
1504,6,25800,8080,16.0,0,1460,0,255,20,0
705,6,56953,8000,16.0,0,665,0,56,20,0
682,6,40838,443,2.0,0,642,0,64,20,0
1008,6,30701,8080,16.0,0,968,0,58,20,0
130,6,53604,22,16.0,0,90,0,64,20,0
182,17,38238,53,0.0,0,363,0,64,20,0
74,6,21643,8443,24.0,0,34,0,120,20,0
66,6,51082,22,24.0,0,26,0,64,20,0
54,6,16785,443,18.0,0,14,0,64,20,0
1015,6,1139,8080,0.18,0,975,0,56,20,0
130,6,20812,22,16.0,0,90,0,128,20,0
149,6,18820,443,16.0,0,109,0,57,20,0
141,6,5910,443,16.0,0,101,0,128,20,0
54,6,6610,8443,2.0,0,14,0,55,20,0
74,6,17548,443,24.0,0,34,0,51,20,0
288,17,39037,3306,0.0,0,248,0,56,20,0
42,6,47975,49545,2.0,0,0,0,64,20,1
118,6,12805,8443,24.0,0,78,0,57,20,0
40,6,2329,43270,2.0,0,0,0,64,20,1
841,6,57420,8443,2.0,0,801,0,60,20,0
1486,17,1896,9,0.0,0,1245,0,8,20,1
54,6,9971,443,16.0,0,14,0,55,20,0
480,17,48394,53,0.0,0,265,0,128,20,0
296,6,64666,8080,0.18,0,256,0,128,20,0
114,6,61557,22,24.0,0,74,0,64,20,0
1104,6,35832,8443,17.0,0,1064,0,118,20,0
949,6,12132,8080,17.0,0,909,0,64,20,0
283,17,39821,80,17.0,0,243,0,128,20,0
66,6,39352,8443,24.0,0,26,0,52,20,0
258,6,42406,22,24.0,0,218,0,64,20,0
199,6,41541,8080,0.18,0,159,0,128,20,0
390,17,55457,53,0.0,0,349,0,64,20,0
54,6,6271,443,18.0,0,14,0,51,20,0
66,6,28901,8443,2.0,0,26,0,117,20,0
497,1,40043,8080,24.0,0,457,0,64,20,0
116,6,32176,8080,17.0,0,76,0,64,20,0
117,17,14412,53,0.0,0,168,0,64,20,0
505,6,10163,443,24.0,0,465,0,56,20,0
586,6,39451,443,16.0,0,546,0,64,20,0
1457,6,58217,3306,16.0,0,1417,0,64,20,0
101,6,31986,443,17.0,0,61,0,51,20,0
452,17,14606,53,0.0,0,112,0,128,20,0
307,17,28401,53,0.0,0,172,0,128,20,0
258,6,12659,22,16.0,0,218,0,128,20,0
114,6,5130,22,24.0,0,74,0,128,20,0
1259,17,21281,320,0.0,0,1268,1,1,20,1
44,6,24831,80,2.0,0,0,0,2,20,1
1301,6,38357,443,16.0,0,1261,0,56,20,0
114,6,45071,22,24.0,0,74,0,128,20,0
613,6,24620,80,2.0,0,573,0,56,20,0
74,6,30467,443,17.0,0,34,0,128,20,0
1044,17,35571,80,16.0,0,1004,0,255,20,0
116,6,52687,8000,17.0,0,76,0,56,20,0
293,6,1239,443,16.0,0,253,0,52,20,0
66,6,26907,8443,18.0,0,26,0,64,20,0
1042,6,21109,8443,18.0,0,1002,0,128,20,0
50,6,14971,80,2.0,0,0,0,24,20,1
1430,17,31268,80,0.0,0,1390,0,128,20,0
90,6,14079,22,16.0,0,50,0,128,20,0
349,6,31472,8000,17.0,0,309,0,255,20,0
184,6,57690,22,24.0,0,144,0,64,20,0
66,6,3508,22,16.0,0,26,0,64,20,0
210,6,27981,443,2.0,0,170,0,120,20,0
649,6,8004,8080,0.0,0,609,0,56,20,0
212,17,13859,53,0.0,0,191,0,64,20,0
1223,6,62922,5432,16.0,0,1183,0,128,20,0
74,6,45683,8443,16.0,0,34,0,64,20,0
1108,6,59909,8443,24.0,0,1068,0,120,20,0
74,6,16598,8443,18.0,0,34,0,120,20,0
491,17,22917,80,2.0,0,451,0,255,20,0
48,1,0,0,0.0,8,34,0,9,20,1
114,6,25678,22,24.0,0,74,0,64,20,0
74,6,15332,443,16.0,0,34,0,117,20,0
132,6,56456,443,16.0,0,92,0,117,20,0
38,1,0,0,0.0,8,8,0,9,20,1
1062,6,46836,80,16.0,0,1022,0,64,20,0
54,6,3803,443,18.0,0,14,0,51,20,0
182,6,42839,80,0.18,0,142,0,58,20,0
66,6,44652,8443,16.0,0,26,0,119,20,0
46,6,40481,40728,2.0,0,0,0,64,20,1
688,6,47527,22,2.0,0,648,0,64,20,0
272,17,23763,53,0.0,0,136,0,128,20,0
43,6,11194,53,17.0,0,3,0,64,20,0
184,6,42365,22,16.0,0,144,0,64,20,0
66,6,7643,22,16.0,0,26,0,64,20,0
43,6,18619,54508,2.0,0,0,0,64,20,1
1284,6,34211,5432,17.0,0,1244,0,56,20,0
462,6,52631,22,0.0,0,422,0,60,20,0
885,17,42788,3306,17.0,0,845,0,64,20,0
51,6,48322,80,2.0,0,0,0,9,20,1
266,6,4264,443,16.0,0,226,0,119,20,0
162,6,11764,22,24.0,0,122,0,128,20,0
76,1,0,0,0.0,8,19,0,12,20,1
1412,17,26828,80,16.0,0,1372,0,56,20,0
258,6,28304,22,16.0,0,218,0,64,20,0
305,1,25853,443,17.0,0,265,0,128,20,0
114,6,31595,22,16.0,0,74,0,64,20,0
502,6,22451,3306,17.0,0,462,0,128,20,0
54,6,12727,8443,16.0,0,14,0,117,20,0
162,6,20127,22,24.0,0,122,0,64,20,0
258,6,30313,22,16.0,0,218,0,128,20,0
66,6,48389,443,17.0,0,26,0,120,20,0
43,6,42742,80,2.0,0,0,0,19,20,1
629,6,19827,443,16.0,0,589,0,60,20,0
45,6,24082,50813,2.0,0,0,0,64,20,1
49,6,50166,80,2.0,0,0,0,14,20,1
74,6,13744,8443,2.0,0,34,0,120,20,0
1513,6,28331,443,2.0,0,1460,0,60,20,0
98,17,23101,53,0.0,0,211,0,64,20,0
384,17,27951,53,0.0,0,313,0,128,20,0
939,6,11739,8080,16.0,0,899,0,255,20,0
54,6,59885,443,16.0,0,14,0,60,20,0
1377,6,38289,80,17.0,0,1337,0,64,20,0
1000,6,62832,5432,0.0,0,960,0,56,20,0
284,6,24158,443,24.0,0,244,0,255,20,0
40,6,30049,80,2.0,0,0,0,12,20,1
1366,6,44232,8080,0.18,0,1326,0,57,20,0
217,17,28016,53,0.0,0,145,0,64,20,0
74,6,1716,443,24.0,0,34,0,117,20,0
1186,6,55558,8080,0.0,0,1146,0,128,20,0
66,6,27695,443,16.0,0,26,0,117,20,0
1055,6,37718,8080,0.18,0,1015,0,56,20,0
1513,6,16814,8443,24.0,0,1460,0,52,20,0
79,6,42137,80,0.0,0,39,0,255,20,0
130,6,13483,22,16.0,0,90,0,128,20,0
513,6,31223,53,16.0,0,473,0,60,20,0
410,17,54575,53,0.0,0,324,0,64,20,0
174,6,10285,8080,16.0,0,134,0,64,20,0
999,6,15702,443,16.0,0,959,0,57,20,0
976,6,36733,443,16.0,0,936,0,119,20,0
78,6,56834,8000,2.0,0,38,0,56,20,0
74,6,20089,443,16.0,0,34,0,51,20,0
258,6,19986,22,24.0,0,218,0,64,20,0
1107,6,39608,8080,0.18,0,1067,0,128,20,0
1096,6,50579,53,16.0,0,1056,0,128,20,0
761,6,34712,8080,2.0,0,721,0,56,20,0
66,6,17208,443,24.0,0,26,0,120,20,0
54,6,39021,8443,24.0,0,14,0,58,20,0
66,6,24858,443,17.0,0,26,0,49,20,0
172,6,63416,443,18.0,0,132,0,128,20,0
548,17,58998,22,0.0,0,508,0,60,20,0
486,17,46846,53,0.0,0,316,0,128,20,0
319,17,42644,53,0.0,0,244,0,128,20,0
92,1,18263,5432,17.0,0,52,0,64,20,0
113,6,55010,80,0.18,0,73,0,128,20,0
494,17,46376,53,0.0,0,183,0,128,20,0
74,6,44137,443,2.0,0,34,0,49,20,0
257,17,25344,53,0.0,0,124,0,128,20,0
258,6,32344,22,24.0,0,218,0,64,20,0
87,6,8721,443,16.0,0,47,0,57,20,0
90,6,29830,8443,16.0,0,50,0,64,20,0
45,6,39004,80,2.0,0,0,0,26,20,1
114,6,22129,22,24.0,0,74,0,128,20,0
90,6,63436,22,24.0,0,50,0,64,20,0
357,17,20968,53,0.0,0,395,0,128,20,0
192,6,54372,8443,18.0,0,152,0,58,20,0
74,6,34337,443,17.0,0,34,0,57,20,0
564,6,18945,80,0.0,0,524,0,56,20,0
1265,6,4670,8080,16.0,0,1225,0,56,20,0
55,1,0,0,0.0,8,29,0,4,20,1
1049,6,36713,5432,0.0,0,1009,0,255,20,0
418,6,6373,8080,16.0,0,378,0,128,20,0
78,6,34148,8080,2.0,0,38,0,128,20,0
155,17,41944,53,0.0,0,320,0,128,20,0
66,6,43567,443,24.0,0,26,0,120,20,0
66,6,2539,8443,16.0,0,26,0,54,20,0
57,1,0,0,0.0,8,2,0,5,20,1
884,6,17099,8443,16.0,0,844,0,117,20,0
398,17,57672,22,0.0,0,358,0,56,20,0
52,1,0,0,0.0,8,36,0,15,20,1
1330,6,49763,5432,17.0,0,1290,0,60,20,0
916,6,9400,80,24.0,0,876,0,64,20,0
1486,6,44051,53,0.0,0,1446,0,255,20,0
58,6,62657,80,2.0,0,18,0,57,20,0
1006,6,49494,3306,17.0,0,966,0,128,20,0
66,6,11809,443,2.0,0,26,0,51,20,0
55,6,23976,38585,2.0,0,0,0,64,20,1
937,6,7154,8443,17.0,0,897,0,119,20,0
1160,6,32836,8080,17.0,0,1120,0,128,20,0
55,6,30759,80,2.0,0,0,0,10,20,1
54,6,64052,443,17.0,0,14,0,49,20,0
101,17,2257,53,0.0,0,360,0,64,20,0
108,6,47083,8000,16.0,0,68,0,56,20,0
1289,6,3250,8080,0.18,0,1249,0,56,20,0
130,6,16867,22,16.0,0,90,0,64,20,0
874,6,54799,443,18.0,0,834,0,60,20,0
1204,6,60627,443,2.0,0,1164,0,120,20,0
132,17,55369,53,0.0,0,56,0,128,20,0
1273,6,51420,8080,16.0,0,1233,0,64,20,0
176,6,59219,80,2.0,0,136,0,57,20,0
1415,17,7883,433,0.0,0,1040,0,1,20,1
166,6,20930,8080,0.18,0,126,0,58,20,0
350,6,22493,443,17.0,0,310,0,64,20,0
389,6,47168,3306,2.0,0,349,0,60,20,0
848,6,31002,443,16.0,0,808,0,64,20,0
124,6,27977,80,2.0,0,84,0,255,20,0
74,6,4746,443,16.0,0,34,0,64,20,0
162,6,63224,22,16.0,0,122,0,128,20,0
925,6,20245,53,24.0,0,885,0,128,20,0
987,6,19646,8080,24.0,0,947,0,255,20,0
369,17,37202,8080,16.0,0,329,1,255,20,0
714,1,9718,443,17.0,0,674,0,60,20,0
1422,6,5851,8443,16.0,0,1382,0,115,20,0
90,6,58846,22,24.0,0,50,0,128,20,0
265,17,51826,53,0.0,0,180,0,64,20,0
87,6,23511,8080,17.0,0,47,0,64,20,0
840,6,25167,443,24.0,0,800,0,115,20,0
66,6,7471,443,16.0,0,26,0,128,20,0
377,17,43952,53,0.0,0,363,0,128,20,0
1432,17,30422,1018,0.0,0,1024,0,5,20,1
35,1,0,0,0.0,8,34,0,16,20,1
54,6,62840,443,16.0,0,14,0,118,20,0
54,6,11594,443,16.0,0,14,0,128,20,0
332,6,22786,22,0.0,0,292,0,128,20,0
500,6,47584,8080,24.0,0,460,0,56,20,0
996,6,26556,8080,17.0,0,956,0,128,20,0
800,6,38064,8443,17.0,0,760,0,64,20,0
1107,6,24814,443,24.0,0,1067,0,60,20,0
164,17,65203,53,0.0,0,250,0,64,20,0
1288,6,16608,8080,0.0,0,1248,0,60,20,0
1008,6,54337,80,0.18,0,968,0,128,20,0
1428,6,56127,80,2.0,0,1388,0,128,20,0
72,6,50890,8080,0.18,0,32,0,56,20,0
66,6,40961,8443,16.0,0,26,0,118,20,0
66,6,20609,8443,16.0,0,26,0,120,20,0
391,17,19093,53,0.0,0,282,0,128,20,0
244,17,49502,53,0.0,0,224,0,64,20,0
1369,6,19337,80,2.0,0,1329,0,128,20,0
345,6,32546,3306,2.0,0,305,0,56,20,0
1037,17,12750,514,0.0,0,1058,0,8,20,1
66,6,33946,8443,16.0,0,26,0,117,20,0
405,17,1768,53,0.0,0,80,0,128,20,0
184,6,47823,22,24.0,0,144,0,128,20,0
704,17,50923,3306,24.0,0,664,0,128,20,0
1357,6,43017,8443,24.0,0,1317,0,58,20,0
40,1,0,0,0.0,8,8,0,5,20,1
1263,6,10350,443,24.0,0,1223,0,128,20,0
468,6,43286,3306,0.0,0,428,0,64,20,0
1293,17,40592,154,0.0,0,1246,0,3,20,1
425,17,43443,53,0.0,0,250,0,128,20,0
100,6,43089,8443,16.0,0,60,0,120,20,0
126,17,10407,53,0.0,0,342,0,128,20,0
52,6,58987,80,2.0,0,0,0,1,20,1
55,6,24673,80,2.0,0,0,0,6,20,1
1111,6,8758,8080,17.0,0,1071,0,57,20,0
45,6,33384,51268,2.0,0,0,0,64,20,1
276,17,13592,53,0.0,0,386,0,128,20,0
111,17,11795,53,0.0,0,107,0,64,20,0
54,6,1367,16153,2.0,0,0,0,64,20,1
1315,17,48041,618,0.0,0,1009,0,9,20,1
1275,6,14327,8443,18.0,0,1235,0,115,20,0
160,6,27679,8443,16.0,0,120,0,49,20,0
373,17,10545,53,0.0,0,432,0,128,20,0
181,6,35843,443,16.0,0,141,0,60,20,0
76,1,0,0,0.0,8,40,0,7,20,1
89,1,0,0,0.0,8,30,0,16,20,1
74,6,17996,8443,18.0,0,34,0,120,20,0
136,17,21753,53,0.0,0,49,0,128,20,0
251,17,61294,22,16.0,0,211,0,56,20,0
54,6,3088,443,17.0,0,14,0,118,20,0
74,6,40145,8443,17.0,0,34,0,128,20,0
184,6,63661,22,16.0,0,144,0,64,20,0
114,6,58263,22,24.0,0,74,0,128,20,0
149,6,49093,8000,0.18,0,109,0,58,20,0
1271,6,63802,80,17.0,0,1231,0,255,20,0
54,6,23081,443,24.0,0,14,0,58,20,0
207,6,45030,443,17.0,0,167,0,128,20,0
1299,17,6374,42,0.0,0,1249,0,9,20,1
66,6,48323,8443,16.0,0,26,0,118,20,0
245,17,62422,53,0.0,0,435,0,128,20,0
1242,6,48669,443,24.0,0,1202,0,55,20,0
981,6,45378,443,16.0,0,941,0,64,20,0
114,6,21472,80,16.0,0,74,0,64,20,0
1293,6,34366,8443,18.0,0,1253,0,128,20,0
40,6,14774,58711,2.0,0,0,0,64,20,1
93,17,14360,53,0.0,0,183,0,64,20,0
74,6,36207,443,16.0,0,34,0,117,20,0
54,6,25078,443,17.0,0,14,0,128,20,0
54,6,3307,443,17.0,0,14,0,118,20,0
51,6,64438,80,2.0,0,0,0,5,20,1
258,6,47774,22,24.0,0,218,0,128,20,0
594,17,58832,443,24.0,0,554,0,255,20,0
319,17,44074,53,0.0,0,339,0,128,20,0
95,17,48212,53,0.0,0,370,0,64,20,0
66,6,54488,8443,16.0,0,26,0,64,20,0
101,6,6204,8080,17.0,0,61,0,255,20,0
115,17,30471,22,24.0,0,75,0,128,20,0
1217,6,15544,3306,16.0,0,1177,0,128,20,0
162,6,10328,22,16.0,0,122,0,64,20,0
63,1,0,0,0.0,8,27,0,3,20,1
162,6,16659,8080,17.0,0,122,0,58,20,0
1098,6,14987,443,2.0,0,1058,0,64,20,0
210,6,52437,443,16.0,0,170,0,51,20,0
1465,6,37943,443,16.0,0,1425,0,56,20,0
74,6,46857,443,16.0,0,34,0,128,20,0
133,6,41579,443,16.0,0,93,0,119,20,0
981,17,13261,443,24.0,0,941,0,56,20,0
874,6,64327,3306,0.0,0,834,0,64,20,0
66,6,10606,443,24.0,0,26,0,119,20,0
82,6,34641,8080,0.18,0,42,0,128,20,0
549,6,9523,53,17.0,0,509,0,56,20,0
74,6,41301,443,24.0,0,34,0,49,20,0
92,6,26114,80,17.0,0,52,0,64,20,0
66,6,19467,8443,24.0,0,26,0,64,20,0
110,6,49620,8080,17.0,0,70,0,128,20,0
284,6,62038,443,0.0,0,244,0,128,20,0
197,6,9317,80,0.0,0,157,0,60,20,0
436,17,62977,53,0.0,0,278,0,64,20,0
74,6,38801,443,24.0,0,34,0,54,20,0
986,6,20077,443,24.0,0,946,0,51,20,0
292,17,10775,53,0.0,0,180,0,64,20,0
56,6,46554,16011,2.0,0,0,0,64,20,1
307,17,32017,53,0.0,0,416,0,64,20,0
258,6,16898,22,16.0,0,218,0,128,20,0
1250,6,56571,53,2.0,0,1210,0,128,20,0
764,6,36054,8080,16.0,0,724,0,56,20,0
1451,6,32024,3306,16.0,0,1411,0,56,20,0
1290,17,9039,738,0.0,0,1230,1,3,20,1
1232,6,19286,3306,16.0,0,1192,0,128,20,0
184,6,5865,22,16.0,0,144,0,64,20,0
70,1,0,0,0.0,8,33,0,10,20,1
1159,6,17506,443,16.0,0,1119,0,54,20,0
258,6,57765,22,24.0,0,218,0,64,20,0
487,6,60886,80,24.0,0,447,0,56,20,0
54,6,59146,443,16.0,0,14,0,128,20,0
163,6,16240,8443,16.0,0,123,0,64,20,0
1358,6,59124,3306,17.0,0,1318,0,255,20,0
341,17,28182,53,0.0,0,340,0,64,20,0
51,6,7976,22741,2.0,0,0,0,64,20,1
1306,6,29676,3306,24.0,0,1266,0,56,20,0
1008,17,32141,382,0.0,0,1339,0,3,20,1
382,17,22140,443,0.0,0,342,0,255,20,0
235,6,35501,53,2.0,0,195,0,64,20,0
305,17,57524,53,0.0,0,307,0,64,20,0
114,6,5900,22,24.0,0,74,0,64,20,0
54,6,28938,443,24.0,0,14,0,60,20,0
66,6,3740,443,2.0,0,26,0,118,20,0
812,6,20145,8000,2.0,0,772,0,64,20,0
441,6,51841,8080,2.0,0,401,0,255,20,0
760,6,28506,8000,0.18,0,720,0,64,20,0
1053,17,12259,385,0.0,0,1169,1,8,20,1
195,6,34354,3306,17.0,0,155,0,128,20,0
269,6,30865,8443,17.0,0,229,0,60,20,0
215,17,19796,53,0.0,0,99,0,64,20,0
44,6,51275,56533,2.0,0,0,0,64,20,1
130,6,22334,22,24.0,0,90,0,64,20,0
130,6,20519,22,24.0,0,90,0,128,20,0
1088,6,42209,443,17.0,0,1048,0,64,20,0
162,6,8668,22,16.0,0,122,0,128,20,0
162,6,19459,22,16.0,0,122,0,64,20,0
66,6,47586,443,24.0,0,26,0,54,20,0
185,6,26876,8080,17.0,0,145,0,57,20,0
56,6,12577,23668,2.0,0,0,0,64,20,1
66,6,30137,8443,17.0,0,26,0,57,20,0
162,6,14796,22,24.0,0,122,0,128,20,0
108,17,19592,53,0.0,0,179,0,128,20,0
162,6,4835,22,16.0,0,122,0,64,20,0
1219,6,54666,5432,0.0,0,1179,0,60,20,0
215,6,58980,80,2.0,0,175,0,255,20,0
222,6,62272,22,24.0,0,182,0,255,20,0
1346,6,43766,443,2.0,0,1306,0,52,20,0
126,6,20694,22,2.0,0,86,0,56,20,0
219,6,14053,8443,16.0,0,179,0,55,20,0
46,6,25435,20698,2.0,0,0,0,64,20,1
140,6,53409,80,0.18,0,100,0,64,20,0
66,6,2460,8443,17.0,0,26,0,120,20,0
1101,6,49284,8080,17.0,0,1061,0,64,20,0
258,6,42993,22,16.0,0,218,0,128,20,0
90,6,39349,22,24.0,0,50,0,128,20,0
1423,6,29403,8443,16.0,0,1383,0,119,20,0
984,6,13755,8000,17.0,0,944,0,58,20,0
163,6,48258,8000,0.18,0,123,0,56,20,0
58,6,4043,8080,16.0,0,18,0,255,20,0
159,6,8058,80,16.0,0,119,0,255,20,0
74,6,49693,443,24.0,0,34,0,52,20,0
124,6,38882,8000,2.0,0,84,0,57,20,0
66,6,3960,443,16.0,0,26,0,56,20,0
1437,6,9421,8080,0.0,0,1397,0,64,20,0
1109,6,22192,8443,16.0,0,1069,0,117,20,0
576,6,25019,80,0.0,0,536,0,128,20,0
66,6,56937,443,24.0,0,26,0,55,20,0
264,6,17021,443,16.0,0,224,0,51,20,0
213,6,31758,443,24.0,0,173,0,55,20,0
982,6,48568,443,2.0,0,942,0,128,20,0
854,17,11299,3306,17.0,0,814,0,128,20,0
1031,17,8271,22,17.0,0,991,0,56,20,0
63,17,19584,53,0.0,0,44,0,64,20,0
1150,6,44170,8080,17.0,0,1110,0,64,20,0
1095,6,4356,8443,16.0,0,1055,0,115,20,0
74,6,53125,8443,16.0,0,34,0,60,20,0
481,17,54544,53,0.0,0,45,0,64,20,0
94,1,0,0,0.0,8,17,0,5,20,1
1394,6,54853,8000,16.0,0,1354,0,56,20,0
66,6,40778,8443,18.0,0,26,0,49,20,0
651,6,3315,8080,16.0,0,611,0,255,20,0
74,6,29740,443,16.0,0,34,0,56,20,0
925,6,32899,443,16.0,0,885,0,57,20,0
254,6,18962,80,16.0,0,214,0,128,20,0
162,6,17529,22,16.0,0,122,0,128,20,0
455,17,3492,53,0.0,0,50,0,128,20,0
169,6,50727,8443,17.0,0,129,0,60,20,0
952,6,5957,443,2.0,0,912,0,117,20,0
66,6,57598,8443,18.0,0,26,0,57,20,0
566,6,30553,80,0.0,0,526,0,128,20,0
74,6,51516,443,24.0,0,34,0,120,20,0
918,6,57647,443,16.0,0,878,0,60,20,0
46,1,0,0,0.0,8,9,0,9,20,1
54,6,13318,42601,2.0,0,0,0,64,20,1
1403,6,56745,8000,2.0,0,1363,0,56,20,0
241,6,51221,8443,24.0,0,201,0,120,20,0
74,6,17845,8443,16.0,0,34,0,58,20,0
1060,6,47760,443,24.0,0,1020,0,117,20,0
130,6,50578,22,24.0,0,90,0,64,20,0
200,17,44075,53,0.0,0,210,0,64,20,0
425,17,62211,53,0.0,0,136,0,64,20,0
1155,17,59265,602,0.0,0,1151,1,9,20,1
1091,6,12999,443,16.0,0,1051,0,57,20,0
130,6,17835,22,24.0,0,90,0,128,20,0
54,6,62631,8443,16.0,0,14,0,119,20,0
232,6,14945,8443,16.0,0,192,0,128,20,0
52,6,25053,31548,2.0,0,0,0,64,20,1
428,6,10236,80,2.0,0,388,0,60,20,0
66,6,59843,8443,2.0,0,26,0,118,20,0
49,6,46600,80,2.0,0,0,0,1,20,1
822,6,53472,8000,17.0,0,782,0,58,20,0
193,17,45908,53,0.0,0,63,0,128,20,0
1448,17,44360,91,0.0,0,1356,1,1,20,1
347,6,13396,53,17.0,0,307,0,128,20,0
1044,6,2156,443,16.0,0,1004,0,119,20,0
619,6,42178,3306,16.0,0,579,0,255,20,0
393,6,29229,80,0.18,0,353,0,64,20,0
218,6,11696,443,2.0,0,178,0,51,20,0
66,6,6618,443,16.0,0,26,0,64,20,0
904,6,34536,8080,2.0,0,864,0,64,20,0
114,6,22191,22,24.0,0,74,0,64,20,0
317,17,24269,53,0.0,0,164,0,64,20,0
192,6,3470,8080,17.0,0,152,0,56,20,0
44,6,53329,18700,2.0,0,0,0,64,20,1
1502,6,39697,80,16.0,0,1460,0,57,20,0
48,6,16382,57755,2.0,0,0,0,64,20,1
471,6,21760,8080,17.0,0,431,0,64,20,0
114,6,27535,22,16.0,0,74,0,64,20,0
83,1,0,0,0.0,8,47,0,15,20,1
1473,6,40370,8443,24.0,0,1433,0,117,20,0
298,17,31625,53,0.0,0,320,0,64,20,0
60,1,0,0,0.0,8,29,0,16,20,1
579,6,52430,5432,17.0,0,539,0,255,20,0
74,6,4068,8443,16.0,0,34,0,128,20,0
60,1,0,0,0.0,8,21,0,6,20,1
66,6,26440,443,16.0,0,26,0,128,20,0
54,6,47354,443,17.0,0,14,0,55,20,0
113,6,37904,53,24.0,0,73,0,60,20,0
46,6,47496,80,2.0,0,0,0,3,20,1
87,6,4177,8443,16.0,0,47,0,54,20,0
114,6,41338,22,16.0,0,74,0,64,20,0
66,6,5109,22,24.0,0,26,0,64,20,0
49,1,0,0,0.0,8,41,0,14,20,1
999,6,31259,22,0.0,0,959,0,56,20,0
220,6,25720,8080,0.0,0,180,0,64,20,0
879,6,40376,443,17.0,0,839,0,128,20,0
162,6,21670,22,16.0,0,122,0,128,20,0
69,1,0,0,0.0,8,25,0,8,20,1
720,17,50731,3306,2.0,0,680,0,255,20,0
116,17,34982,80,0.0,0,76,0,56,20,0
907,6,48484,443,2.0,0,867,0,128,20,0
51,6,17143,19993,2.0,0,0,0,64,20,1
66,6,41373,22,24.0,0,26,0,64,20,0
136,6,44282,443,16.0,0,96,0,56,20,0
926,6,62214,53,17.0,0,886,0,60,20,0
54,6,24393,443,17.0,0,14,0,64,20,0
329,17,34402,53,0.0,0,394,0,128,20,0
199,6,14098,22,2.0,0,159,0,60,20,0
434,6,44106,3306,2.0,0,394,0,60,20,0
341,6,46291,8080,16.0,0,301,0,64,20,0
1265,6,10368,8443,17.0,0,1225,0,120,20,0
66,6,40156,443,17.0,0,26,0,58,20,0
66,6,64680,443,16.0,0,26,0,115,20,0
129,6,16884,8080,2.0,0,89,0,64,20,0
1298,6,35079,8000,17.0,0,1258,0,58,20,0
285,17,5849,5432,24.0,0,245,0,56,20,0
1441,6,16015,3306,24.0,0,1401,0,255,20,0
507,1,64068,22,2.0,0,467,0,60,20,0
66,6,41881,443,16.0,0,26,0,118,20,0
154,17,33601,53,0.0,0,48,0,128,20,0
76,6,18789,8000,0.18,0,36,0,56,20,0
1472,6,58554,8443,24.0,0,1432,0,115,20,0
50,6,62223,26168,2.0,0,0,0,64,20,1
278,17,50986,53,0.0,0,375,0,64,20,0
1005,17,27336,22,24.0,0,965,0,60,20,0
130,6,7654,22,24.0,0,90,0,64,20,0
91,1,0,0,0.0,8,48,0,12,20,1
283,6,31355,3306,24.0,0,243,0,60,20,0
41,1,0,0,0.0,8,14,0,8,20,1
283,6,45239,22,16.0,0,243,0,255,20,0
49,6,18386,80,2.0,0,0,0,24,20,1
115,6,3104,443,2.0,0,75,0,49,20,0
997,6,61076,3306,16.0,0,957,0,60,20,0
983,6,18292,8000,2.0,0,943,0,57,20,0
54,6,36438,8443,2.0,0,14,0,57,20,0
288,17,14991,53,0.0,0,253,0,64,20,0
482,17,34807,53,0.0,0,176,0,128,20,0
137,17,7658,8080,2.0,0,97,0,56,20,0
172,17,38895,53,0.0,0,255,0,128,20,0
126,6,27949,8080,2.0,0,86,0,128,20,0
168,6,63700,443,17.0,0,128,0,118,20,0
377,17,27181,53,2.0,0,337,0,64,20,0
1221,6,25141,8080,16.0,0,1181,0,255,20,0
1008,6,13885,443,16.0,0,968,0,54,20,0
165,6,36498,8443,16.0,0,125,0,52,20,0
177,6,53918,8000,2.0,0,137,0,57,20,0
54,6,4076,443,18.0,0,14,0,52,20,0
250,6,4773,443,16.0,0,210,0,55,20,0
1119,6,29955,8443,2.0,0,1079,0,117,20,0
74,6,59661,8443,16.0,0,34,0,51,20,0
54,6,31353,443,24.0,0,14,0,115,20,0
1081,6,15530,443,16.0,0,1041,0,64,20,0
98,1,0,0,0.0,8,13,0,8,20,1
49,6,13016,8080,2.0,0,9,0,56,20,0
663,6,63679,443,2.0,0,623,0,56,20,0
348,17,12348,53,0.0,0,325,0,64,20,0
82,17,2169,53,0.0,0,358,0,128,20,0
226,6,53272,8443,17.0,0,186,0,55,20,0
258,6,37027,22,24.0,0,218,0,128,20,0
613,17,20518,53,0.0,0,573,0,56,20,0
232,6,27218,80,16.0,0,192,0,128,20,0
74,6,4878,443,16.0,0,34,0,55,20,0
643,6,56655,5432,24.0,0,603,0,56,20,0
1347,6,23366,53,2.0,0,1307,0,56,20,0
124,1,46264,8080,16.0,0,84,0,60,20,0
184,6,2588,22,16.0,0,144,0,128,20,0
732,17,25422,3306,24.0,0,692,0,60,20,0
258,6,8818,22,24.0,0,218,0,64,20,0
49,1,0,0,0.0,8,40,0,12,20,1
119,17,29054,53,0.0,0,302,0,64,20,0
1033,6,11740,80,2.0,0,993,0,60,20,0
114,6,50917,22,16.0,0,74,0,64,20,0
750,6,22660,5432,17.0,0,710,0,128,20,0
59,6,15934,8080,16.0,0,19,0,64,20,0
1468,17,28568,815,0.0,0,1332,1,3,20,1
74,6,1177,443,24.0,0,34,0,117,20,0
1046,6,49885,8080,0.18,0,1006,0,56,20,0
73,6,60529,8000,17.0,0,33,0,56,20,0
1468,6,39676,80,0.18,0,1428,0,64,20,0
50,1,0,0,0.0,8,53,0,13,20,1
938,6,20797,8443,17.0,0,898,0,56,20,0
1336,6,47403,443,16.0,0,1296,0,60,20,0
215,6,22254,8000,2.0,0,175,0,56,20,0
340,6,1081,8000,0.18,0,300,0,58,20,0
54,6,49909,8443,24.0,0,14,0,60,20,0
335,6,26300,53,2.0,0,295,0,255,20,0
932,6,4202,443,0.0,0,892,0,128,20,0
162,6,62673,22,16.0,0,122,0,128,20,0
1288,6,53574,8443,2.0,0,1248,0,57,20,0
210,17,9625,53,0.0,0,383,0,64,20,0
66,6,55536,443,16.0,0,26,0,119,20,0
291,6,35766,5432,16.0,0,251,0,64,20,0
161,6,64388,8080,24.0,0,121,0,255,20,0
325,17,39537,53,0.0,0,378,0,128,20,0
381,17,52409,53,24.0,0,341,0,56,20,0
258,6,32919,22,24.0,0,218,0,128,20,0
96,6,24458,8080,2.0,0,56,0,128,20,0
114,6,11021,22,24.0,0,74,0,64,20,0
879,6,51037,443,16.0,0,839,0,60,20,0
66,6,39025,443,24.0,0,26,0,52,20,0
66,6,27207,8443,24.0,0,26,0,117,20,0
221,6,12374,8443,18.0,0,181,0,118,20,0
54,6,25392,8443,24.0,0,14,0,55,20,0
114,17,39450,53,0.0,0,265,0,64,20,0
74,6,38062,8443,16.0,0,34,0,49,20,0
1425,6,38873,8080,2.0,0,1385,0,255,20,0
41,1,0,0,0.0,8,5,0,17,20,1
307,17,40556,53,0.0,0,444,0,64,20,0
217,6,40193,443,16.0,0,177,0,58,20,0
363,6,59193,80,16.0,0,323,0,56,20,0
74,6,62369,443,16.0,0,34,0,119,20,0
141,6,56445,443,17.0,0,101,0,51,20,0
54,6,49170,443,2.0,0,14,0,120,20,0
66,6,1040,443,24.0,0,26,0,120,20,0
54,6,15276,443,16.0,0,14,0,60,20,0
1424,17,21717,318,0.0,0,1239,0,1,20,1
230,17,6407,53,0.0,0,396,0,64,20,0
458,17,18168,3306,0.0,0,418,0,128,20,0
303,17,45814,53,0.0,0,335,0,128,20,0
1125,6,7196,8000,0.18,0,1085,0,58,20,0
412,17,44023,53,0.0,0,331,0,128,20,0
45,6,61402,80,0.18,0,5,0,255,20,0
1475,6,1969,80,17.0,0,1435,0,128,20,0
283,17,11720,53,0.0,0,32,0,64,20,0
117,6,33000,8443,16.0,0,77,0,118,20,0
184,6,53295,22,16.0,0,144,0,64,20,0
41,6,14481,3111,2.0,0,0,0,64,20,1
98,17,11066,53,0.0,0,362,0,128,20,0
577,6,13242,3306,17.0,0,537,0,128,20,0
312,17,46979,53,0.0,0,423,0,64,20,0
74,6,5575,443,16.0,0,34,0,128,20,0
43,1,0,0,0.0,8,40,0,16,20,1
53,1,0,0,0.0,8,19,0,12,20,1
74,6,49647,8443,24.0,0,34,0,52,20,0
74,6,36977,443,16.0,0,34,0,56,20,0
162,6,17013,8443,16.0,0,122,0,118,20,0
183,6,53196,443,16.0,0,143,0,57,20,0
678,6,52665,5432,17.0,0,638,0,56,20,0
55,6,8601,80,2.0,0,0,0,3,20,1
109,6,21974,8443,16.0,0,69,0,117,20,0
1239,1,62567,8080,0.0,0,1199,0,64,20,0
952,6,65193,80,17.0,0,912,0,56,20,0
137,6,12673,8000,2.0,0,97,0,255,20,0
66,6,53943,8443,24.0,0,26,0,120,20,0
172,6,17151,8080,16.0,0,132,0,128,20,0
1486,6,57629,80,16.0,0,1446,0,255,20,0
365,6,45539,443,17.0,0,325,0,64,20,0
471,17,43760,53,0.0,0,176,0,128,20,0
174,6,16828,8080,16.0,0,134,0,58,20,0
66,6,18296,8443,16.0,0,26,0,115,20,0
949,6,54496,443,0.0,0,909,0,60,20,0
48,6,46043,47932,2.0,0,0,0,64,20,1
1074,6,13491,80,0.18,0,1034,0,255,20,0
74,6,34809,8443,17.0,0,34,0,51,20,0
74,6,58820,443,16.0,0,34,0,118,20,0
49,6,30501,64355,2.0,0,0,0,64,20,1
507,6,17144,5432,2.0,0,467,0,60,20,0
1081,17,17166,8080,2.0,0,1041,0,60,20,0
1287,17,3977,355,0.0,0,1264,1,4,20,1
48,6,64415,80,2.0,0,0,0,27,20,1
66,6,52850,22,16.0,0,26,0,128,20,0
66,6,7334,8443,2.0,0,26,0,55,20,0
781,6,9228,22,2.0,0,741,0,60,20,0
66,6,3010,443,16.0,0,26,0,54,20,0
66,6,3561,443,2.0,0,26,0,49,20,0
90,6,65287,22,16.0,0,50,0,64,20,0
1323,6,11852,8443,2.0,0,1283,0,120,20,0
651,6,36507,22,24.0,0,611,0,128,20,0
427,17,3655,53,0.0,0,126,0,64,20,0
715,6,56857,80,16.0,0,675,0,58,20,0
199,6,63805,53,17.0,0,159,0,64,20,0
589,17,62362,5432,17.0,0,549,0,60,20,0
48,6,35829,9785,2.0,0,0,0,64,20,1
1380,17,7332,465,0.0,0,1007,0,1,20,1
66,6,29909,443,24.0,0,26,0,58,20,0
358,17,10247,22,2.0,0,318,0,255,20,0
54,6,64880,8443,24.0,0,14,0,52,20,0
978,6,60442,8443,16.0,0,938,0,51,20,0
66,6,14081,22,24.0,0,26,0,128,20,0
66,6,7961,443,17.0,0,26,0,51,20,0
74,6,53745,8443,2.0,0,34,0,54,20,0
696,6,37823,8080,2.0,0,656,0,64,20,0
162,6,41854,22,24.0,0,122,0,128,20,0
280,6,19648,443,16.0,0,240,0,118,20,0
137,6,12713,8443,17.0,0,97,0,64,20,0
54,6,48258,8443,16.0,0,14,0,49,20,0
239,17,14511,53,0.0,0,423,0,128,20,0
184,6,52318,22,24.0,0,144,0,128,20,0
263,6,27178,8000,0.18,0,223,0,56,20,0
258,6,56942,22,24.0,0,218,0,64,20,0
857,6,31716,8080,17.0,0,817,0,64,20,0
1126,6,65217,53,24.0,0,1086,0,64,20,0
294,6,23013,5432,2.0,0,254,0,56,20,0
130,6,29699,22,16.0,0,90,0,128,20,0
770,17,1564,80,2.0,0,730,0,255,20,0
117,17,17041,53,0.0,0,330,0,128,20,0
208,6,60237,8443,18.0,0,168,0,120,20,0
771,6,20864,5432,17.0,0,731,0,255,20,0
45,6,54150,41874,2.0,0,0,0,64,20,1
74,6,26121,443,16.0,0,34,0,49,20,0
30,1,0,0,0.0,8,34,0,14,20,1
104,6,3805,8080,0.18,0,64,0,255,20,0
1134,6,18424,8443,24.0,0,1094,0,51,20,0
66,6,51940,8443,24.0,0,26,0,115,20,0
1114,6,32355,8443,17.0,0,1074,0,115,20,0
846,6,30733,8443,16.0,0,806,0,115,20,0
66,6,25450,443,2.0,0,26,0,64,20,0
298,17,1544,53,0.0,0,427,0,128,20,0
54,6,63556,8443,16.0,0,14,0,118,20,0
66,6,43591,443,17.0,0,26,0,55,20,0
74,6,26962,443,16.0,0,34,0,128,20,0
290,17,11494,53,0.0,0,435,0,128,20,0
74,6,38518,8443,16.0,0,34,0,54,20,0
780,6,2071,8080,0.0,0,740,0,56,20,0
1036,6,8517,443,18.0,0,996,0,60,20,0
1019,6,25829,53,0.0,0,979,0,255,20,0
159,17,28027,53,0.0,0,204,0,128,20,0
130,6,61969,22,24.0,0,90,0,128,20,0
208,6,29046,443,24.0,0,168,0,119,20,0
475,17,50381,53,0.0,0,382,0,64,20,0
224,17,37579,53,0.0,0,360,0,64,20,0
371,17,35624,53,0.0,0,341,0,64,20,0
66,6,50911,22,24.0,0,26,0,128,20,0
590,6,40917,80,16.0,0,550,0,128,20,0
588,6,10020,3306,16.0,0,548,0,64,20,0
41,6,30449,41882,2.0,0,0,0,64,20,1
43,6,20045,38939,2.0,0,0,0,64,20,1
381,17,21026,53,0.0,0,64,0,64,20,0
462,17,10501,53,0.0,0,38,0,128,20,0
74,6,53257,8443,24.0,0,34,0,51,20,0
74,6,9068,443,16.0,0,34,0,58,20,0
1170,6,10514,443,16.0,0,1130,0,115,20,0
316,6,27480,8080,16.0,0,276,0,56,20,0
158,6,17068,443,2.0,0,118,0,56,20,0
1261,17,48398,886,0.0,0,1137,1,2,20,1
114,6,3072,22,16.0,0,74,0,128,20,0
46,6,46645,80,2.0,0,0,0,3,20,1
1027,6,26599,443,24.0,0,987,0,128,20,0
960,6,59438,80,16.0,0,920,0,56,20,0
54,6,8962,443,16.0,0,14,0,57,20,0
1366,6,54259,80,2.0,0,1326,0,255,20,0
45,6,64723,28754,2.0,0,0,0,64,20,1
138,17,23259,443,24.0,0,98,0,128,20,0
1049,6,38730,8443,16.0,0,1009,0,128,20,0
74,6,43928,8443,2.0,0,34,0,119,20,0
114,6,59973,22,16.0,0,74,0,128,20,0
976,6,54875,22,0.0,0,936,0,60,20,0
54,6,48490,8443,16.0,0,14,0,58,20,0
74,6,8266,8443,24.0,0,34,0,56,20,0
401,17,3954,53,0.0,0,417,0,64,20,0
966,6,8997,80,2.0,0,926,0,255,20,0
548,17,46066,80,24.0,0,508,0,255,20,0
229,6,36533,8443,16.0,0,189,0,49,20,0
68,17,23268,53,0.0,0,410,0,128,20,0
155,6,11539,80,0.18,0,115,0,128,20,0
204,1,40159,53,24.0,0,164,0,64,20,0
66,6,52093,8443,16.0,0,26,0,52,20,0
66,6,11742,22,16.0,0,26,0,64,20,0
138,17,56835,443,2.0,0,98,0,56,20,0
66,6,16906,443,16.0,0,26,0,64,20,0
1489,6,64011,8080,16.0,0,1449,0,57,20,0
63,6,11854,80,16.0,0,23,0,56,20,0
258,6,56375,22,24.0,0,218,0,128,20,0
641,6,63830,80,0.18,0,601,0,255,20,0
74,6,29386,443,18.0,0,34,0,115,20,0
114,6,42474,22,16.0,0,74,0,64,20,0
40,6,37568,80,2.0,0,0,0,15,20,1
77,6,23220,80,17.0,0,37,0,64,20,0
858,6,15021,80,0.0,0,818,0,128,20,0
114,6,64621,22,16.0,0,74,0,64,20,0
1235,6,28431,53,0.0,0,1195,0,64,20,0
90,6,5452,22,16.0,0,50,0,128,20,0
43,6,52806,80,2.0,0,0,0,21,20,1
54,6,16308,443,16.0,0,14,0,120,20,0
66,6,57136,8443,16.0,0,26,0,119,20,0
1136,6,23521,80,16.0,0,1096,0,128,20,0
1096,6,41091,443,24.0,0,1056,0,57,20,0
95,1,0,0,0.0,8,36,0,5,20,1
42,6,62401,8000,16.0,0,2,0,57,20,0
32,1,0,0,0.0,8,45,0,1,20,1
53,1,0,0,0.0,8,25,0,2,20,1
69,6,20763,8080,17.0,0,29,0,255,20,0
86,1,0,0,0.0,8,10,0,2,20,1
90,1,0,0,0.0,8,19,0,8,20,1
66,6,2917,443,17.0,0,26,0,128,20,0
671,1,19435,22,17.0,0,631,0,56,20,0
112,17,36560,443,16.0,0,72,0,128,20,0
66,6,20902,443,24.0,0,26,0,60,20,0
74,6,43838,8443,16.0,0,34,0,128,20,0
44,6,3890,28532,2.0,0,0,0,64,20,1
987,6,23015,443,17.0,0,947,0,128,20,0
155,6,47445,443,24.0,0,115,0,118,20,0
248,17,22799,53,0.0,0,38,0,128,20,0
48,1,0,0,0.0,8,30,0,7,20,1
43,6,26899,80,2.0,0,0,0,2,20,1
54,6,43036,8443,24.0,0,14,0,117,20,0
76,1,0,0,0.0,8,34,0,18,20,1
1047,6,50667,5432,17.0,0,1007,0,128,20,0
74,6,65437,443,18.0,0,34,0,60,20,0
710,6,64012,8000,17.0,0,670,0,58,20,0
772,6,7026,53,2.0,0,732,0,128,20,0
49,1,0,0,0.0,8,13,0,9,20,1
968,6,51015,80,16.0,0,928,0,64,20,0
66,6,12111,443,16.0,0,26,0,49,20,0
184,6,15746,22,24.0,0,144,0,128,20,0
258,6,55229,8443,24.0,0,218,0,117,20,0
117,6,31909,8080,16.0,0,77,0,128,20,0
433,17,54179,53,0.0,0,84,0,64,20,0
66,6,26343,22,16.0,0,26,0,64,20,0
51,6,56757,61588,2.0,0,0,0,64,20,1
69,6,43257,80,0.18,0,29,0,57,20,0
41,6,6088,8080,0.18,0,1,0,255,20,0
258,6,18447,22,16.0,0,218,0,64,20,0
474,6,38627,5432,2.0,0,434,0,64,20,0
89,6,47800,80,17.0,0,49,0,58,20,0
54,6,17575,80,2.0,0,0,0,22,20,1
532,6,42372,8000,2.0,0,492,0,255,20,0
293,17,12584,5432,16.0,0,253,0,64,20,0
828,6,3647,443,24.0,0,788,0,118,20,0
411,6,16470,80,16.0,0,371,0,58,20,0
54,6,58228,443,16.0,0,14,0,118,20,0
90,6,20402,22,16.0,0,50,0,128,20,0
74,6,9744,8443,24.0,0,34,0,51,20,0
1163,6,18332,8443,2.0,0,1123,0,58,20,0
60,1,0,0,0.0,8,22,0,4,20,1
46,6,36565,1118,2.0,0,0,0,64,20,1
190,6,50748,443,18.0,0,150,0,64,20,0
66,6,7435,443,24.0,0,26,0,49,20,0
187,17,54661,53,0.0,0,458,0,128,20,0
324,6,45664,80,16.0,0,284,0,64,20,0
1166,6,1607,443,2.0,0,1126,0,60,20,0
41,6,35435,19060,2.0,0,0,0,64,20,1
237,6,18872,443,16.0,0,197,0,51,20,0
52,1,0,0,0.0,8,22,0,1,20,1
1247,6,22132,80,0.18,0,1207,0,56,20,0
74,6,32682,8443,24.0,0,34,0,54,20,0
892,6,26997,22,2.0,0,852,0,64,20,0
214,6,40194,5432,2.0,0,174,0,56,20,0
329,17,15044,53,0.0,0,428,0,128,20,0
678,6,17028,8080,0.18,0,638,0,58,20,0
62,6,41999,8080,17.0,0,22,0,57,20,0
965,6,54710,8443,16.0,0,925,0,56,20,0
390,17,46295,53,0.0,0,274,0,128,20,0
74,6,28588,8443,24.0,0,34,0,58,20,0
74,6,34659,443,16.0,0,34,0,119,20,0
66,6,23578,8443,24.0,0,26,0,115,20,0
1341,6,3798,8000,17.0,0,1301,0,64,20,0
130,6,15514,22,24.0,0,90,0,64,20,0
1142,6,11719,3306,2.0,0,1102,0,255,20,0
258,6,49924,22,16.0,0,218,0,128,20,0
162,6,28653,22,16.0,0,122,0,128,20,0
176,17,21880,53,0.0,0,105,0,64,20,0
76,1,0,0,0.0,8,40,0,3,20,1
1309,6,10281,8080,16.0,0,1269,0,255,20,0
1368,6,38418,8443,17.0,0,1328,0,120,20,0
114,6,63665,22,16.0,0,74,0,128,20,0
74,6,26298,8443,17.0,0,34,0,118,20,0
141,6,63120,8080,2.0,0,101,0,64,20,0
410,17,48568,53,0.0,0,461,0,128,20,0
831,6,14884,80,17.0,0,791,0,57,20,0
488,17,7166,53,0.0,0,461,0,128,20,0
478,6,35483,8080,2.0,0,438,0,60,20,0
1333,6,41725,443,16.0,0,1293,0,57,20,0
1192,1,55110,80,2.0,0,1152,0,60,20,0
258,6,8532,22,16.0,0,218,0,64,20,0
160,6,47580,80,0.18,0,120,0,128,20,0
74,6,12303,8443,16.0,0,34,0,120,20,0
1134,17,17517,552,0.0,0,1358,1,9,20,1
184,6,56175,22,16.0,0,144,0,128,20,0
192,6,30174,8443,24.0,0,152,0,115,20,0
854,6,23361,8443,16.0,0,814,0,56,20,0
317,6,51780,8000,2.0,0,277,0,57,20,0
134,6,34924,53,17.0,0,94,0,255,20,0
79,6,51281,80,16.0,0,39,0,58,20,0
74,6,57719,8443,16.0,0,34,0,117,20,0
1139,17,8304,575,0.0,0,1130,1,5,20,1
90,6,28730,22,16.0,0,50,0,128,20,0
1196,6,57759,443,0.0,0,1156,0,64,20,0
524,6,33886,80,16.0,0,484,0,57,20,0
1192,17,12465,675,0.0,0,1020,1,2,20,1
356,6,4209,80,0.18,0,316,0,255,20,0
1210,6,25044,8080,16.0,0,1170,0,255,20,0
1509,6,55907,8443,2.0,0,1460,0,55,20,0
129,6,13545,8080,16.0,0,89,0,56,20,0
162,6,8896,22,16.0,0,122,0,64,20,0
53,6,53403,80,2.0,0,0,0,5,20,1
1221,17,44979,333,0.0,0,1220,0,6,20,1
66,6,53669,22,16.0,0,26,0,64,20,0
122,6,12012,80,17.0,0,82,0,255,20,0
36,1,0,0,0.0,8,37,0,14,20,1
410,17,15348,80,24.0,0,370,0,60,20,0
1461,6,22806,443,16.0,0,1421,0,49,20,0
374,17,29872,53,0.0,0,328,0,128,20,0
416,17,8153,53,0.0,0,130,0,64,20,0
1346,17,50362,909,0.0,0,1351,1,1,20,1
66,6,41697,443,16.0,0,26,0,51,20,0
57,6,4189,52007,2.0,0,0,0,64,20,1
74,6,42997,8443,17.0,0,34,0,51,20,0
137,6,15570,8000,2.0,0,97,0,255,20,0
319,6,36571,8000,0.18,0,279,0,58,20,0
162,6,58143,22,16.0,0,122,0,64,20,0
114,6,34337,22,24.0,0,74,0,64,20,0
1076,6,29317,8000,16.0,0,1036,0,128,20,0
130,6,40090,22,24.0,0,90,0,128,20,0
54,6,44989,443,2.0,0,14,0,49,20,0
66,6,19491,8443,16.0,0,26,0,128,20,0
457,6,22613,8080,0.18,0,417,0,56,20,0
90,6,26435,8080,17.0,0,50,0,58,20,0
114,6,53647,22,16.0,0,74,0,64,20,0
88,6,45779,8443,18.0,0,48,0,119,20,0
353,17,5551,53,0.0,0,445,0,128,20,0
1490,6,42869,80,2.0,0,1450,0,128,20,0
66,6,27450,8443,16.0,0,26,0,57,20,0
992,6,37410,443,24.0,0,952,0,60,20,0
1081,17,26828,8080,16.0,0,1041,0,128,20,0
1243,6,27489,8080,17.0,0,1203,0,56,20,0
1117,6,42703,8443,18.0,0,1077,0,128,20,0
66,6,29790,22,24.0,0,26,0,128,20,0
507,17,48674,53,0.0,0,280,0,128,20,0
66,6,37887,8443,16.0,0,26,0,60,20,0
258,6,49798,22,16.0,0,218,0,128,20,0
282,6,5606,8443,16.0,0,242,0,118,20,0
876,6,58737,8080,17.0,0,836,0,64,20,0
154,17,1372,53,0.0,0,50,0,128,20,0
118,17,55059,53,0.0,0,382,0,64,20,0
497,17,44106,53,0.0,0,187,0,64,20,0
1048,17,2516,80,0.0,0,1008,0,128,20,0
114,6,49311,22,24.0,0,74,0,64,20,0
441,6,8332,443,16.0,0,401,0,255,20,0
947,6,10724,8000,2.0,0,907,0,57,20,0
1249,6,51779,443,24.0,0,1209,0,115,20,0
912,6,20704,443,17.0,0,872,0,57,20,0
184,6,64475,22,16.0,0,144,0,64,20,0
1224,17,25190,53,24.0,0,1184,0,64,20,0
258,6,40046,22,24.0,0,218,0,128,20,0
90,6,17094,8000,2.0,0,50,0,58,20,0
51,6,55448,51074,2.0,0,0,0,64,20,1
74,6,53688,443,17.0,0,34,0,60,20,0
351,6,35466,8000,16.0,0,311,0,128,20,0
413,6,41557,8080,16.0,0,373,0,255,20,0
1418,6,39099,22,16.0,0,1378,0,255,20,0
66,6,37184,8443,24.0,0,26,0,128,20,0
66,6,8957,443,24.0,0,26,0,120,20,0
66,6,29339,443,24.0,0,26,0,64,20,0
914,6,53114,8443,16.0,0,874,0,52,20,0
104,6,22838,8000,2.0,0,64,0,128,20,0
100,17,35922,53,0.0,0,279,0,64,20,0
53,6,44865,80,2.0,0,0,0,5,20,1
1422,6,26030,443,17.0,0,1382,0,56,20,0
1158,6,47440,8443,16.0,0,1118,0,52,20,0
66,6,57368,443,18.0,0,26,0,55,20,0
1117,6,9707,8443,16.0,0,1077,0,54,20,0
1448,6,6074,8000,16.0,0,1408,0,128,20,0
178,6,51123,8000,0.18,0,138,0,58,20,0
1426,17,61016,517,0.0,0,1340,0,7,20,1
183,6,52341,8000,16.0,0,143,0,128,20,0
276,17,63400,53,0.0,0,313,0,64,20,0
830,6,2422,443,0.0,0,790,0,255,20,0
1308,17,8978,12,0.0,0,1305,0,1,20,1
159,17,18283,53,0.0,0,354,0,64,20,0
806,6,52904,443,16.0,0,766,0,120,20,0
1090,6,17991,443,2.0,0,1050,0,56,20,0
66,6,64952,443,16.0,0,26,0,120,20,0
244,17,32432,53,24.0,0,204,0,56,20,0
788,17,35784,22,24.0,0,748,0,128,20,0
271,17,22390,53,0.0,0,447,0,128,20,0
130,6,5381,22,16.0,0,90,0,64,20,0
114,6,13121,22,24.0,0,74,0,128,20,0
54,6,59725,8443,24.0,0,14,0,54,20,0
90,6,22649,22,24.0,0,50,0,128,20,0
470,17,44309,53,0.0,0,76,0,64,20,0
487,17,11593,53,0.0,0,60,0,128,20,0
42,6,44880,8459,2.0,0,0,0,64,20,1
90,6,30361,22,16.0,0,50,0,64,20,0
56,6,20260,33558,2.0,0,0,0,64,20,1
90,6,65304,22,16.0,0,50,0,64,20,0
50,6,15762,14373,2.0,0,0,0,64,20,1
49,6,24507,12567,2.0,0,0,0,64,20,1
78,1,0,0,0.0,8,20,0,11,20,1
54,6,4799,8443,16.0,0,14,0,115,20,0
53,6,51302,80,2.0,0,0,0,6,20,1
74,6,39309,443,16.0,0,34,0,49,20,0
1129,6,13740,443,16.0,0,1089,0,56,20,0
184,6,21788,22,24.0,0,144,0,128,20,0
130,6,58101,22,24.0,0,90,0,128,20,0
46,6,28429,80,2.0,0,0,0,28,20,1
84,6,47472,8443,16.0,0,44,0,120,20,0
410,17,11875,80,24.0,0,370,0,60,20,0
300,17,21847,8080,24.0,0,260,0,64,20,0
91,17,47197,53,0.0,0,183,0,64,20,0
372,17,51815,53,0.0,0,176,0,64,20,0
100,6,43989,8080,2.0,0,60,0,255,20,0
66,6,18126,22,24.0,0,26,0,128,20,0
275,6,42636,8080,16.0,0,235,0,56,20,0
90,6,21769,22,24.0,0,50,0,64,20,0
54,6,34089,8443,24.0,0,14,0,119,20,0
189,17,12028,53,0.0,0,276,0,64,20,0
54,6,14953,8443,16.0,0,14,0,57,20,0
87,1,0,0,0.0,8,51,0,15,20,1
1372,6,20820,5432,2.0,0,1332,0,60,20,0
410,6,57639,443,2.0,0,370,0,64,20,0
1118,6,51536,80,0.18,0,1078,0,128,20,0
55,6,15969,45164,2.0,0,0,0,64,20,1
74,6,38963,443,16.0,0,34,0,52,20,0
1276,6,24667,80,24.0,0,1236,0,128,20,0
699,17,37009,5432,17.0,0,659,0,128,20,0
1154,17,61857,53,17.0,0,1114,0,128,20,0
89,17,14717,53,0.0,0,455,0,128,20,0
74,6,46849,8443,16.0,0,34,0,54,20,0
592,17,3567,443,17.0,0,552,0,56,20,0
52,6,11325,80,2.0,0,12,0,255,20,0
54,6,26807,443,17.0,0,14,0,60,20,0
54,6,62293,443,18.0,0,14,0,49,20,0
74,6,38444,443,2.0,0,34,0,51,20,0
1242,6,38142,5432,17.0,0,1202,0,60,20,0
966,6,31216,8000,16.0,0,926,0,56,20,0
54,6,9774,443,16.0,0,14,0,58,20,0
223,6,29943,443,16.0,0,183,0,120,20,0
602,6,3281,8080,0.18,0,562,0,58,20,0
1500,6,56498,80,17.0,0,1460,0,56,20,0
231,17,51647,53,0.0,0,325,0,64,20,0
74,6,62384,8443,24.0,0,34,0,115,20,0
83,1,0,0,0.0,8,19,0,6,20,1
54,6,38545,443,16.0,0,14,0,64,20,0
1359,17,48253,22,24.0,0,1319,0,60,20,0
314,17,50328,53,0.0,0,127,0,128,20,0
40,6,6065,14646,2.0,0,0,0,64,20,1
1248,17,13301,266,0.0,0,1411,0,5,20,1
1077,17,30608,5432,16.0,0,1037,0,128,20,0
54,6,10951,8443,16.0,0,14,0,60,20,0
365,17,34477,53,0.0,0,40,0,128,20,0
298,17,28286,8080,0.0,0,258,0,64,20,0
90,6,21444,22,24.0,0,50,0,128,20,0
66,6,53558,8443,16.0,0,26,0,115,20,0
1365,6,63343,22,2.0,0,1325,0,128,20,0
162,6,63725,22,16.0,0,122,0,128,20,0
554,6,20457,5432,16.0,0,514,0,56,20,0
353,17,5712,53,0.0,0,399,0,128,20,0
1463,17,9909,1003,0.0,0,956,1,4,20,1
361,17,30991,53,0.0,0,144,0,64,20,0
445,6,8118,3306,17.0,0,405,0,128,20,0
74,6,24875,8443,24.0,0,34,0,118,20,0
114,6,18605,22,16.0,0,74,0,64,20,0
66,6,34529,443,16.0,0,26,0,64,20,0
53,6,25279,61528,2.0,0,0,0,64,20,1
788,6,10767,443,2.0,0,748,0,255,20,0
74,6,27205,443,16.0,0,34,0,119,20,0
1341,17,7989,22,24.0,0,1301,0,56,20,0
1106,17,34894,906,0.0,0,1090,0,1,20,1
40,1,0,0,0.0,8,11,0,4,20,1
1074,6,19348,443,17.0,0,1034,0,117,20,0
959,6,24902,8080,16.0,0,919,0,60,20,0
66,6,11391,443,18.0,0,26,0,57,20,0
66,6,50783,8443,16.0,0,26,0,118,20,0
49,6,22957,80,0.18,0,9,0,58,20,0
54,6,49653,8443,16.0,0,14,0,60,20,0
782,6,52956,8080,0.18,0,742,0,128,20,0
220,6,65365,443,16.0,0,180,0,52,20,0
49,6,8227,80,2.0,0,0,0,13,20,1
66,6,32843,8443,24.0,0,26,0,56,20,0
312,17,51811,53,0.0,0,369,0,128,20,0
1200,6,15646,443,16.0,0,1160,0,56,20,0
254,6,56822,8443,17.0,0,214,0,54,20,0
326,17,35242,53,0.0,0,174,0,128,20,0
65,1,0,0,0.0,8,52,0,5,20,1
74,6,25855,443,16.0,0,34,0,115,20,0
294,17,20987,53,0.0,0,150,0,64,20,0
872,6,37465,443,0.0,0,832,0,128,20,0
809,6,57264,443,16.0,0,769,0,49,20,0
98,1,0,0,0.0,8,21,0,19,20,1
977,17,23365,8080,24.0,0,937,0,255,20,0
184,6,7913,22,16.0,0,144,0,64,20,0
106,6,36187,443,18.0,0,66,0,60,20,0
74,6,10214,443,16.0,0,34,0,118,20,0
74,6,11097,443,17.0,0,34,0,58,20,0
54,6,48398,443,24.0,0,14,0,56,20,0
177,6,54078,8000,16.0,0,137,0,64,20,0
54,6,50136,443,16.0,0,14,0,52,20,0
54,6,1244,443,16.0,0,14,0,64,20,0
1131,6,38329,80,2.0,0,1091,0,128,20,0
591,6,6173,8000,16.0,0,551,0,255,20,0
188,6,49717,80,0.18,0,148,0,128,20,0
42,1,0,0,0.0,8,35,0,5,20,1
438,6,8920,8080,2.0,0,398,0,128,20,0
1271,6,15009,443,17.0,0,1231,0,128,20,0
105,6,23767,8000,17.0,0,65,0,255,20,0
66,6,58024,443,24.0,0,26,0,56,20,0
38,1,0,0,0.0,8,50,0,3,20,1
611,1,10249,80,17.0,0,571,0,64,20,0
57,1,0,0,0.0,8,2,0,1,20,1
54,6,40475,443,18.0,0,14,0,117,20,0
169,17,2674,53,0.0,0,333,0,128,20,0
1418,6,32727,80,2.0,0,1378,0,255,20,0
184,17,40228,53,0.0,0,235,0,64,20,0
242,6,56725,8080,16.0,0,202,0,56,20,0
66,6,29714,443,18.0,0,26,0,64,20,0
493,17,61681,53,0.0,0,47,0,128,20,0
1366,6,38687,8443,16.0,0,1326,0,60,20,0
162,6,6073,8000,0.18,0,122,0,128,20,0
54,6,2601,443,18.0,0,14,0,118,20,0
151,6,46185,80,2.0,0,111,0,57,20,0
130,6,34498,22,24.0,0,90,0,64,20,0
1065,6,48337,22,17.0,0,1025,0,60,20,0
182,6,5166,8000,16.0,0,142,0,58,20,0
360,6,44174,8000,0.18,0,320,0,64,20,0
687,17,12960,5432,16.0,0,647,0,60,20,0
572,6,49865,8080,2.0,0,532,0,128,20,0
74,6,9629,8443,16.0,0,34,0,118,20,0
219,6,2167,5432,0.0,0,179,0,255,20,0
54,6,34163,443,24.0,0,14,0,120,20,0
66,6,62387,8443,24.0,0,26,0,119,20,0
1506,6,9028,5432,0.0,0,1460,0,60,20,0
348,17,24579,53,0.0,0,245,0,64,20,0
59,6,63506,80,2.0,0,0,0,24,20,1
41,6,51362,80,2.0,0,0,0,23,20,1
258,6,46762,22,16.0,0,218,0,128,20,0
701,6,18615,8080,17.0,0,661,0,57,20,0
115,6,62994,80,17.0,0,75,0,64,20,0
78,17,49497,53,0.0,0,154,0,64,20,0
141,6,39392,8080,2.0,0,101,0,58,20,0
246,17,25867,53,0.0,0,347,0,64,20,0
150,6,50008,8000,2.0,0,110,0,255,20,0
1103,6,14012,22,24.0,0,1063,0,128,20,0
66,6,44610,22,24.0,0,26,0,128,20,0
74,6,42845,8443,18.0,0,34,0,60,20,0
1284,6,1757,80,0.0,0,1244,0,60,20,0
1016,6,52326,22,2.0,0,976,0,56,20,0
54,6,3867,8443,16.0,0,14,0,49,20,0
1317,6,32100,8443,18.0,0,1277,0,58,20,0
95,6,27665,8080,2.0,0,55,0,56,20,0
54,6,50562,8443,16.0,0,14,0,56,20,0
294,6,5049,443,24.0,0,254,0,60,20,0
551,6,24209,8080,2.0,0,511,0,56,20,0
141,6,46717,8080,16.0,0,101,0,56,20,0
176,17,55658,53,0.0,0,156,0,128,20,0
114,6,7770,22,16.0,0,74,0,64,20,0
108,6,11152,8080,17.0,0,68,0,58,20,0
1373,6,57100,5432,16.0,0,1333,0,64,20,0
521,6,19294,53,2.0,0,481,0,60,20,0
74,6,56331,8443,16.0,0,34,0,54,20,0
73,17,34811,53,0.0,0,158,0,128,20,0
805,6,57527,8080,16.0,0,765,0,56,20,0
334,17,53259,53,0.0,0,443,0,128,20,0
587,6,14778,8080,0.0,0,547,0,255,20,0
45,6,39832,80,2.0,0,0,0,12,20,1
1309,6,35586,80,17.0,0,1269,0,64,20,0
1210,6,50852,8080,2.0,0,1170,0,60,20,0
376,17,35120,53,0.0,0,377,0,128,20,0
111,17,22521,53,0.0,0,108,0,64,20,0
397,17,28707,53,0.0,0,375,0,128,20,0
52,6,1209,80,2.0,0,0,0,3,20,1
849,6,22451,8080,2.0,0,809,0,128,20,0
54,6,12384,8443,16.0,0,14,0,52,20,0
131,17,9944,53,2.0,0,91,0,60,20,0
66,6,53515,443,16.0,0,26,0,118,20,0
54,6,47849,443,18.0,0,14,0,55,20,0
66,6,63538,443,24.0,0,26,0,119,20,0
66,6,18590,22,24.0,0,26,0,128,20,0
258,6,36325,22,16.0,0,218,0,64,20,0
66,6,6067,22,24.0,0,26,0,128,20,0
1177,1,5379,53,2.0,0,1137,0,64,20,0
48,6,16004,80,2.0,0,0,0,24,20,1
825,6,49115,8443,16.0,0,785,0,60,20,0
441,17,15883,53,0.0,0,235,0,64,20,0
772,6,40522,5432,24.0,0,732,0,64,20,0
1226,17,12514,360,0.0,0,1318,1,7,20,1
113,6,56895,8080,16.0,0,73,0,58,20,0
41,6,29452,8080,17.0,0,1,0,57,20,0
1306,17,28834,891,0.0,0,1407,0,7,20,1
163,17,4905,443,16.0,0,123,0,60,20,0
991,6,63790,8443,16.0,0,951,0,115,20,0
631,17,11842,443,17.0,0,591,0,60,20,0
54,6,34565,8443,16.0,0,14,0,57,20,0
258,6,45166,22,16.0,0,218,0,128,20,0
1451,6,29789,22,16.0,0,1411,0,64,20,0
206,17,37227,53,0.0,0,291,0,128,20,0
74,6,21672,8443,18.0,0,34,0,58,20,0
40,6,55991,80,2.0,0,0,0,28,20,1
54,1,0,0,0.0,8,25,0,1,20,1
936,6,24014,443,16.0,0,896,0,55,20,0
54,6,11334,8443,16.0,0,14,0,54,20,0
706,17,43110,5432,16.0,0,666,0,56,20,0
456,17,65335,8080,24.0,0,416,0,64,20,0
226,6,15479,8000,17.0,0,186,0,58,20,0
74,6,35799,443,18.0,0,34,0,117,20,0
90,6,33337,22,24.0,0,50,0,64,20,0
360,6,50078,3306,2.0,0,320,0,56,20,0
75,17,11198,53,0.0,0,427,0,128,20,0
1191,6,21185,22,16.0,0,1151,0,60,20,0
44,6,14342,80,2.0,0,0,0,11,20,1
48,6,17572,51795,2.0,0,0,0,64,20,1
768,6,36276,443,16.0,0,728,0,128,20,0
66,6,17666,22,24.0,0,26,0,64,20,0
1341,6,25077,80,24.0,0,1301,0,64,20,0
359,17,11260,53,0.0,0,228,0,64,20,0
66,6,28867,443,18.0,0,26,0,49,20,0
851,6,44859,8080,0.18,0,811,0,128,20,0
209,6,6422,443,24.0,0,169,0,56,20,0
114,6,43798,22,24.0,0,74,0,64,20,0
381,17,56294,53,0.0,0,363,0,128,20,0
184,6,63808,22,16.0,0,144,0,128,20,0
74,6,42271,443,24.0,0,34,0,60,20,0
261,6,9670,8443,16.0,0,221,0,49,20,0
1409,6,30262,443,17.0,0,1369,0,54,20,0
188,6,13987,443,16.0,0,148,0,128,20,0
1315,6,64646,8080,24.0,0,1275,0,255,20,0
66,6,31144,22,16.0,0,26,0,64,20,0
120,6,11046,80,0.18,0,80,0,58,20,0
364,6,10473,53,24.0,0,324,0,128,20,0
1321,6,14699,8443,16.0,0,1281,0,51,20,0
144,17,61832,8080,2.0,0,104,0,64,20,0
1001,6,37367,8443,18.0,0,961,0,55,20,0
1348,6,25833,22,2.0,0,1308,0,60,20,0
1394,17,4243,140,0.0,0,1253,0,9,20,1
184,6,63149,22,24.0,0,144,0,128,20,0
1080,17,17055,970,0.0,0,1076,0,9,20,1
32,1,0,0,0.0,8,5,0,19,20,1
96,6,39658,8080,0.18,0,56,0,58,20,0
54,6,2576,8443,16.0,0,14,0,117,20,0
66,6,28129,443,16.0,0,26,0,51,20,0
44,6,22514,80,2.0,0,0,0,27,20,1
90,6,38266,22,24.0,0,50,0,64,20,0
130,6,39650,22,24.0,0,90,0,64,20,0
884,6,58552,8443,18.0,0,844,0,56,20,0
514,6,2455,8080,16.0,0,474,0,128,20,0
1116,17,58149,3306,2.0,0,1076,0,60,20,0
425,6,60070,8080,16.0,0,385,0,64,20,0
1067,17,58149,436,0.0,0,1126,1,3,20,1
154,6,34440,443,2.0,0,114,0,128,20,0
74,6,21195,443,17.0,0,34,0,58,20,0
150,6,16698,8080,2.0,0,110,0,56,20,0
54,6,61828,8443,16.0,0,14,0,118,20,0
1027,6,12063,8000,16.0,0,987,0,255,20,0
47,6,52576,80,2.0,0,0,0,11,20,1
398,6,15652,8080,2.0,0,358,0,255,20,0
476,6,62655,3306,17.0,0,436,0,128,20,0
285,17,51876,53,0.0,0,402,0,64,20,0
571,6,14103,443,16.0,0,531,0,128,20,0
141,6,59654,8080,0.18,0,101,0,57,20,0
44,6,49183,80,2.0,0,0,0,22,20,1
74,6,45934,8443,18.0,0,34,0,57,20,0
86,6,28269,80,17.0,0,46,0,57,20,0
107,6,65014,8443,17.0,0,67,0,64,20,0
1062,17,56275,443,0.0,0,1022,0,56,20,0
1270,6,33810,8443,16.0,0,1230,0,64,20,0
90,6,57165,22,24.0,0,50,0,64,20,0
184,6,28758,22,24.0,0,144,0,128,20,0
672,6,26817,8080,16.0,0,632,0,64,20,0
299,6,25869,80,24.0,0,259,0,128,20,0
1436,6,60951,8443,16.0,0,1396,0,58,20,0
690,17,59316,443,24.0,0,650,0,255,20,0
556,6,13209,8080,24.0,0,516,0,60,20,0
258,6,56587,22,24.0,0,218,0,128,20,0
1378,6,49267,443,16.0,0,1338,0,60,20,0
74,6,37571,8443,24.0,0,34,0,56,20,0
251,6,16564,8443,24.0,0,211,0,52,20,0
1374,6,48706,443,16.0,0,1334,0,49,20,0
237,17,56934,53,0.0,0,410,0,64,20,0
54,6,38395,8443,18.0,0,14,0,55,20,0
54,6,43505,443,17.0,0,14,0,120,20,0
1288,17,7262,48,0.0,0,998,0,1,20,1
1151,6,16684,53,0.0,0,1111,0,56,20,0
414,17,57948,53,0.0,0,38,0,64,20,0
42,6,39903,80,2.0,0,0,0,1,20,1
54,6,52384,8443,24.0,0,14,0,119,20,0
236,17,36945,53,0.0,0,77,0,64,20,0
366,17,2799,22,16.0,0,326,0,56,20,0
351,6,17236,443,17.0,0,311,0,60,20,0
356,17,4990,53,0.0,0,259,0,128,20,0
1467,6,45006,5432,0.0,0,1427,0,64,20,0
316,6,3886,22,24.0,0,276,0,128,20,0
151,6,53453,8000,2.0,0,111,0,255,20,0
55,6,18794,80,2.0,0,0,0,29,20,1
273,17,23844,53,0.0,0,291,0,128,20,0
908,6,62271,8443,2.0,0,868,0,52,20,0
184,6,50388,22,24.0,0,144,0,64,20,0
275,6,33910,8443,16.0,0,235,0,64,20,0
69,1,0,0,0.0,8,34,0,13,20,1
519,6,47069,3306,17.0,0,479,0,255,20,0
57,6,38559,8000,2.0,0,17,0,58,20,0
181,6,57832,80,16.0,0,141,0,57,20,0
1204,1,32193,8080,16.0,0,1164,0,255,20,0
90,6,23506,22,16.0,0,50,0,128,20,0
236,17,45680,53,0.0,0,244,0,64,20,0
74,6,10198,443,16.0,0,34,0,52,20,0
172,6,44012,8080,0.18,0,132,0,255,20,0
1488,17,23068,772,0.0,0,1133,0,9,20,1
61,17,15969,53,0.0,0,213,0,128,20,0
66,6,7751,443,24.0,0,26,0,57,20,0
1244,17,42700,874,0.0,0,1411,1,7,20,1
1485,17,10789,119,0.0,0,1239,1,9,20,1
141,17,46732,53,0.0,0,24,0,64,20,0
1314,6,36965,8000,0.18,0,1274,0,255,20,0
584,1,60407,53,24.0,0,544,0,255,20,0
49,6,47740,54300,2.0,0,0,0,64,20,1
545,17,64026,5432,24.0,0,505,0,128,20,0
53,6,28178,80,2.0,0,0,0,16,20,1
202,6,56880,8443,16.0,0,162,0,128,20,0
1119,6,44918,8443,16.0,0,1079,0,56,20,0
90,6,51751,22,24.0,0,50,0,128,20,0
1465,6,21713,443,16.0,0,1425,0,128,20,0
101,6,64677,80,2.0,0,61,0,58,20,0
188,6,28389,8000,0.18,0,148,0,64,20,0
258,6,46069,22,24.0,0,218,0,128,20,0
57,6,32036,80,2.0,0,0,0,19,20,1
74,6,15404,8443,16.0,0,34,0,56,20,0
1297,6,51117,80,0.18,0,1257,0,58,20,0
672,6,30385,53,24.0,0,632,0,128,20,0
807,6,35860,443,16.0,0,767,0,55,20,0
1003,6,20836,8000,17.0,0,963,0,64,20,0
974,6,20814,8443,18.0,0,934,0,51,20,0
117,6,17571,80,17.0,0,77,0,128,20,0
232,6,61997,8443,2.0,0,192,0,52,20,0
53,6,8155,8000,17.0,0,13,0,128,20,0
1035,6,8522,8443,16.0,0,995,0,52,20,0
234,6,21197,8443,2.0,0,194,0,56,20,0
54,6,57440,8443,16.0,0,14,0,56,20,0
278,17,13188,53,0.0,0,271,0,64,20,0
1258,1,43439,80,16.0,0,1218,0,255,20,0
697,6,15689,8000,16.0,0,657,0,57,20,0
126,6,47546,53,16.0,0,86,0,64,20,0
793,6,50520,53,0.0,0,753,0,56,20,0
138,6,49984,8000,16.0,0,98,0,64,20,0
1024,6,34195,443,17.0,0,984,0,117,20,0
114,6,35034,22,24.0,0,74,0,128,20,0
102,6,29394,8080,16.0,0,62,0,56,20,0
148,6,2323,443,24.0,0,108,0,51,20,0
160,6,28292,80,17.0,0,120,0,255,20,0
51,6,45963,33509,2.0,0,0,0,64,20,1
144,17,9837,53,0.0,0,115,0,128,20,0
66,6,34401,8443,24.0,0,26,0,51,20,0
258,6,60259,22,24.0,0,218,0,64,20,0
163,6,35824,8443,18.0,0,123,0,128,20,0
814,6,4650,8443,16.0,0,774,0,52,20,0
865,6,14770,80,17.0,0,825,0,57,20,0
1168,6,11234,8080,24.0,0,1128,0,64,20,0
413,6,37555,80,2.0,0,373,0,255,20,0
431,6,61582,5432,17.0,0,391,0,64,20,0
930,6,20253,8443,2.0,0,890,0,128,20,0
378,17,52976,443,17.0,0,338,0,60,20,0
710,6,2972,80,2.0,0,670,0,64,20,0
174,6,21560,443,24.0,0,134,0,118,20,0
1244,6,46478,8000,17.0,0,1204,0,57,20,0
1133,6,5312,5432,16.0,0,1093,0,56,20,0
66,6,52432,443,16.0,0,26,0,52,20,0
594,6,59594,80,0.18,0,554,0,255,20,0
143,6,46203,80,0.18,0,103,0,58,20,0
230,17,19063,53,0.0,0,209,0,64,20,0
166,17,28220,53,0.0,0,155,0,64,20,0
1010,1,35650,443,2.0,0,970,0,255,20,0
283,6,24551,443,17.0,0,243,0,60,20,0
58,6,55468,80,2.0,0,0,0,14,20,1
210,17,11495,5432,0.0,0,170,0,128,20,0
74,6,22584,443,24.0,0,34,0,120,20,0
168,6,14418,8080,17.0,0,128,0,57,20,0
66,6,16056,443,17.0,0,26,0,51,20,0
385,6,64457,80,17.0,0,345,0,128,20,0
74,6,42636,443,2.0,0,34,0,56,20,0
159,6,59268,80,17.0,0,119,0,128,20,0
282,17,44386,53,0.0,0,320,0,128,20,0
58,6,8863,5432,17.0,0,18,0,128,20,0
54,6,49804,443,16.0,0,14,0,55,20,0
54,6,22325,8443,16.0,0,14,0,120,20,0
639,6,51747,8080,16.0,0,599,0,64,20,0
182,6,2094,8443,16.0,0,142,0,57,20,0
304,17,43203,53,0.0,0,301,0,64,20,0
451,17,52999,53,0.0,0,261,0,64,20,0
59,6,4322,63681,2.0,0,0,0,64,20,1
378,17,39990,53,24.0,0,338,0,60,20,0
41,6,51421,80,2.0,0,0,0,27,20,1
1430,6,45040,8080,2.0,0,1390,0,128,20,0
66,6,23665,443,16.0,0,26,0,57,20,0
949,1,47567,3306,16.0,0,909,0,64,20,0
114,6,14328,22,16.0,0,74,0,64,20,0
162,6,27309,22,24.0,0,122,0,64,20,0
1391,6,47438,53,2.0,0,1351,0,64,20,0
74,6,60149,8443,16.0,0,34,0,56,20,0
112,6,35025,8000,17.0,0,72,0,255,20,0
54,6,11590,443,24.0,0,14,0,58,20,0
991,6,61499,8080,24.0,0,951,0,60,20,0
90,6,63028,22,16.0,0,50,0,64,20,0
54,6,24873,443,17.0,0,14,0,118,20,0
54,6,5930,8443,16.0,0,14,0,56,20,0
130,6,6505,22,24.0,0,90,0,64,20,0
114,6,38093,22,16.0,0,74,0,128,20,0
54,6,6901,8443,24.0,0,14,0,119,20,0
1183,17,1755,769,0.0,0,1388,1,6,20,1
54,6,34956,8443,16.0,0,14,0,117,20,0
90,6,38222,22,24.0,0,50,0,64,20,0
74,6,18321,443,16.0,0,34,0,118,20,0
182,6,28361,3306,16.0,0,142,0,64,20,0
54,6,9402,443,16.0,0,14,0,55,20,0
66,6,24864,443,16.0,0,26,0,128,20,0
445,17,43737,53,0.0,0,97,0,128,20,0
81,17,50452,53,0.0,0,25,0,64,20,0
406,17,32214,53,0.0,0,335,0,64,20,0
1284,6,6096,443,2.0,0,1244,0,64,20,0
230,6,14671,8443,24.0,0,190,0,118,20,0
55,1,0,0,0.0,8,39,0,17,20,1
1246,6,44923,80,0.0,0,1206,0,128,20,0
74,6,37199,8443,18.0,0,34,0,51,20,0
245,17,3483,53,0.0,0,127,0,64,20,0
294,6,31294,443,16.0,0,254,0,128,20,0
1270,6,35181,3306,24.0,0,1230,0,64,20,0
258,6,48658,22,16.0,0,218,0,64,20,0
220,17,6224,80,24.0,0,180,0,255,20,0
105,6,58124,8000,0.18,0,65,0,255,20,0
47,1,0,0,0.0,8,53,0,13,20,1
74,6,39114,443,24.0,0,34,0,52,20,0
54,6,38411,8443,24.0,0,14,0,58,20,0
123,6,58478,443,16.0,0,83,0,118,20,0
48,6,10720,80,2.0,0,0,0,7,20,1
874,6,7067,8080,24.0,0,834,0,255,20,0
114,6,2928,22,16.0,0,74,0,128,20,0
66,6,51863,8443,16.0,0,26,0,51,20,0
271,17,13136,53,0.0,0,349,0,128,20,0
816,6,62381,53,16.0,0,776,0,128,20,0
1492,6,53413,8443,17.0,0,1452,0,128,20,0
1478,6,13954,3306,2.0,0,1438,0,64,20,0
1141,6,17751,443,2.0,0,1101,0,64,20,0
812,6,9688,8080,0.0,0,772,0,56,20,0
61,1,0,0,0.0,8,27,0,13,20,1
66,6,25381,22,24.0,0,26,0,64,20,0
44,6,64773,80,2.0,0,0,0,27,20,1
145,6,64428,53,24.0,0,105,0,56,20,0
74,6,29954,443,16.0,0,34,0,120,20,0
226,6,23215,443,16.0,0,186,0,51,20,0
172,6,62018,8000,2.0,0,132,0,58,20,0
258,6,48760,22,16.0,0,218,0,128,20,0
42,6,57306,60134,2.0,0,0,0,64,20,1
373,6,6982,80,17.0,0,333,0,128,20,0
114,6,48760,22,24.0,0,74,0,64,20,0
1491,17,52132,354,0.0,0,1121,0,8,20,1
1164,6,34483,8000,0.18,0,1124,0,57,20,0
405,17,49290,53,0.0,0,392,0,64,20,0
1089,17,6321,473,0.0,0,1199,0,8,20,1
66,6,56812,443,16.0,0,26,0,56,20,0
1471,17,20593,22,0.0,0,1431,0,56,20,0
66,6,30655,443,16.0,0,26,0,60,20,0
965,6,64732,53,2.0,0,925,0,255,20,0
221,17,62291,53,0.0,0,271,0,128,20,0
1354,17,54355,800,0.0,0,1389,1,4,20,1
61,1,0,0,0.0,8,54,0,4,20,1
130,6,65237,443,16.0,0,90,0,60,20,0
137,6,3679,80,16.0,0,97,0,64,20,0
1112,6,12132,3306,2.0,0,1072,0,128,20,0
414,6,61095,3306,16.0,0,374,0,60,20,0
66,6,50060,8443,17.0,0,26,0,58,20,0
66,6,49345,443,24.0,0,26,0,51,20,0
66,6,41746,443,2.0,0,26,0,120,20,0
162,6,64941,22,24.0,0,122,0,128,20,0
692,6,34362,5432,0.0,0,652,0,60,20,0
56,6,50539,7755,2.0,0,0,0,64,20,1
90,6,14377,22,24.0,0,50,0,128,20,0
74,6,36757,443,16.0,0,34,0,56,20,0
66,6,11856,443,16.0,0,26,0,51,20,0
707,6,43108,80,16.0,0,667,0,60,20,0
115,17,48439,53,0.0,0,358,0,128,20,0
504,6,3558,3306,17.0,0,464,0,60,20,0
66,6,43522,8443,16.0,0,26,0,117,20,0
202,6,64847,5432,17.0,0,162,0,128,20,0
1475,6,9201,443,17.0,0,1435,0,64,20,0
477,6,22095,8080,0.18,0,437,0,128,20,0
84,6,58259,8080,16.0,0,44,0,128,20,0
62,6,17819,8000,17.0,0,22,0,128,20,0
926,6,51256,53,17.0,0,886,0,128,20,0
131,6,35893,8000,0.18,0,91,0,56,20,0
1285,17,26284,927,0.0,0,1361,1,2,20,1
805,6,30679,8080,17.0,0,765,0,64,20,0
136,6,24201,8080,16.0,0,96,0,64,20,0
399,17,22429,53,0.0,0,51,0,64,20,0
54,6,31757,443,16.0,0,14,0,51,20,0
184,6,45049,22,24.0,0,144,0,128,20,0
66,6,39623,443,17.0,0,26,0,128,20,0
1415,6,7274,53,24.0,0,1375,0,255,20,0
1084,1,56209,8080,16.0,0,1044,0,64,20,0
1430,6,35806,443,16.0,0,1390,0,64,20,0
52,6,53185,56581,2.0,0,0,0,64,20,1
54,6,43668,80,2.0,0,0,0,6,20,1
119,6,53235,53,17.0,0,79,0,56,20,0
233,6,55789,80,16.0,0,193,0,255,20,0
114,6,57796,22,16.0,0,74,0,128,20,0
63,6,18354,8080,16.0,0,23,0,57,20,0
1177,17,54872,3306,17.0,0,1137,0,255,20,0
940,6,34633,53,2.0,0,900,0,128,20,0
56,6,24136,80,2.0,0,0,0,16,20,1
54,6,47301,8443,24.0,0,14,0,51,20,0
933,6,33547,53,2.0,0,893,0,56,20,0
108,17,32779,53,0.0,0,244,0,128,20,0
74,6,21450,443,16.0,0,34,0,57,20,0
207,6,27715,8443,16.0,0,167,0,52,20,0
66,6,47122,8443,24.0,0,26,0,64,20,0
89,6,45155,8080,0.18,0,49,0,128,20,0
74,6,33752,8443,16.0,0,34,0,115,20,0
54,6,60424,8443,16.0,0,14,0,64,20,0
313,6,12832,53,16.0,0,273,0,255,20,0
114,6,54649,22,16.0,0,74,0,128,20,0
74,6,33287,443,16.0,0,34,0,64,20,0
335,6,9877,443,16.0,0,295,0,255,20,0
54,6,16891,443,16.0,0,14,0,51,20,0
140,17,26722,53,0.0,0,205,0,64,20,0
1317,6,51307,443,18.0,0,1277,0,128,20,0
258,6,23583,22,16.0,0,218,0,128,20,0
144,6,24158,80,0.18,0,104,0,128,20,0
48,6,47020,61668,2.0,0,0,0,64,20,1
90,6,47730,22,16.0,0,50,0,128,20,0
1425,6,25021,8000,2.0,0,1385,0,58,20,0
1322,6,2832,3306,24.0,0,1282,0,56,20,0
1009,6,37382,443,16.0,0,969,0,64,20,0
74,6,10940,8443,17.0,0,34,0,52,20,0
455,17,7282,53,0.0,0,322,0,128,20,0
1473,6,18680,8080,2.0,0,1433,0,128,20,0
66,6,3695,8443,24.0,0,26,0,64,20,0
74,6,55484,8443,18.0,0,34,0,52,20,0
156,17,40537,53,0.0,0,244,0,64,20,0
130,6,41626,22,24.0,0,90,0,128,20,0
1372,6,50877,443,2.0,0,1332,0,55,20,0
439,17,33626,53,0.0,0,113,0,64,20,0
127,6,42651,80,17.0,0,87,0,57,20,0
478,6,45611,22,24.0,0,438,0,255,20,0
54,6,36514,443,18.0,0,14,0,119,20,0
943,6,11390,8080,2.0,0,903,0,64,20,0
66,6,55683,8443,16.0,0,26,0,57,20,0
130,6,13653,22,24.0,0,90,0,128,20,0
161,6,9800,8000,0.18,0,121,0,58,20,0
1473,17,23012,80,16.0,0,1433,0,255,20,0
214,6,54153,443,24.0,0,174,0,49,20,0
1204,6,64951,443,16.0,0,1164,0,56,20,0
1128,6,45271,80,0.0,0,1088,0,56,20,0
1464,6,47941,8080,0.0,0,1424,0,128,20,0
130,6,62798,22,24.0,0,90,0,128,20,0
54,6,9243,443,18.0,0,14,0,119,20,0
979,17,62098,5432,2.0,0,939,0,56,20,0
112,6,37306,8080,17.0,0,72,0,57,20,0
1193,6,38316,8443,16.0,0,1153,0,118,20,0
121,6,33644,8000,0.18,0,81,0,57,20,0
43,6,36190,80,2.0,0,0,0,10,20,1
85,6,43010,80,2.0,0,45,0,57,20,0
804,6,37327,8443,24.0,0,764,0,57,20,0
104,17,36633,53,0.0,0,106,0,128,20,0
51,6,62840,80,2.0,0,0,0,19,20,1
66,6,40389,22,16.0,0,26,0,128,20,0
165,6,56255,443,24.0,0,125,0,54,20,0
205,17,25425,53,0.0,0,353,0,128,20,0
48,6,39864,53872,2.0,0,0,0,64,20,1
74,6,34069,443,16.0,0,34,0,115,20,0
162,6,26601,22,16.0,0,122,0,128,20,0
1436,17,49418,5432,16.0,0,1396,0,60,20,0
54,6,6567,443,16.0,0,14,0,56,20,0
422,6,49555,443,17.0,0,382,0,60,20,0
57,17,40526,8080,16.0,0,17,0,255,20,0
190,6,9325,80,17.0,0,150,0,56,20,0
29,1,0,0,0.0,8,4,0,7,20,1
114,6,40796,22,16.0,0,74,0,64,20,0
1133,17,4452,242,0.0,0,1347,0,6,20,1
46,6,11751,80,2.0,0,0,0,11,20,1
42,6,26470,80,2.0,0,0,0,5,20,1
112,6,58391,80,16.0,0,72,0,58,20,0
928,17,26113,80,16.0,0,888,0,56,20,0
151,6,23442,8080,0.18,0,111,0,64,20,0
66,6,39895,443,16.0,0,26,0,120,20,0
295,6,10185,80,2.0,0,255,0,56,20,0
931,6,22956,8080,17.0,0,891,0,128,20,0
48,6,34575,80,2.0,0,0,0,16,20,1
289,17,63649,53,0.0,0,253,0,64,20,0
269,6,61037,8443,17.0,0,229,0,58,20,0
90,6,38447,22,16.0,0,50,0,64,20,0
74,6,16021,443,16.0,0,34,0,54,20,0
399,17,41660,53,0.0,0,218,0,64,20,0
424,17,21624,53,0.0,0,292,0,64,20,0
284,6,31631,8443,16.0,0,244,0,64,20,0
521,6,3052,8080,17.0,0,481,0,56,20,0
176,6,64902,80,0.18,0,136,0,56,20,0
1405,1,33333,22,17.0,0,1365,0,56,20,0
391,17,60010,53,0.0,0,51,0,64,20,0
48,6,17284,80,2.0,0,0,0,8,20,1
846,17,44264,53,24.0,0,806,0,128,20,0
770,17,9413,8080,17.0,0,730,0,56,20,0
74,6,63386,443,18.0,0,34,0,119,20,0
66,6,29828,8443,2.0,0,26,0,55,20,0
934,17,49409,8080,17.0,0,894,0,56,20,0
54,6,20005,443,17.0,0,14,0,119,20,0
288,17,52552,53,0.0,0,343,0,128,20,0
40,6,9278,24092,2.0,0,0,0,64,20,1
1402,17,45963,194,0.0,0,1355,1,7,20,1
1317,6,25787,8080,17.0,0,1277,0,56,20,0
269,6,44090,443,16.0,0,229,0,54,20,0
1455,6,9914,8080,17.0,0,1415,0,57,20,0
1479,6,46593,5432,17.0,0,1439,0,128,20,0
1154,6,35903,443,17.0,0,1114,0,255,20,0
1353,17,18778,53,16.0,0,1313,0,255,20,0
1154,17,23395,299,0.0,0,1112,1,5,20,1
641,6,20063,80,2.0,0,601,0,255,20,0
833,6,6987,22,0.0,0,793,0,64,20,0
74,6,52684,8443,16.0,0,34,0,56,20,0
219,17,60796,53,0.0,0,186,0,64,20,0
1084,6,56050,443,18.0,0,1044,0,57,20,0
74,6,37710,8443,18.0,0,34,0,115,20,0
74,6,51735,8443,16.0,0,34,0,49,20,0
74,6,4018,8443,16.0,0,34,0,52,20,0
74,6,12573,443,16.0,0,34,0,54,20,0
74,6,16713,443,2.0,0,34,0,60,20,0
1224,6,10973,22,24.0,0,1184,0,60,20,0
108,6,18807,80,17.0,0,68,0,128,20,0
283,6,22435,443,17.0,0,243,0,117,20,0
824,6,54663,443,24.0,0,784,0,120,20,0
183,6,7689,8443,16.0,0,143,0,58,20,0
917,6,45080,80,0.0,0,877,0,64,20,0
40,6,62085,14084,2.0,0,0,0,64,20,1
112,6,53056,80,0.18,0,72,0,58,20,0
343,6,16547,53,0.0,0,303,0,60,20,0
117,6,17080,8080,17.0,0,77,0,128,20,0
54,6,7808,443,16.0,0,14,0,120,20,0
440,17,22036,53,0.0,0,129,0,64,20,0
830,6,14652,443,2.0,0,790,0,255,20,0
54,6,22291,8443,24.0,0,14,0,52,20,0
426,17,33464,53,0.0,0,270,0,64,20,0
124,6,31249,8443,17.0,0,84,0,51,20,0
74,6,10848,443,17.0,0,34,0,49,20,0
1445,17,10022,226,0.0,0,1210,1,9,20,1
155,17,50612,5432,24.0,0,115,0,255,20,0
609,6,64341,22,24.0,0,569,0,60,20,0
54,6,29282,443,16.0,0,14,0,55,20,0
1341,6,18089,443,16.0,0,1301,0,118,20,0
106,6,52612,8443,24.0,0,66,0,55,20,0
54,6,43781,80,16.0,0,14,0,128,20,0
42,6,23878,4237,2.0,0,0,0,64,20,1
66,6,33997,22,24.0,0,26,0,128,20,0
1310,6,26640,443,16.0,0,1270,0,57,20,0
1025,17,64697,434,0.0,0,1153,0,5,20,1
66,6,41799,443,17.0,0,26,0,57,20,0
1003,6,50730,8080,17.0,0,963,0,255,20,0
66,6,3277,8443,16.0,0,26,0,64,20,0
468,6,10446,80,16.0,0,428,0,255,20,0
66,6,53522,8443,24.0,0,26,0,119,20,0
114,6,15570,22,24.0,0,74,0,128,20,0
398,6,28786,80,16.0,0,358,0,60,20,0
66,6,44147,443,16.0,0,26,0,54,20,0
244,17,6159,53,0.0,0,191,0,128,20,0
66,6,15928,443,24.0,0,26,0,49,20,0
1230,17,13837,22,24.0,0,1190,0,255,20,0
511,17,25055,53,0.0,0,37,0,128,20,0
379,17,54027,53,0.0,0,323,0,64,20,0
1476,6,23910,8443,16.0,0,1436,0,57,20,0
57,6,11376,8080,17.0,0,17,0,128,20,0
66,6,60667,8443,2.0,0,26,0,64,20,0
419,17,32116,53,0.0,0,270,0,128,20,0
408,17,24403,53,0.0,0,232,0,64,20,0
98,6,5676,80,0.18,0,58,0,56,20,0
478,17,57973,53,0.0,0,24,0,64,20,0
1129,17,5282,333,0.0,0,1056,0,3,20,1
906,6,18494,80,24.0,0,866,0,128,20,0
74,6,8801,8443,18.0,0,34,0,119,20,0
66,6,22948,443,16.0,0,26,0,57,20,0
97,1,0,0,0.0,8,48,0,13,20,1
89,17,46182,53,0.0,0,285,0,128,20,0
300,17,62149,443,17.0,0,260,0,128,20,0
54,6,23837,8443,24.0,0,14,0,119,20,0
258,6,50919,22,24.0,0,218,0,128,20,0
214,6,2651,8443,24.0,0,174,0,118,20,0
286,6,45467,8443,16.0,0,246,0,64,20,0
1000,6,50181,5432,16.0,0,960,0,64,20,0
1142,6,40599,22,16.0,0,1102,0,56,20,0
219,6,22039,8443,16.0,0,179,0,64,20,0
148,6,16420,8080,16.0,0,108,0,128,20,0
49,6,43814,64273,2.0,0,0,0,64,20,1
74,6,16756,443,16.0,0,34,0,60,20,0
66,6,10508,8443,2.0,0,26,0,57,20,0
235,6,33993,8080,2.0,0,195,0,57,20,0
938,6,52766,8080,2.0,0,898,0,128,20,0
1383,6,47622,8080,2.0,0,1343,0,57,20,0
633,6,60019,80,16.0,0,593,0,255,20,0
66,6,1539,8443,16.0,0,26,0,49,20,0
1117,6,61763,8443,17.0,0,1077,0,118,20,0
74,6,10013,8443,16.0,0,34,0,56,20,0
1040,6,52044,22,24.0,0,1000,0,60,20,0
224,6,15769,8443,24.0,0,184,0,120,20,0
1118,17,6885,1006,0.0,0,1293,0,3,20,1
374,17,38843,53,0.0,0,65,0,128,20,0
54,6,62850,8443,16.0,0,14,0,64,20,0
90,6,34022,22,24.0,0,50,0,64,20,0
141,6,50992,8080,24.0,0,101,0,56,20,0
74,6,43161,8443,17.0,0,34,0,51,20,0
48,1,0,0,0.0,8,7,0,1,20,1
58,6,13156,179,2.0,0,0,0,64,20,1
1444,6,42529,8443,24.0,0,1404,0,117,20,0
123,6,18053,80,2.0,0,83,0,64,20,0
165,6,7490,8080,17.0,0,125,0,56,20,0
714,6,5562,3306,17.0,0,674,0,128,20,0
180,6,1242,8000,16.0,0,140,0,64,20,0
66,6,62892,8443,18.0,0,26,0,60,20,0
205,17,22651,443,24.0,0,165,0,60,20,0
1424,6,55686,8443,16.0,0,1384,0,49,20,0
922,17,33851,443,24.0,0,882,0,64,20,0
130,6,4549,3306,0.0,0,90,0,255,20,0
1375,6,50722,3306,2.0,0,1335,0,255,20,0
839,6,43264,8080,2.0,0,799,0,255,20,0
184,6,63829,22,16.0,0,144,0,128,20,0
114,6,10190,22,16.0,0,74,0,64,20,0
50,6,52887,80,2.0,0,0,0,5,20,1
162,6,54636,22,24.0,0,122,0,64,20,0
254,6,5384,443,24.0,0,214,0,56,20,0
61,6,1060,8080,2.0,0,21,0,57,20,0
66,6,41074,443,24.0,0,26,0,64,20,0
359,17,38541,53,0.0,0,423,0,128,20,0
236,17,21712,53,0.0,0,89,0,64,20,0
74,6,19772,8443,24.0,0,34,0,118,20,0
74,6,3605,8443,18.0,0,34,0,120,20,0
72,1,0,0,0.0,8,55,0,18,20,1
66,6,25012,8443,16.0,0,26,0,117,20,0
66,6,19469,443,24.0,0,26,0,117,20,0
1105,17,1823,440,0.0,0,1172,1,3,20,1
287,6,49445,443,16.0,0,247,0,51,20,0
30,1,0,0,0.0,8,33,0,2,20,1
464,17,60278,53,0.0,0,170,0,64,20,0
130,6,62975,22,16.0,0,90,0,64,20,0
54,6,55168,8443,24.0,0,14,0,60,20,0
74,6,56713,443,16.0,0,34,0,49,20,0
400,6,17683,22,17.0,0,360,0,64,20,0
162,6,11028,22,24.0,0,122,0,64,20,0
1302,6,6585,8080,0.0,0,1262,0,64,20,0
973,17,46374,443,0.0,0,933,0,56,20,0
40,6,6590,8000,17.0,0,0,0,64,20,0
840,6,41530,3306,0.0,0,800,0,60,20,0
66,6,63237,22,24.0,0,26,0,128,20,0
54,6,34840,8443,16.0,0,14,0,54,20,0
66,6,62978,443,24.0,0,26,0,64,20,0
42,1,0,0,0.0,8,30,0,14,20,1
1373,6,27929,8443,24.0,0,1333,0,119,20,0
184,6,63230,22,16.0,0,144,0,64,20,0
54,6,40910,8443,24.0,0,14,0,118,20,0
66,6,20904,8443,16.0,0,26,0,117,20,0
145,6,12681,80,2.0,0,105,0,128,20,0
365,17,52473,53,0.0,0,296,0,128,20,0
54,6,38504,8443,24.0,0,14,0,128,20,0
1186,6,50623,3306,2.0,0,1146,0,60,20,0
1345,6,25551,22,17.0,0,1305,0,56,20,0
887,17,43588,3306,0.0,0,847,0,128,20,0
849,6,46809,8080,2.0,0,809,0,57,20,0
276,17,29183,53,0.0,0,255,0,64,20,0
135,6,28289,80,17.0,0,95,0,128,20,0
58,6,30761,51893,2.0,0,0,0,64,20,1
1509,6,22301,8080,17.0,0,1460,0,255,20,0
838,6,64747,443,24.0,0,798,0,60,20,0
282,17,33680,5432,16.0,0,242,0,56,20,0
177,6,5573,8080,0.18,0,137,0,64,20,0
207,6,40493,443,16.0,0,167,0,54,20,0
184,6,25452,22,24.0,0,144,0,128,20,0
624,6,15398,22,24.0,0,584,0,56,20,0
66,6,38299,443,16.0,0,26,0,51,20,0
42,6,16610,48481,2.0,0,0,0,64,20,1
130,6,59734,22,16.0,0,90,0,64,20,0
851,6,49549,53,2.0,0,811,0,60,20,0
75,1,0,0,0.0,8,50,0,3,20,1
66,6,63399,22,24.0,0,26,0,128,20,0
1343,17,57371,225,0.0,0,1277,1,6,20,1
196,6,10342,443,16.0,0,156,0,58,20,0
1166,17,10163,686,0.0,0,1057,0,4,20,1
639,17,31238,443,2.0,0,599,0,60,20,0
74,6,14822,443,16.0,0,34,0,58,20,0
55,6,55141,8619,2.0,0,0,0,64,20,1
54,6,4188,8443,16.0,0,14,0,58,20,0
52,1,0,0,0.0,8,46,0,13,20,1
483,17,33337,53,0.0,0,358,0,128,20,0
66,6,22144,8443,16.0,0,26,0,51,20,0
46,6,13449,80,2.0,0,0,0,7,20,1
157,6,43213,8080,16.0,0,117,0,56,20,0
52,6,46172,80,2.0,0,0,0,23,20,1
54,1,0,0,0.0,8,24,0,5,20,1
66,6,37347,8443,24.0,0,26,0,128,20,0
457,17,47171,53,0.0,0,167,0,128,20,0
94,1,0,0,0.0,8,37,0,1,20,1
74,6,59373,8443,24.0,0,34,0,58,20,0
105,17,61811,8080,0.0,0,65,0,56,20,0
467,17,48275,53,0.0,0,237,0,128,20,0
1193,6,64319,80,0.0,0,1153,0,60,20,0
1020,6,4605,5432,2.0,0,980,0,128,20,0
710,6,36362,8080,0.18,0,670,0,128,20,0
83,6,37654,8443,24.0,0,43,0,49,20,0
1111,6,50370,8443,16.0,0,1071,0,64,20,0
935,17,23639,22,24.0,0,895,0,128,20,0
893,6,51267,8080,0.18,0,853,0,57,20,0
51,6,57060,80,2.0,0,0,0,27,20,1
141,6,27823,8000,0.18,0,101,0,58,20,0
54,6,22005,443,16.0,0,14,0,64,20,0
134,17,25542,53,0.0,0,466,0,64,20,0
321,17,29976,53,0.0,0,398,0,64,20,0
66,6,38446,8443,24.0,0,26,0,55,20,0
367,17,36376,53,0.0,0,252,0,64,20,0
54,6,34238,8443,2.0,0,14,0,56,20,0
370,6,41863,3306,24.0,0,330,0,128,20,0
868,17,56295,22,24.0,0,828,0,60,20,0
883,17,15438,80,16.0,0,843,0,64,20,0
258,6,35317,22,24.0,0,218,0,128,20,0
682,6,1901,5432,24.0,0,642,0,60,20,0
184,6,9072,22,24.0,0,144,0,64,20,0
66,6,47633,8443,24.0,0,26,0,120,20,0
908,6,11048,8443,16.0,0,868,0,60,20,0
281,6,25873,8443,24.0,0,241,0,64,20,0
112,6,46620,5432,0.0,0,72,0,255,20,0
1195,6,16853,443,16.0,0,1155,0,64,20,0
258,6,35511,22,16.0,0,218,0,128,20,0
66,6,50793,22,16.0,0,26,0,64,20,0
59,6,54256,80,2.0,0,0,0,20,20,1
47,6,34937,80,2.0,0,0,0,25,20,1
66,6,42624,22,24.0,0,26,0,64,20,0
1450,6,17460,80,2.0,0,1410,0,255,20,0
1396,6,1415,443,24.0,0,1356,0,255,20,0
246,17,57440,53,24.0,0,206,0,56,20,0
222,6,12496,3306,24.0,0,182,0,64,20,0
90,6,13000,22,16.0,0,50,0,64,20,0
66,6,57851,443,24.0,0,26,0,51,20,0
66,6,15295,22,16.0,0,26,0,128,20,0
92,1,0,0,0.0,8,44,0,19,20,1
66,6,57833,443,16.0,0,26,0,128,20,0
179,6,6296,8000,2.0,0,139,0,56,20,0
919,6,24229,8443,16.0,0,879,0,115,20,0
188,17,58701,53,0.0,0,427,0,64,20,0
59,6,48473,31360,2.0,0,0,0,64,20,1
79,17,26899,22,24.0,0,39,0,128,20,0
66,6,9811,443,16.0,0,26,0,49,20,0
130,6,20232,22,16.0,0,90,0,128,20,0
1095,6,10723,443,16.0,0,1055,0,52,20,0
54,6,45386,443,16.0,0,14,0,117,20,0
70,6,32375,80,16.0,0,30,0,128,20,0
490,6,19732,8080,17.0,0,450,0,58,20,0
54,6,40068,443,24.0,0,14,0,120,20,0
1467,6,53142,80,0.0,0,1427,0,128,20,0
237,6,39441,8443,16.0,0,197,0,119,20,0
90,6,27619,22,16.0,0,50,0,64,20,0
54,6,39108,443,24.0,0,14,0,119,20,0
90,6,16532,22,16.0,0,50,0,64,20,0
74,6,37953,443,16.0,0,34,0,115,20,0
1475,17,8287,1005,0.0,0,983,1,4,20,1
1454,6,45732,8080,16.0,0,1414,0,255,20,0
1164,6,46602,80,0.18,0,1124,0,255,20,0
74,6,54335,443,24.0,0,34,0,56,20,0
85,1,0,0,0.0,8,54,0,18,20,1
288,17,34704,53,0.0,0,358,0,64,20,0
384,17,23011,53,24.0,0,344,0,128,20,0
1129,6,14464,8000,0.18,0,1089,0,255,20,0
54,6,26185,443,18.0,0,14,0,120,20,0
193,6,52505,8000,17.0,0,153,0,56,20,0
109,6,9267,8443,16.0,0,69,0,55,20,0
1176,17,30172,500,0.0,0,1231,1,2,20,1
1307,6,43099,8443,24.0,0,1267,0,128,20,0
1360,6,27397,22,17.0,0,1320,1,60,20,0
54,6,41017,443,16.0,0,14,0,60,20,0
54,6,64355,8443,16.0,0,14,0,128,20,0
915,6,35846,22,24.0,0,875,0,64,20,0
432,17,45263,53,0.0,0,133,0,128,20,0
58,6,48977,8000,0.18,0,18,0,57,20,0
955,6,5246,80,16.0,0,915,0,60,20,0
129,6,1264,8443,16.0,0,89,0,56,20,0
107,17,5519,53,0.0,0,434,0,64,20,0
651,6,47256,22,16.0,0,611,0,64,20,0
66,6,45325,443,16.0,0,26,0,54,20,0
162,6,28415,22,16.0,0,122,0,64,20,0
102,17,11819,53,0.0,0,125,0,128,20,0
323,17,19944,53,0.0,0,101,0,128,20,0
74,6,7402,8443,2.0,0,34,0,64,20,0
1225,17,63568,53,0.0,0,1185,0,56,20,0
942,6,23619,5432,0.0,0,902,0,255,20,0
258,6,26516,80,17.0,0,218,0,56,20,0
229,17,56457,443,0.0,0,189,0,255,20,0
287,6,62406,443,16.0,0,247,0,57,20,0
258,6,8787,22,16.0,0,218,0,64,20,0
74,6,58245,8443,16.0,0,34,0,120,20,0
1089,17,1311,595,0.0,0,1415,0,4,20,1
74,6,53736,443,16.0,0,34,0,51,20,0
258,6,61964,22,24.0,0,218,0,128,20,0
174,6,49206,8000,2.0,0,134,0,64,20,0
771,17,6835,3306,0.0,0,731,0,64,20,0
404,1,39121,80,24.0,0,364,0,56,20,0
1077,17,39678,405,0.0,0,1370,1,6,20,1
697,6,39200,8000,0.18,0,657,0,57,20,0
1245,17,31148,360,0.0,0,1389,0,3,20,1
74,6,52413,443,24.0,0,34,0,54,20,0
155,6,25560,8000,17.0,0,115,0,56,20,0
132,17,15767,53,0.0,0,111,0,128,20,0
1003,17,62321,2,0.0,0,972,1,4,20,1
162,6,7114,22,16.0,0,122,0,128,20,0
1211,17,42140,231,0.0,0,1069,0,3,20,1
52,6,19348,26759,2.0,0,0,0,64,20,1
28,1,0,0,0.0,8,41,0,5,20,1
1129,6,27349,8080,2.0,0,1089,0,128,20,0
868,6,36210,443,16.0,0,828,0,119,20,0
37,1,0,0,0.0,8,33,0,3,20,1
271,6,43592,8080,16.0,0,231,0,58,20,0
154,6,23340,80,2.0,0,114,0,58,20,0
425,6,24427,80,16.0,0,385,0,60,20,0
509,17,10319,53,0.0,0,385,0,64,20,0
33,1,0,0,0.0,8,41,0,9,20,1
335,6,52930,443,2.0,0,295,0,255,20,0
524,6,54696,3306,16.0,0,484,0,60,20,0
479,17,59852,53,0.0,0,415,0,128,20,0
47,6,53828,32409,2.0,0,0,0,64,20,1
151,17,60335,53,0.0,0,418,0,64,20,0
237,6,10993,8443,24.0,0,197,0,52,20,0
375,17,40555,3306,2.0,0,335,0,64,20,0
74,6,50080,443,17.0,0,34,0,117,20,0
319,6,25938,8080,2.0,0,279,0,56,20,0
917,6,34822,8443,2.0,0,877,0,60,20,0
66,6,51208,443,16.0,0,26,0,51,20,0
259,17,12360,53,0.0,0,126,0,64,20,0
157,17,11851,22,24.0,0,117,0,60,20,0
54,6,4456,443,16.0,0,14,0,58,20,0
90,6,56909,22,16.0,0,50,0,64,20,0
53,6,41388,443,24.0,0,13,0,255,20,0
633,6,23014,8080,17.0,0,593,0,128,20,0
76,6,27105,8000,17.0,0,36,0,58,20,0
90,6,61022,22,16.0,0,50,0,128,20,0
382,17,48889,53,0.0,0,140,0,128,20,0
184,6,8863,22,24.0,0,144,0,128,20,0
1372,6,11492,22,24.0,0,1332,0,255,20,0
162,6,42606,22,24.0,0,122,0,64,20,0
43,6,14321,80,2.0,0,0,0,3,20,1
89,6,43488,8080,16.0,0,49,0,128,20,0
1384,6,26066,8080,17.0,0,1344,0,56,20,0
1490,17,50518,882,0.0,0,1358,0,6,20,1
427,6,2798,5432,0.0,0,387,0,56,20,0
950,6,56240,8080,2.0,0,910,0,128,20,0
880,6,1340,22,24.0,0,840,0,56,20,0
1335,17,18470,224,0.0,0,968,0,8,20,1
1353,6,44485,8443,17.0,0,1313,0,115,20,0
698,6,8673,80,2.0,0,658,0,57,20,0
135,6,64599,80,2.0,0,95,0,128,20,0
121,6,53947,443,0.0,0,81,0,56,20,0
1031,17,34602,188,0.0,0,1171,1,7,20,1
267,17,6623,53,0.0,0,319,0,128,20,0
982,17,24816,3306,0.0,0,942,0,255,20,0
453,17,43263,80,24.0,0,413,0,56,20,0
114,6,59745,22,24.0,0,74,0,128,20,0
507,17,60878,53,0.0,0,128,0,128,20,0
376,6,39927,8080,2.0,0,336,0,56,20,0
184,6,45465,22,16.0,0,144,0,64,20,0
74,6,39916,443,16.0,0,34,0,120,20,0
71,1,0,0,0.0,8,29,0,5,20,1
1420,17,46887,443,0.0,0,1380,0,60,20,0
54,6,48228,443,16.0,0,14,0,54,20,0
269,6,1072,8443,16.0,0,229,0,118,20,0
66,6,14777,8443,16.0,0,26,0,115,20,0
114,6,18197,22,24.0,0,74,0,64,20,0
705,17,11711,3306,17.0,0,665,0,60,20,0
74,6,13376,443,16.0,0,34,0,52,20,0
1039,17,38544,580,0.0,0,1203,1,4,20,1
375,17,62051,53,0.0,0,275,0,64,20,0
58,6,39971,209,2.0,0,0,0,64,20,1
1299,6,63433,8000,17.0,0,1259,0,255,20,0
47,6,23648,59987,2.0,0,0,0,64,20,1
254,17,36170,8080,0.0,0,214,0,60,20,0
114,6,34850,8080,17.0,0,74,0,64,20,0
92,17,17128,53,0.0,0,443,0,64,20,0
74,6,61221,443,16.0,0,34,0,57,20,0
1440,6,35337,8080,0.0,0,1400,0,64,20,0
74,6,21340,443,18.0,0,34,0,128,20,0
230,6,42306,443,16.0,0,190,0,57,20,0
467,17,4666,53,0.0,0,71,0,128,20,0
90,6,17076,22,24.0,0,50,0,64,20,0
56,6,11743,35538,2.0,0,0,0,64,20,1
154,6,14204,8443,16.0,0,114,0,55,20,0
54,6,11382,443,16.0,0,14,0,54,20,0
553,6,4121,8080,2.0,0,513,0,56,20,0
329,17,15442,53,0.0,0,250,0,64,20,0
180,6,47524,443,17.0,0,140,0,58,20,0
1152,6,5791,5432,24.0,0,1112,0,60,20,0
810,17,41314,80,16.0,0,770,0,60,20,0
36,1,0,0,0.0,8,29,0,3,20,1
90,6,8227,22,16.0,0,50,0,64,20,0
197,6,23250,8000,2.0,0,157,0,128,20,0
1028,6,62213,5432,16.0,0,988,0,64,20,0
86,17,62586,53,0.0,0,344,0,64,20,0
1035,17,48607,45,0.0,0,1150,0,4,20,1
236,17,53991,443,24.0,0,196,0,128,20,0
123,17,18825,53,0.0,0,327,0,128,20,0
936,6,9861,443,17.0,0,896,0,255,20,0
1474,6,25627,8000,16.0,0,1434,0,128,20,0
74,6,25015,443,16.0,0,34,0,54,20,0
1216,17,52053,969,0.0,0,1246,0,2,20,1
346,6,24566,8080,17.0,0,306,0,128,20,0
177,6,43378,8080,2.0,0,137,0,128,20,0
972,6,24374,443,16.0,0,932,0,118,20,0
137,6,52662,443,16.0,0,97,0,56,20,0
49,6,12438,36611,2.0,0,0,0,64,20,1
54,6,54133,443,18.0,0,14,0,120,20,0
1122,6,32236,8080,16.0,0,1082,0,58,20,0
800,6,8715,8080,0.18,0,760,0,57,20,0
1275,6,23809,443,16.0,0,1235,0,64,20,0
46,6,16666,8000,0.18,0,6,0,56,20,0
317,6,62289,8080,0.18,0,277,0,255,20,0
384,17,21910,3306,2.0,0,344,0,60,20,0
708,17,31623,22,2.0,0,668,0,60,20,0
48,6,14379,80,2.0,0,0,0,15,20,1
128,17,11290,22,24.0,0,88,0,255,20,0
427,1,51233,8080,17.0,0,387,0,128,20,0
54,6,47715,8443,16.0,0,14,0,119,20,0
279,6,58681,443,18.0,0,239,0,55,20,0
279,17,25737,53,0.0,0,425,0,128,20,0
224,17,11457,53,0.0,0,363,0,128,20,0
255,6,19400,5432,24.0,0,215,0,60,20,0
368,6,4221,80,17.0,0,328,0,64,20,0
66,6,61414,8443,24.0,0,26,0,120,20,0
43,6,41474,59629,2.0,0,0,0,64,20,1
1443,6,62913,53,0.0,0,1403,0,255,20,0
153,6,51461,8080,0.18,0,113,0,57,20,0
54,6,1046,80,2.0,0,0,0,1,20,1
1318,6,17402,443,17.0,0,1278,0,60,20,0
1095,17,65475,459,0.0,0,1265,0,4,20,1
63,17,54440,53,0.0,0,269,0,64,20,0
74,6,36211,8443,17.0,0,34,0,128,20,0
462,17,45473,53,0.0,0,160,0,64,20,0
92,6,2311,8080,17.0,0,52,0,56,20,0
1495,6,52779,5432,2.0,0,1455,0,128,20,0
1239,17,55064,5432,0.0,0,1199,0,128,20,0
1371,1,21365,8080,24.0,0,1331,0,128,20,0
258,6,29090,22,24.0,0,218,0,64,20,0
1150,6,61286,3306,2.0,0,1110,0,60,20,0
40,6,4012,30495,2.0,0,0,0,64,20,1
74,6,31015,443,18.0,0,34,0,58,20,0
74,6,24848,8443,16.0,0,34,0,51,20,0
145,6,45538,8080,16.0,0,105,0,56,20,0
162,6,12637,22,16.0,0,122,0,64,20,0
90,17,13928,53,0.0,0,318,0,128,20,0
897,6,64501,443,16.0,0,857,0,119,20,0
598,6,48126,3306,24.0,0,558,0,60,20,0
133,6,49198,443,18.0,0,93,0,115,20,0
1118,6,59824,443,24.0,0,1078,0,57,20,0
59,6,59889,80,2.0,0,0,0,4,20,1
66,6,58449,443,16.0,0,26,0,56,20,0
136,6,50916,8080,2.0,0,96,0,128,20,0
54,6,11772,8443,16.0,0,14,0,51,20,0
162,6,27164,22,24.0,0,122,0,128,20,0
54,6,1558,8443,16.0,0,14,0,51,20,0
146,17,38317,53,0.0,0,317,0,128,20,0
1012,6,8657,8443,24.0,0,972,0,119,20,0
54,6,42874,8443,16.0,0,14,0,51,20,0
1134,6,57982,443,16.0,0,1094,0,128,20,0
407,6,6687,8080,0.18,0,367,0,128,20,0
269,6,25837,8443,2.0,0,229,0,58,20,0
114,6,58731,22,16.0,0,74,0,64,20,0
66,6,61125,443,16.0,0,26,0,52,20,0
54,6,16053,8443,24.0,0,14,0,49,20,0
1377,6,23150,53,16.0,0,1337,0,128,20,0
74,6,16356,8443,16.0,0,34,0,52,20,0
1162,6,31504,443,16.0,0,1122,0,52,20,0
136,6,13655,8000,16.0,0,96,0,255,20,0
162,6,22456,22,24.0,0,122,0,64,20,0
54,6,6601,443,2.0,0,14,0,120,20,0
685,6,58877,53,0.0,0,645,0,64,20,0
50,6,23020,80,2.0,0,0,0,22,20,1
46,6,54838,80,2.0,0,0,0,23,20,1
953,6,30031,443,17.0,0,913,0,58,20,0
265,6,4318,443,17.0,0,225,0,64,20,0
74,6,26892,8443,24.0,0,34,0,55,20,0
90,6,65036,22,16.0,0,50,0,128,20,0
54,6,54376,8443,17.0,0,14,0,52,20,0
74,6,28696,8443,2.0,0,34,0,64,20,0
91,17,21545,53,0.0,0,396,0,64,20,0
93,6,63392,443,18.0,0,53,0,118,20,0
1452,6,47657,80,0.18,0,1412,0,128,20,0
54,6,45352,8443,16.0,0,14,0,119,20,0
240,6,10103,8443,16.0,0,200,0,117,20,0
74,6,47240,443,16.0,0,34,0,60,20,0
808,6,15365,22,2.0,0,768,0,128,20,0
74,6,2254,443,24.0,0,34,0,55,20,0
804,6,64696,5432,16.0,0,764,0,60,20,0
60,17,8445,53,0.0,0,451,0,64,20,0
54,6,13248,443,18.0,0,14,0,119,20,0
173,6,52784,80,0.18,0,133,0,64,20,0
81,17,43543,53,0.0,0,153,0,64,20,0
1344,17,62725,3306,16.0,0,1304,0,255,20,0
932,6,57172,443,16.0,0,892,0,49,20,0
54,6,13669,54190,2.0,0,0,0,64,20,1
93,1,0,0,0.0,8,6,0,5,20,1
834,17,55550,3306,0.0,0,794,0,60,20,0
74,6,61337,8443,24.0,0,34,0,118,20,0
1049,6,64319,80,2.0,0,1009,0,255,20,0
258,6,48550,22,24.0,0,218,0,128,20,0
262,6,55935,80,0.18,0,222,0,255,20,0
114,6,26229,22,16.0,0,74,0,128,20,0
473,6,28136,80,16.0,0,433,0,57,20,0
184,6,13917,22,24.0,0,144,0,128,20,0
185,6,23815,80,16.0,0,145,0,56,20,0
1157,6,38448,3306,2.0,0,1117,0,56,20,0
54,6,6494,8443,16.0,0,14,0,117,20,0
1006,17,36592,5432,16.0,0,966,0,56,20,0
92,6,32580,8443,17.0,0,52,0,118,20,0
74,6,60199,443,2.0,0,34,0,117,20,0
98,6,40484,80,16.0,0,58,0,56,20,0
627,6,2576,80,0.18,0,587,0,57,20,0
401,6,44799,8080,0.18,0,361,0,56,20,0
189,6,30641,80,16.0,0,149,0,56,20,0
74,6,11705,8443,24.0,0,34,0,49,20,0
74,6,4694,8443,2.0,0,34,0,52,20,0
1177,6,53680,443,16.0,0,1137,0,128,20,0
162,6,24423,22,16.0,0,122,0,64,20,0
129,17,64880,53,0.0,0,66,0,128,20,0
66,6,19854,443,16.0,0,26,0,60,20,0
74,6,26275,8443,24.0,0,34,0,115,20,0
66,6,9344,8443,16.0,0,26,0,49,20,0
184,6,36926,22,24.0,0,144,0,64,20,0
352,6,51863,80,2.0,0,312,0,255,20,0
59,6,51823,8671,2.0,0,0,0,64,20,1
437,17,4483,53,0.0,0,113,0,128,20,0
1082,6,56461,8080,0.18,0,1042,0,57,20,0
130,6,39777,22,16.0,0,90,0,128,20,0
130,6,44660,22,16.0,0,90,0,64,20,0
74,6,58748,443,16.0,0,34,0,64,20,0
1347,17,32066,905,0.0,0,1112,1,2,20,1
66,6,1414,8443,24.0,0,26,0,52,20,0
1322,6,54852,443,2.0,0,1282,0,60,20,0
469,17,28443,53,0.0,0,155,0,64,20,0
74,6,64945,443,16.0,0,34,0,64,20,0
978,17,50738,443,0.0,0,938,0,60,20,0
66,6,50407,443,24.0,0,26,0,56,20,0
1419,1,7962,8080,0.0,0,1379,0,255,20,0
537,1,33472,8080,16.0,0,497,0,255,20,0
1360,6,11875,8080,17.0,0,1320,0,255,20,0
1313,6,8903,8080,24.0,0,1273,0,60,20,0
676,6,17182,3306,0.0,0,636,0,60,20,0
258,6,64100,22,16.0,0,218,0,64,20,0
130,6,11070,22,24.0,0,90,0,128,20,0
175,6,46125,80,17.0,0,135,0,255,20,0
79,6,16922,80,17.0,0,39,0,56,20,0
1347,6,12994,443,17.0,0,1307,0,56,20,0
370,17,41888,53,0.0,0,312,0,64,20,0
119,17,49432,53,0.0,0,187,0,128,20,0
70,6,24494,8080,17.0,0,30,0,128,20,0
66,6,25321,8000,16.0,0,26,0,58,20,0
322,17,8227,53,0.0,0,239,0,128,20,0
1069,6,9014,8080,2.0,0,1029,0,128,20,0
1215,6,10768,22,24.0,0,1175,0,255,20,0
970,6,59037,53,2.0,0,930,0,128,20,0
1134,1,20737,80,16.0,0,1094,0,60,20,0
74,6,20427,443,16.0,0,34,0,128,20,0
74,6,20214,8443,24.0,0,34,0,51,20,0
184,6,46863,22,24.0,0,144,0,64,20,0
284,17,48931,53,0.0,0,71,0,128,20,0
76,1,0,0,0.0,8,29,0,17,20,1
242,6,58740,443,16.0,0,202,0,49,20,0
886,6,1632,53,16.0,0,846,0,56,20,0
54,6,18162,8443,16.0,0,14,0,51,20,0
1170,6,33181,443,16.0,0,1130,0,54,20,0
184,6,52610,22,24.0,0,144,0,64,20,0
66,6,23373,22,16.0,0,26,0,64,20,0
51,6,39069,80,2.0,0,0,0,5,20,1
54,6,17419,443,16.0,0,14,0,115,20,0
162,6,14285,22,24.0,0,122,0,64,20,0
129,6,48859,80,16.0,0,89,0,58,20,0
703,6,58595,443,0.0,0,663,0,255,20,0
92,17,64802,53,0.0,0,172,0,128,20,0
258,6,47777,22,16.0,0,218,0,128,20,0
1303,17,52222,654,0.0,0,1268,0,5,20,1
143,17,37781,53,0.0,0,86,0,128,20,0
54,6,60762,8443,16.0,0,14,0,52,20,0
52,6,30749,36594,2.0,0,0,0,64,20,1
42,6,16100,36714,2.0,0,0,0,64,20,1
409,17,65120,53,0.0,0,194,0,64,20,0
106,6,37182,8000,0.18,0,66,0,255,20,0
888,6,17110,80,0.0,0,848,0,64,20,0
211,6,2369,53,17.0,0,171,0,56,20,0
66,6,50721,8443,16.0,0,26,0,128,20,0
197,17,16275,53,0.0,0,103,0,128,20,0
208,6,53143,443,2.0,0,168,0,56,20,0
258,6,18505,22,16.0,0,218,0,64,20,0
40,6,10045,80,2.0,0,0,0,16,20,1
30,1,0,0,0.0,8,19,0,16,20,1
184,6,3631,22,24.0,0,144,0,64,20,0
170,6,40744,8000,2.0,0,130,0,64,20,0
54,6,15468,8443,16.0,0,14,0,51,20,0
42,1,0,0,0.0,8,7,0,1,20,1
293,17,62818,53,0.0,0,116,0,128,20,0
454,17,29716,53,0.0,0,195,0,128,20,0
1055,17,5880,5432,0.0,0,1015,0,255,20,0
54,6,30187,443,2.0,0,14,0,115,20,0
1184,6,33552,8443,17.0,0,1144,0,60,20,0
860,17,23117,53,24.0,0,820,0,64,20,0
76,17,26848,53,0.0,0,144,0,128,20,0
80,6,50340,8443,16.0,0,40,0,54,20,0
859,6,16614,5432,17.0,0,819,0,64,20,0
96,6,52642,443,17.0,0,56,0,57,20,0
303,17,47590,53,0.0,0,228,0,128,20,0
1085,6,7432,443,0.0,0,1045,0,64,20,0
162,6,46478,22,16.0,0,122,0,64,20,0
399,17,61199,53,0.0,0,137,0,128,20,0
740,6,22987,22,0.0,0,700,0,56,20,0
917,1,25155,3306,24.0,0,877,0,128,20,0
305,6,43474,53,2.0,0,265,0,255,20,0
81,17,42324,53,0.0,0,104,0,128,20,0
238,17,38080,53,0.0,0,219,0,128,20,0
712,6,35765,5432,17.0,0,672,0,64,20,0
42,6,23317,9233,2.0,0,0,0,64,20,1
345,6,33846,8080,16.0,0,305,0,128,20,0
114,6,10989,22,24.0,0,74,0,128,20,0
1044,17,39717,532,0.0,0,1389,0,4,20,1
225,6,15295,8443,16.0,0,185,0,57,20,0
1285,6,63537,8000,16.0,0,1245,0,64,20,0
40,1,0,0,0.0,8,28,0,10,20,1
114,6,29671,22,16.0,0,74,0,64,20,0
1164,6,48004,8080,17.0,0,1124,0,56,20,0
627,6,33468,80,2.0,0,587,0,255,20,0
174,17,13620,53,0.0,0,190,0,128,20,0
251,6,42136,8080,24.0,0,211,0,255,20,0
1207,17,4605,197,0.0,0,1254,1,6,20,1
355,17,49421,53,0.0,0,179,0,64,20,0
280,6,60022,8080,16.0,0,240,0,64,20,0
66,6,22238,22,24.0,0,26,0,64,20,0
1364,17,7093,3306,17.0,0,1324,0,128,20,0
60,6,10659,80,0.18,0,20,0,57,20,0
601,6,10938,5432,17.0,0,561,0,128,20,0
133,6,6371,80,17.0,0,93,0,57,20,0
99,6,48942,8000,0.18,0,59,0,56,20,0
300,17,58496,53,0.0,0,405,0,64,20,0
133,6,40591,443,16.0,0,93,0,118,20,0
1412,17,61996,80,17.0,0,1372,0,255,20,0
187,6,35856,8080,0.18,0,147,0,64,20,0
1060,6,39808,443,16.0,0,1020,0,64,20,0
1380,6,62342,443,17.0,0,1340,0,60,20,0
66,6,60049,443,16.0,0,26,0,54,20,0
54,6,55839,443,16.0,0,14,0,52,20,0
105,17,10800,53,0.0,0,202,0,128,20,0
74,6,52460,443,17.0,0,34,0,52,20,0
137,6,38976,443,16.0,0,97,0,52,20,0
90,6,44844,22,16.0,0,50,0,128,20,0
32,1,0,0,0.0,8,39,0,12,20,1
74,6,17586,8443,24.0,0,34,0,120,20,0
65,17,61572,53,0.0,0,255,0,64,20,0
794,6,40466,22,16.0,0,754,0,64,20,0
74,6,65017,443,17.0,0,34,0,57,20,0
1302,17,39725,932,0.0,0,982,0,6,20,1
90,6,52210,22,16.0,0,50,0,128,20,0
1246,17,38897,297,0.0,0,1087,0,4,20,1
221,17,55309,53,0.0,0,128,0,64,20,0
1308,17,42337,53,16.0,0,1268,0,60,20,0
66,6,14664,22,16.0,0,26,0,128,20,0
481,17,59153,22,24.0,0,441,0,255,20,0
1412,17,22736,172,0.0,0,1095,0,8,20,1
204,17,32366,53,0.0,0,186,0,64,20,0
43,6,27768,27501,2.0,0,0,0,64,20,1
869,6,47803,8000,0.18,0,829,0,57,20,0
1157,6,11474,443,17.0,0,1117,0,52,20,0
1332,17,57362,662,0.0,0,1021,1,3,20,1
258,6,51639,22,16.0,0,218,0,128,20,0
41,1,0,0,0.0,8,2,0,10,20,1
338,6,62898,80,24.0,0,298,0,128,20,0
245,6,39748,8443,24.0,0,205,0,64,20,0
66,6,49944,8443,16.0,0,26,0,120,20,0
258,6,33702,22,16.0,0,218,0,64,20,0
49,6,57380,10347,2.0,0,0,0,64,20,1
151,6,23665,8000,16.0,0,111,0,255,20,0
66,6,54711,443,2.0,0,26,0,128,20,0
983,6,51208,8080,17.0,0,943,0,60,20,0
1505,6,62813,3306,24.0,0,1460,0,128,20,0
179,6,36027,8080,17.0,0,139,0,57,20,0
560,17,51507,53,0.0,0,520,0,255,20,0
49,6,14006,6978,2.0,0,0,0,64,20,1
170,17,41814,3306,17.0,0,130,0,64,20,0
1355,17,31604,681,0.0,0,1255,1,8,20,1
66,6,20250,8443,24.0,0,26,0,54,20,0
602,6,20016,8000,16.0,0,562,0,57,20,0
66,6,1799,22,16.0,0,26,0,128,20,0
66,6,21248,443,16.0,0,26,0,51,20,0
183,6,9751,80,17.0,0,143,0,57,20,0
80,6,58989,80,0.18,0,40,0,128,20,0
231,6,17779,443,18.0,0,191,0,120,20,0
73,1,0,0,0.0,8,28,0,8,20,1
329,17,32300,53,0.0,0,145,0,128,20,0
258,6,40645,22,16.0,0,218,0,64,20,0
70,17,52380,53,0.0,0,71,0,128,20,0
169,6,12638,80,2.0,0,129,0,64,20,0
900,6,28132,443,16.0,0,860,0,56,20,0
66,6,50772,443,16.0,0,26,0,128,20,0
66,6,33720,8443,16.0,0,26,0,54,20,0
89,6,44011,80,2.0,0,49,0,64,20,0
1048,6,61378,443,16.0,0,1008,0,120,20,0
179,17,4529,53,0.0,0,375,0,64,20,0
1159,1,19548,443,0.0,0,1119,0,60,20,0
69,1,0,0,0.0,8,13,0,7,20,1
420,6,60404,53,16.0,0,380,0,56,20,0
691,17,48453,80,24.0,0,651,0,128,20,0
258,6,29052,22,16.0,0,218,0,128,20,0
1493,6,47130,3306,2.0,0,1453,0,64,20,0
1035,6,12343,443,2.0,0,995,0,56,20,0
74,6,7183,443,17.0,0,34,0,64,20,0
299,6,58257,443,16.0,0,259,0,115,20,0
66,6,2171,22,16.0,0,26,0,64,20,0
1295,17,61157,731,0.0,0,1247,0,1,20,1
668,6,27750,443,24.0,0,628,0,60,20,0
318,6,8635,8080,16.0,0,278,0,128,20,0
481,17,5781,53,0.0,0,231,0,128,20,0
74,6,57547,443,24.0,0,34,0,115,20,0
312,6,54235,3306,24.0,0,272,0,60,20,0
1432,17,52345,478,0.0,0,1370,1,3,20,1
130,6,49102,22,16.0,0,90,0,128,20,0
62,17,61001,53,0.0,0,56,0,128,20,0
258,6,43374,22,24.0,0,218,0,128,20,0
983,17,28578,443,24.0,0,943,0,64,20,0
66,6,46162,8443,17.0,0,26,0,49,20,0
540,6,17169,8080,0.0,0,500,0,64,20,0
1313,6,50248,53,0.0,0,1273,0,64,20,0
830,6,58104,5432,16.0,0,790,0,64,20,0
74,6,30855,8443,16.0,0,34,0,51,20,0
1498,6,5062,443,2.0,0,1458,1,64,20,0
1055,6,27997,443,2.0,0,1015,0,54,20,0
1421,6,28853,443,16.0,0,1381,0,56,20,0
66,6,33583,8443,24.0,0,26,0,49,20,0
258,6,33028,22,24.0,0,218,0,128,20,0
269,1,14378,8080,17.0,0,229,0,64,20,0
74,6,26236,8443,16.0,0,34,0,118,20,0
357,6,42373,80,17.0,0,317,0,57,20,0
190,17,29101,53,0.0,0,462,0,64,20,0
131,6,40391,8080,17.0,0,91,0,255,20,0
184,6,10443,22,24.0,0,144,0,64,20,0
1336,6,21784,443,17.0,0,1296,0,57,20,0
66,6,33722,443,17.0,0,26,0,120,20,0
326,6,3656,443,16.0,0,286,0,60,20,0
273,6,38166,8000,2.0,0,233,0,58,20,0
258,6,25231,8443,16.0,0,218,0,64,20,0
54,6,6443,8443,16.0,0,14,0,52,20,0
66,6,38191,8443,24.0,0,26,0,58,20,0
162,6,58211,22,16.0,0,122,0,64,20,0
114,6,27970,22,16.0,0,74,0,128,20,0
951,6,25106,443,17.0,0,911,0,128,20,0
90,6,46041,22,24.0,0,50,0,128,20,0
184,6,61655,22,24.0,0,144,0,128,20,0
195,17,56832,53,0.0,0,363,0,128,20,0
517,6,61543,53,0.0,0,477,0,128,20,0
184,6,36420,22,16.0,0,144,0,64,20,0
303,6,25117,5432,0.0,0,263,0,128,20,0
1412,6,42934,8443,16.0,0,1372,0,49,20,0
114,6,43150,22,16.0,0,74,0,64,20,0
173,6,51570,80,0.18,0,133,0,128,20,0
563,17,31817,8080,0.0,0,523,0,255,20,0
99,1,0,0,0.0,8,40,0,15,20,1
60,1,0,0,0.0,8,35,0,8,20,1
54,6,30172,8443,24.0,0,14,0,57,20,0
275,17,60072,53,0.0,0,189,0,64,20,0
1494,6,22174,8080,0.0,0,1454,0,255,20,0
88,6,44846,8080,17.0,0,48,0,128,20,0
53,6,50199,19715,2.0,0,0,0,64,20,1
66,6,48660,8443,16.0,0,26,0,119,20,0
51,6,1658,80,2.0,0,0,0,23,20,1
151,17,44502,53,0.0,0,55,0,64,20,0
430,17,27527,53,0.0,0,140,0,128,20,0
66,6,10667,8443,16.0,0,26,0,56,20,0
48,6,24649,80,2.0,0,0,0,14,20,1
184,6,9531,22,16.0,0,144,0,64,20,0
1117,17,54183,5432,2.0,0,1077,0,56,20,0
162,6,1479,22,16.0,0,122,0,64,20,0
192,6,22835,443,16.0,0,152,0,128,20,0
66,6,2629,443,16.0,0,26,0,58,20,0
1315,6,21947,8443,24.0,0,1275,0,57,20,0
97,6,16942,8080,2.0,0,57,0,128,20,0
1145,6,1227,443,24.0,0,1105,0,60,20,0
54,6,39722,8443,24.0,0,14,0,56,20,0
66,6,53926,22,16.0,0,26,0,128,20,0
358,6,4267,22,17.0,0,318,0,56,20,0
41,6,36716,80,2.0,0,0,0,7,20,1
329,17,19107,22,0.0,0,289,0,128,20,0
184,6,52675,22,24.0,0,144,0,128,20,0
340,17,53032,8080,24.0,0,300,0,128,20,0
94,6,6636,80,16.0,0,54,0,58,20,0
138,6,59957,80,17.0,0,98,0,56,20,0
74,6,61550,443,16.0,0,34,0,49,20,0
345,17,16763,53,0.0,0,243,0,128,20,0
294,6,13482,443,16.0,0,254,0,117,20,0
184,6,53597,22,16.0,0,144,0,128,20,0
130,6,27686,22,16.0,0,90,0,128,20,0
850,17,49588,3306,24.0,0,810,0,255,20,0
90,6,38781,22,24.0,0,50,0,64,20,0
172,6,48916,8443,16.0,0,132,0,64,20,0
54,6,8778,8443,2.0,0,14,0,54,20,0
1077,6,25593,8080,24.0,0,1037,0,56,20,0
135,6,48999,443,16.0,0,95,0,120,20,0
42,6,35206,2664,2.0,0,0,0,64,20,1
54,6,11936,8443,16.0,0,14,0,115,20,0
182,6,31639,8000,2.0,0,142,0,128,20,0
175,17,46272,53,0.0,0,248,0,64,20,0
294,6,37955,443,16.0,0,254,0,54,20,0
902,6,61972,8000,2.0,0,862,0,56,20,0
1178,17,26451,53,0.0,0,1138,0,56,20,0
74,6,55986,443,16.0,0,34,0,115,20,0
477,6,16226,5432,24.0,0,437,0,128,20,0
1020,6,31256,8080,17.0,0,980,0,56,20,0
197,6,8108,8080,2.0,0,157,0,64,20,0
62,6,63333,80,0.18,0,22,0,57,20,0
1053,6,33507,8000,16.0,0,1013,0,58,20,0
763,6,8399,443,16.0,0,723,0,128,20,0
1143,17,17912,22,2.0,0,1103,0,56,20,0
55,6,43567,80,2.0,0,0,0,11,20,1
130,6,10528,22,24.0,0,90,0,128,20,0
1101,17,21490,22,2.0,0,1061,0,255,20,0
1508,6,27024,8080,16.0,0,1460,0,128,20,0
204,17,65230,5432,24.0,0,164,0,255,20,0
417,17,11071,53,0.0,0,189,0,64,20,0
1131,6,44636,80,24.0,0,1091,0,64,20,0
1142,6,31820,8080,16.0,0,1102,0,128,20,0
1141,6,44570,8080,0.0,0,1101,0,64,20,0
45,6,23828,8000,2.0,0,5,0,255,20,0
114,6,3903,22,16.0,0,74,0,128,20,0
1104,6,43900,80,0.18,0,1064,0,58,20,0
689,6,54499,80,2.0,0,649,0,255,20,0
28,1,0,0,0.0,8,24,0,8,20,1
360,6,48723,80,17.0,0,320,0,57,20,0
87,17,43921,53,0.0,0,257,0,128,20,0
1033,17,4566,169,0.0,0,1306,0,2,20,1
259,6,28469,443,16.0,0,219,0,54,20,0
162,6,51932,22,16.0,0,122,0,128,20,0
49,6,32136,15659,2.0,0,0,0,64,20,1
119,6,61261,8000,17.0,0,79,0,64,20,0
90,6,4145,22,16.0,0,50,0,64,20,0
149,6,51666,443,24.0,0,109,0,60,20,0
908,6,48431,8000,17.0,0,868,0,64,20,0
561,17,8054,22,24.0,0,521,0,64,20,0
371,6,15386,443,0.0,0,331,0,128,20,0
814,6,28435,8000,17.0,0,774,0,57,20,0
53,6,65118,52581,2.0,0,0,0,64,20,1
162,6,51174,22,16.0,0,122,0,64,20,0
308,17,37282,443,0.0,0,268,0,60,20,0
184,6,18726,22,16.0,0,144,0,64,20,0
259,17,7316,53,0.0,0,62,0,128,20,0
560,17,58028,5432,17.0,0,520,0,255,20,0
106,6,42539,8443,17.0,0,66,0,120,20,0
1080,6,25371,22,0.0,0,1040,0,56,20,0
194,6,24406,8443,18.0,0,154,0,119,20,0
334,6,22041,53,0.0,0,294,0,128,20,0
66,6,52396,8443,16.0,0,26,0,55,20,0
42,6,21711,80,2.0,0,0,0,20,20,1
1057,17,54011,716,0.0,0,996,1,4,20,1
1245,17,18983,19,0.0,0,1025,0,7,20,1
137,6,57227,8080,16.0,0,97,0,58,20,0
219,6,21864,443,24.0,0,179,0,60,20,0
298,6,31337,443,24.0,0,258,0,60,20,0
313,17,14426,53,0.0,0,26,0,64,20,0
45,6,51923,54622,2.0,0,0,0,64,20,1
464,17,36342,53,0.0,0,56,0,128,20,0
1393,17,8169,179,0.0,0,1295,0,1,20,1
142,6,41154,443,16.0,0,102,0,60,20,0
66,6,47958,443,16.0,0,26,0,118,20,0
1056,6,1519,8443,17.0,0,1016,0,60,20,0
40,6,46301,80,2.0,0,0,0,20,20,1
96,6,55533,80,2.0,0,56,0,58,20,0
74,6,21140,443,18.0,0,34,0,117,20,0
1243,6,37704,22,0.0,0,1203,0,64,20,0
121,6,61265,443,16.0,0,81,0,56,20,0
401,17,29304,53,0.0,0,263,0,64,20,0
54,6,27484,443,16.0,0,14,0,60,20,0
162,6,23172,22,16.0,0,122,0,128,20,0
571,6,9836,80,2.0,0,531,0,255,20,0
1061,6,46601,53,16.0,0,1021,0,56,20,0
1463,17,33443,656,0.0,0,1332,0,6,20,1
262,6,38864,80,16.0,0,222,0,128,20,0
57,6,56713,37022,2.0,0,0,0,64,20,1
1020,6,29156,22,16.0,0,980,0,56,20,0
48,6,6835,31607,2.0,0,0,0,64,20,1
66,6,65435,22,24.0,0,26,0,128,20,0
497,17,17281,53,0.0,0,292,0,128,20,0
717,6,53223,8080,24.0,0,677,0,128,20,0
74,6,33943,8443,18.0,0,34,0,54,20,0
52,6,26281,52155,2.0,0,0,0,64,20,1
74,6,58272,8443,16.0,0,34,0,115,20,0
94,6,40381,8000,16.0,0,54,0,128,20,0
951,6,57644,53,17.0,0,911,0,60,20,0
195,6,35366,8080,17.0,0,155,0,57,20,0
66,6,58787,8443,24.0,0,26,0,115,20,0
997,6,49498,8443,24.0,0,957,0,128,20,0
66,6,27207,443,24.0,0,26,0,117,20,0
260,17,29258,53,0.0,0,70,0,64,20,0
803,1,1524,5432,0.0,0,763,0,60,20,0
1452,6,38309,5432,0.0,0,1412,0,255,20,0
87,6,47630,8080,0.18,0,47,0,57,20,0
74,6,57679,443,16.0,0,34,0,57,20,0
54,6,37585,8443,18.0,0,14,0,55,20,0
1153,6,15427,5432,16.0,0,1113,0,56,20,0
74,6,41590,443,17.0,0,34,0,120,20,0
166,6,4241,80,16.0,0,126,0,255,20,0
106,6,14185,443,2.0,0,66,0,52,20,0
66,6,13428,443,17.0,0,26,0,117,20,0
198,6,65372,8000,16.0,0,158,0,57,20,0
90,6,39029,22,16.0,0,50,0,64,20,0
111,6,19317,8443,2.0,0,71,0,55,20,0
1414,6,45974,443,16.0,0,1374,0,117,20,0
593,6,30687,8000,17.0,0,553,0,57,20,0
839,6,59927,3306,24.0,0,799,0,255,20,0
480,17,10610,53,0.0,0,181,0,64,20,0
66,6,31485,443,17.0,0,26,0,119,20,0
87,6,3158,80,2.0,0,47,0,128,20,0
51,6,22158,58355,2.0,0,0,0,64,20,1
54,6,25123,443,2.0,0,14,0,118,20,0
177,17,20195,53,0.0,0,24,0,64,20,0
184,6,49543,22,16.0,0,144,0,64,20,0
1317,6,30491,22,0.0,0,1277,0,64,20,0
42,6,27848,80,2.0,0,0,0,6,20,1
66,6,26981,8443,24.0,0,26,0,56,20,0
66,6,31543,8443,24.0,0,26,0,54,20,0
1080,6,35096,5432,17.0,0,1040,0,64,20,0
1241,6,40331,8443,24.0,0,1201,0,52,20,0
49,6,41592,8080,24.0,0,9,0,64,20,0
445,6,16440,8000,2.0,0,405,0,58,20,0
50,6,14212,80,0.18,0,10,0,58,20,0
130,6,48472,22,16.0,0,90,0,128,20,0
54,6,35956,8443,16.0,0,14,0,118,20,0
162,6,44037,22,24.0,0,122,0,64,20,0
78,17,49813,53,0.0,0,239,0,64,20,0
971,6,46665,443,16.0,0,931,0,55,20,0
1342,6,25149,8080,17.0,0,1302,0,57,20,0
90,6,5004,22,16.0,0,50,0,128,20,0
602,6,25456,80,17.0,0,562,0,60,20,0
404,17,2652,53,0.0,0,273,0,128,20,0
54,6,33354,8443,24.0,0,14,0,49,20,0
42,6,60237,80,2.0,0,0,0,26,20,1
114,6,6729,22,16.0,0,74,0,128,20,0
74,6,2185,443,24.0,0,34,0,120,20,0
258,6,37503,22,24.0,0,218,0,128,20,0
1198,6,23725,3306,24.0,0,1158,0,128,20,0
74,6,44641,443,16.0,0,34,0,115,20,0
886,6,44484,8080,24.0,0,846,0,60,20,0
50,6,63646,80,2.0,0,0,0,13,20,1
477,17,46672,3306,2.0,0,437,0,56,20,0
1471,6,52966,443,24.0,0,1431,0,58,20,0
90,6,26060,22,24.0,0,50,0,128,20,0
252,6,8289,8443,17.0,0,212,0,117,20,0
1439,17,52468,446,0.0,0,1305,0,7,20,1
40,6,50569,8080,0.18,0,0,0,57,20,0
977,6,14060,443,16.0,0,937,0,49,20,0
290,6,46953,8443,24.0,0,250,0,49,20,0
495,17,28333,8080,16.0,0,455,0,60,20,0
910,6,56359,443,16.0,0,870,0,120,20,0
54,6,47525,443,16.0,0,14,0,54,20,0
1477,1,49124,3306,0.0,0,1437,0,64,20,0
66,6,53433,8443,16.0,0,26,0,57,20,0
66,6,65409,22,24.0,0,26,0,128,20,0
1488,6,35124,3306,0.0,0,1448,0,60,20,0
184,6,18995,22,16.0,0,144,0,64,20,0
1308,6,6134,5432,2.0,0,1268,0,255,20,0
54,6,47065,443,17.0,0,14,0,58,20,0
1379,6,48079,3306,16.0,0,1339,0,128,20,0
978,6,19795,443,16.0,0,938,0,58,20,0
247,6,60074,443,2.0,0,207,0,58,20,0
1028,6,45407,8000,0.18,0,988,0,255,20,0
99,1,0,0,0.0,8,38,0,2,20,1
258,6,49569,22,16.0,0,218,0,64,20,0
1389,6,26125,443,16.0,0,1349,0,64,20,0
944,6,4611,443,16.0,0,904,0,51,20,0
74,6,16982,443,16.0,0,34,0,51,20,0
162,6,46117,22,16.0,0,122,0,64,20,0
1384,17,48905,80,24.0,0,1344,0,56,20,0
66,6,56129,8443,24.0,0,26,0,118,20,0
478,17,31311,5432,17.0,0,438,0,128,20,0
1359,6,57941,8000,2.0,0,1319,0,64,20,0
41,6,2138,80,2.0,0,0,0,6,20,1
1165,17,64806,8080,16.0,0,1125,0,56,20,0
74,6,59056,443,24.0,0,34,0,118,20,0
139,6,1577,80,17.0,0,99,0,58,20,0
181,17,3694,8080,0.0,0,141,0,56,20,0
376,6,57577,8000,17.0,0,336,0,57,20,0
54,6,30709,443,16.0,0,14,0,58,20,0
244,6,63467,53,17.0,0,204,0,60,20,0
325,6,27134,80,16.0,0,285,0,255,20,0
58,6,26109,80,2.0,0,0,0,1,20,1
54,6,1678,443,24.0,0,14,0,118,20,0
493,17,35369,53,0.0,0,392,0,64,20,0
409,17,15446,53,0.0,0,388,0,128,20,0
136,17,50895,53,0.0,0,464,0,128,20,0
66,6,43291,8443,16.0,0,26,0,60,20,0
66,6,54497,8443,16.0,0,26,0,120,20,0
66,6,30833,443,16.0,0,26,0,119,20,0
56,6,14223,80,0.0,0,16,0,255,20,0
74,6,11764,443,24.0,0,34,0,57,20,0
97,17,5954,53,0.0,0,427,0,64,20,0
175,6,24071,8443,2.0,0,135,0,119,20,0
219,17,53469,53,0.0,0,378,0,128,20,0
130,6,7464,22,24.0,0,90,0,64,20,0
54,6,49294,443,17.0,0,14,0,51,20,0
846,6,42806,80,16.0,0,806,0,56,20,0
1391,17,36831,882,0.0,0,1097,1,9,20,1
649,6,55738,8080,17.0,0,609,0,56,20,0
230,6,13660,8000,17.0,0,190,0,57,20,0
1333,6,30217,22,2.0,0,1293,0,60,20,0
74,6,65497,443,16.0,0,34,0,56,20,0
66,6,39529,8443,24.0,0,26,0,49,20,0
74,6,3666,8443,16.0,0,34,0,119,20,0
174,6,45948,443,16.0,0,134,0,120,20,0
87,6,28734,8443,16.0,0,47,0,52,20,0
191,6,56409,8443,16.0,0,151,0,120,20,0
66,6,58564,443,16.0,0,26,0,120,20,0
130,6,61714,8000,2.0,0,90,0,255,20,0
266,6,6018,443,17.0,0,226,0,54,20,0
56,6,60939,80,17.0,0,16,0,58,20,0
193,6,58179,8000,2.0,0,153,0,255,20,0
184,6,2014,22,16.0,0,144,0,128,20,0
1405,6,17325,443,2.0,0,1365,0,49,20,0
863,6,43664,8000,17.0,0,823,0,128,20,0
54,6,58198,443,16.0,0,14,0,54,20,0
74,6,32648,443,18.0,0,34,0,52,20,0
484,6,38018,8000,0.18,0,444,0,255,20,0
184,6,20135,22,16.0,0,144,0,128,20,0
281,6,23528,8443,17.0,0,241,0,64,20,0
66,6,46489,8443,18.0,0,26,0,58,20,0
946,6,50263,443,16.0,0,906,0,115,20,0
56,6,64515,8485,2.0,0,0,0,64,20,1
337,6,26743,8080,0.0,0,297,1,56,20,0
873,6,38805,8000,2.0,0,833,0,64,20,0
258,6,19085,22,16.0,0,218,0,128,20,0
58,6,32809,38011,2.0,0,0,0,64,20,1
142,6,63261,80,0.18,0,102,0,56,20,0
54,6,3847,443,24.0,0,14,0,54,20,0
790,17,43956,3306,0.0,0,750,0,255,20,0
1077,6,42764,80,2.0,0,1037,0,58,20,0
50,6,51374,50474,2.0,0,0,0,64,20,1
66,6,9056,443,24.0,0,26,0,49,20,0
265,6,19043,8443,16.0,0,225,0,60,20,0
298,17,44082,53,0.0,0,303,0,128,20,0
74,6,13841,8443,16.0,0,34,0,52,20,0
54,6,16644,8443,16.0,0,14,0,52,20,0
285,6,58564,80,17.0,0,245,0,255,20,0
936,6,11774,8443,16.0,0,896,0,119,20,0
62,1,0,0,0.0,8,51,0,7,20,1
258,6,6683,22,16.0,0,218,0,64,20,0
74,6,18572,443,16.0,0,34,0,51,20,0
35,1,0,0,0.0,8,11,0,4,20,1
929,6,12491,53,17.0,0,889,0,64,20,0
165,6,3101,443,16.0,0,125,0,119,20,0
230,17,22888,8080,16.0,0,190,0,255,20,0
372,6,53519,53,24.0,0,332,0,128,20,0
500,6,56170,8080,0.0,0,460,0,64,20,0
492,6,17082,8080,16.0,0,452,0,57,20,0
1004,17,48414,236,0.0,0,1129,1,3,20,1
979,6,15500,80,2.0,0,939,0,255,20,0
407,17,45402,53,0.0,0,342,0,128,20,0
909,17,27720,8080,17.0,0,869,0,255,20,0
76,1,0,0,0.0,8,49,0,4,20,1
54,6,33788,443,24.0,0,14,0,58,20,0
57,6,50204,58060,2.0,0,0,0,64,20,1
74,6,49891,8443,16.0,0,34,0,115,20,0
346,17,30401,53,0.0,0,308,0,128,20,0
130,6,7883,22,24.0,0,90,0,128,20,0
1465,17,6789,164,0.0,0,1060,1,4,20,1
103,6,25970,80,2.0,0,63,0,56,20,0
404,6,38913,5432,24.0,0,364,0,60,20,0
1260,6,2118,8443,16.0,0,1220,0,58,20,0
269,6,62521,443,18.0,0,229,0,54,20,0
484,6,46837,80,17.0,0,444,0,58,20,0
509,17,27731,22,2.0,0,469,0,60,20,0
48,6,55651,24994,2.0,0,0,0,64,20,1
558,6,30934,8080,0.18,0,518,0,255,20,0
1493,6,63604,53,24.0,0,1453,0,128,20,0
89,6,8069,8000,17.0,0,49,0,128,20,0
580,6,60515,80,2.0,0,540,0,64,20,0
91,1,0,0,0.0,8,45,0,6,20,1
77,6,14715,8080,17.0,0,37,0,58,20,0
70,6,51906,53,24.0,0,30,0,60,20,0
462,17,16555,53,0.0,0,351,0,128,20,0
138,6,27493,8000,17.0,0,98,0,128,20,0
1271,17,43415,327,0.0,0,1124,1,9,20,1
66,6,33559,8443,2.0,0,26,0,56,20,0
188,6,62525,443,16.0,0,148,0,56,20,0
66,6,12843,8443,16.0,0,26,0,64,20,0
1055,6,3615,80,2.0,0,1015,0,255,20,0
162,6,39572,22,24.0,0,122,0,128,20,0
338,6,60738,53,16.0,0,298,0,60,20,0
317,17,20379,3306,16.0,0,277,0,128,20,0
831,17,55169,80,24.0,0,791,0,56,20,0
74,6,51978,443,18.0,0,34,0,49,20,0
527,6,10041,80,17.0,0,487,0,56,20,0
270,6,22881,5432,17.0,0,230,0,128,20,0
54,6,1344,443,18.0,0,14,0,49,20,0
58,6,58328,80,16.0,0,18,0,56,20,0
1292,17,53848,177,0.0,0,1308,1,2,20,1
67,17,60931,22,0.0,0,27,0,64,20,0
74,6,37728,443,16.0,0,34,0,57,20,0
152,6,2328,8000,2.0,0,112,0,128,20,0
242,6,19220,443,16.0,0,202,0,58,20,0
42,6,52722,29290,2.0,0,0,0,64,20,1
54,6,58351,443,16.0,0,14,0,120,20,0
1513,17,16270,80,17.0,0,1460,0,64,20,0
258,6,28406,22,24.0,0,218,0,64,20,0
952,6,31222,53,17.0,0,912,0,56,20,0
114,6,40388,22,24.0,0,74,0,64,20,0
59,6,25177,80,2.0,0,0,0,15,20,1
1187,6,57096,8080,17.0,0,1147,0,128,20,0
114,6,30677,22,24.0,0,74,0,128,20,0
162,6,25994,22,16.0,0,122,0,128,20,0
184,6,5673,22,24.0,0,144,0,128,20,0
114,6,46935,22,24.0,0,74,0,64,20,0
1026,6,64796,443,16.0,0,986,0,118,20,0
130,6,55316,22,16.0,0,90,0,128,20,0
1060,17,33214,237,0.0,0,1254,0,8,20,1
179,6,11157,8080,16.0,0,139,0,58,20,0
54,6,13779,443,16.0,0,14,0,51,20,0
1091,6,12610,3306,17.0,0,1051,0,128,20,0
74,6,5640,443,16.0,0,34,0,58,20,0
297,17,31468,8080,0.0,0,257,0,128,20,0
50,1,0,0,0.0,8,14,0,13,20,1
50,6,12657,62527,2.0,0,0,0,64,20,1
930,6,63090,80,16.0,0,890,0,60,20,0
1109,6,28613,22,24.0,0,1069,0,56,20,0
1214,17,41981,5432,24.0,0,1174,0,255,20,0
1489,6,42914,80,2.0,0,1449,0,255,20,0
66,6,13351,22,16.0,0,26,0,64,20,0
74,6,3916,443,17.0,0,34,0,52,20,0
1463,17,11175,166,0.0,0,1115,1,6,20,1
1012,17,50397,158,0.0,0,1247,0,1,20,1
1222,17,12328,22,2.0,0,1182,0,255,20,0
330,17,12062,53,0.0,0,124,0,64,20,0
66,6,40546,8443,18.0,0,26,0,115,20,0
67,6,59317,8080,0.18,0,27,0,58,20,0
66,6,30121,22,24.0,0,26,0,128,20,0
1261,6,40496,443,16.0,0,1221,0,52,20,0
969,6,42611,80,16.0,0,929,0,64,20,0
151,6,25449,8080,16.0,0,111,0,64,20,0
517,6,31715,8080,16.0,0,477,0,60,20,0
236,6,21459,443,24.0,0,196,0,58,20,0
74,6,40118,8443,16.0,0,34,0,60,20,0
1115,6,62306,8000,16.0,0,1075,0,255,20,0
864,6,52277,8080,17.0,0,824,0,56,20,0
481,17,56837,443,17.0,0,441,0,60,20,0
237,17,52387,53,0.0,0,303,0,64,20,0
48,6,36211,47928,2.0,0,0,0,64,20,1
1458,6,48104,8443,16.0,0,1418,0,56,20,0
166,6,61150,443,16.0,0,126,0,64,20,0
1285,6,6263,3306,17.0,0,1245,0,56,20,0
74,6,44278,8443,24.0,0,34,0,117,20,0
66,6,47500,443,24.0,0,26,0,55,20,0
1495,17,39020,495,0.0,0,1094,1,5,20,1
394,6,48826,8080,16.0,0,354,0,58,20,0
74,6,38884,8443,16.0,0,34,0,120,20,0
54,6,49311,8443,17.0,0,14,0,64,20,0
136,17,8895,53,0.0,0,223,0,64,20,0
413,17,64180,53,0.0,0,363,0,64,20,0
103,6,55538,443,16.0,0,63,0,64,20,0
1165,6,60296,8080,17.0,0,1125,0,255,20,0
1510,6,44446,22,0.0,0,1460,0,60,20,0
1094,17,25655,680,0.0,0,1117,0,8,20,1
333,6,19107,22,2.0,0,293,0,60,20,0
47,6,54252,42998,2.0,0,0,0,64,20,1
43,6,44365,8080,0.18,0,3,0,56,20,0
427,17,16571,53,0.0,0,120,0,128,20,0
114,6,5368,5432,24.0,0,74,0,64,20,0
114,6,37000,22,24.0,0,74,0,128,20,0
54,6,45964,443,16.0,0,14,0,52,20,0
50,6,34301,28251,2.0,0,0,0,64,20,1
923,6,64945,5432,2.0,0,883,0,255,20,0
1427,17,23420,1001,0.0,0,998,1,6,20,1
1257,6,15046,8443,16.0,0,1217,0,54,20,0
66,6,34326,443,16.0,0,26,0,117,20,0
162,6,16539,22,16.0,0,122,0,128,20,0
477,17,64643,53,0.0,0,368,0,64,20,0
52,6,47291,21361,2.0,0,0,0,64,20,1
74,6,64512,8443,16.0,0,34,0,128,20,0
734,6,32046,8080,16.0,0,694,0,255,20,0
171,17,63389,53,0.0,0,37,0,128,20,0
62,6,14124,8080,17.0,0,22,0,57,20,0
74,6,16752,8443,17.0,0,34,0,52,20,0
67,6,16016,8080,2.0,0,27,0,255,20,0
1368,17,16818,1009,0.0,0,1413,0,4,20,1
42,6,45815,8080,17.0,0,2,0,58,20,0
162,6,27830,22,16.0,0,122,0,64,20,0
61,6,16536,8000,16.0,0,21,0,56,20,0
74,6,38058,8443,16.0,0,34,0,119,20,0
66,6,42425,8443,24.0,0,26,0,115,20,0
42,6,58643,80,2.0,0,0,0,3,20,1
74,6,54731,443,2.0,0,34,0,118,20,0
51,6,33849,80,2.0,0,0,0,27,20,1
538,6,4960,5432,0.0,0,498,0,255,20,0
109,6,59228,8080,17.0,0,69,0,56,20,0
1032,6,22486,443,24.0,0,992,0,255,20,0
114,6,50671,8080,16.0,0,74,0,58,20,0
1205,17,50426,388,0.0,0,1306,1,1,20,1
91,17,36412,53,0.0,0,429,0,64,20,0
49,6,51271,741,2.0,0,0,0,64,20,1
74,6,11124,443,18.0,0,34,0,56,20,0
753,6,15794,8000,2.0,0,713,0,128,20,0
411,17,5145,53,0.0,0,304,0,64,20,0
74,6,51088,8443,16.0,0,34,0,54,20,0
54,6,29115,443,24.0,0,14,0,60,20,0
416,17,27573,53,0.0,0,132,0,64,20,0
163,6,12986,8443,16.0,0,123,0,52,20,0
130,6,7984,22,16.0,0,90,0,128,20,0
54,6,18288,8443,24.0,0,14,0,56,20,0
176,6,15443,443,17.0,0,136,0,120,20,0
74,6,34356,443,16.0,0,34,0,55,20,0
54,6,31135,443,18.0,0,14,0,55,20,0
1064,6,53049,8000,16.0,0,1024,0,58,20,0
807,6,43992,443,2.0,0,767,0,115,20,0
66,6,33042,8443,24.0,0,26,0,119,20,0
54,6,14878,443,24.0,0,14,0,115,20,0
1505,6,12576,8000,0.18,0,1460,0,57,20,0
144,6,4589,8443,24.0,0,104,0,120,20,0
66,6,23380,8443,17.0,0,26,0,52,20,0
146,6,16031,80,16.0,0,106,0,128,20,0
298,6,9111,53,17.0,0,258,0,64,20,0
258,6,16404,22,24.0,0,218,0,64,20,0
258,6,43608,22,16.0,0,218,0,64,20,0
90,6,6792,22,16.0,0,50,0,128,20,0
54,6,40908,8443,18.0,0,14,0,54,20,0
527,6,47289,80,24.0,0,487,0,56,20,0
32,1,0,0,0.0,8,38,0,7,20,1
993,6,14909,80,16.0,0,953,0,64,20,0
130,6,2050,22,24.0,0,90,0,64,20,0
184,6,56053,22,16.0,0,144,0,64,20,0
88,1,0,0,0.0,8,25,0,13,20,1
445,17,53859,80,0.0,0,405,0,56,20,0
1084,6,58253,53,17.0,0,1044,0,56,20,0
114,6,3417,22,16.0,0,74,0,128,20,0
162,6,24525,22,16.0,0,122,0,128,20,0
1387,6,57521,8443,18.0,0,1347,0,55,20,0
74,6,32210,443,16.0,0,34,0,58,20,0
1264,6,42559,8000,17.0,0,1224,0,64,20,0
66,6,6461,22,24.0,0,26,0,128,20,0
179,6,54050,8443,18.0,0,139,0,118,20,0
258,6,19532,22,24.0,0,218,0,128,20,0
775,6,54276,80,17.0,0,735,0,58,20,0
66,6,53140,443,16.0,0,26,0,49,20,0
827,6,27316,8443,16.0,0,787,0,128,20,0
1087,6,1268,443,16.0,0,1047,0,119,20,0
130,6,25303,22,24.0,0,90,0,128,20,0
1155,6,11538,443,16.0,0,1115,0,115,20,0
1101,6,40853,5432,0.0,0,1061,0,128,20,0
231,6,39370,443,16.0,0,191,0,55,20,0
98,6,39703,443,16.0,0,58,0,60,20,0
1215,6,48939,8443,16.0,0,1175,0,55,20,0
436,17,18634,53,0.0,0,205,0,128,20,0
535,6,19734,443,24.0,0,495,0,56,20,0
542,6,43914,80,2.0,0,502,0,128,20,0
464,6,27220,53,2.0,0,424,0,255,20,0
32,1,0,0,0.0,8,51,0,16,20,1
1433,6,1396,22,16.0,0,1393,0,255,20,0
74,6,17790,8443,17.0,0,34,0,118,20,0
162,6,61471,22,24.0,0,122,0,64,20,0
139,17,4771,53,0.0,0,310,0,128,20,0
74,6,8476,8443,17.0,0,34,0,58,20,0
66,6,56532,22,24.0,0,26,0,64,20,0
1116,17,29622,615,0.0,0,997,0,6,20,1
308,6,1163,8080,0.0,0,268,0,60,20,0
76,6,33262,80,16.0,0,36,0,128,20,0
1331,6,16637,443,2.0,0,1291,0,64,20,0
162,6,11224,22,16.0,0,122,0,128,20,0
140,6,20073,443,24.0,0,100,0,49,20,0
293,17,15686,53,0.0,0,165,0,128,20,0
47,6,33731,80,2.0,0,0,0,3,20,1
593,6,19263,80,24.0,0,553,0,64,20,0
54,6,21979,443,16.0,0,14,0,57,20,0
474,17,46327,53,0.0,0,207,0,128,20,0
459,17,38002,53,0.0,0,92,0,128,20,0
185,6,59940,8000,17.0,0,145,0,58,20,0
141,6,51663,8443,2.0,0,101,0,118,20,0
74,6,16720,8443,24.0,0,34,0,118,20,0
1330,6,36447,8000,2.0,0,1290,0,57,20,0
1020,17,51792,53,17.0,0,980,0,64,20,0
511,17,40413,53,0.0,0,361,0,128,20,0
75,1,0,0,0.0,8,15,0,1,20,1
335,6,33667,8080,16.0,0,295,0,56,20,0
389,17,58952,53,0.0,0,417,0,128,20,0
74,6,42774,443,16.0,0,34,0,60,20,0
1447,6,4919,8443,2.0,0,1407,0,58,20,0
66,6,51041,8443,16.0,0,26,0,117,20,0
1351,6,41073,443,24.0,0,1311,0,49,20,0
957,6,60954,53,24.0,0,917,0,128,20,0
74,6,20047,443,24.0,0,34,0,51,20,0
796,1,12497,3306,2.0,0,756,0,255,20,0
114,6,53169,22,16.0,0,74,0,128,20,0
1183,6,61781,53,0.0,0,1143,0,64,20,0
811,17,3810,22,0.0,0,771,0,128,20,0
74,6,35433,8443,17.0,0,34,0,49,20,0
605,6,45060,22,16.0,0,565,0,64,20,0
485,6,40029,22,17.0,0,445,0,255,20,0
111,17,45252,53,0.0,0,72,0,128,20,0
924,6,24143,22,0.0,0,884,0,128,20,0
167,6,8259,8443,16.0,0,127,0,55,20,0
127,6,52036,443,18.0,0,87,0,58,20,0
66,6,28356,443,17.0,0,26,0,119,20,0
55,6,32974,80,2.0,0,0,0,5,20,1
66,6,16620,8443,17.0,0,26,0,51,20,0
146,6,12055,53,0.0,0,106,0,64,20,0
1062,6,15226,8000,2.0,0,1022,0,128,20,0
130,6,54775,22,16.0,0,90,0,64,20,0
66,6,11378,22,24.0,0,26,0,128,20,0
117,6,12644,443,16.0,0,77,0,64,20,0
42,6,29214,22251,2.0,0,0,0,64,20,1
1005,17,54336,8080,24.0,0,965,0,64,20,0
258,6,4935,22,16.0,0,218,0,128,20,0
277,6,57850,8443,18.0,0,237,0,51,20,0
1217,17,62448,542,0.0,0,1443,1,8,20,1
74,6,39711,8443,16.0,0,34,0,128,20,0
86,6,59806,8080,17.0,0,46,0,128,20,0
54,6,3434,8443,16.0,0,14,0,49,20,0
53,6,32017,35590,2.0,0,0,0,64,20,1
324,17,28362,53,24.0,0,284,0,60,20,0
147,6,26734,8080,17.0,0,107,0,255,20,0
74,6,35003,443,16.0,0,34,0,115,20,0
54,6,42335,8443,16.0,0,14,0,51,20,0
184,6,20811,22,16.0,0,144,0,128,20,0
945,6,26844,8443,2.0,0,905,0,58,20,0
1221,6,13703,8080,2.0,0,1181,0,57,20,0
921,6,42546,443,0.0,0,881,0,60,20,0
890,6,5707,8080,2.0,0,850,0,60,20,0
66,6,16222,443,16.0,0,26,0,54,20,0
66,6,21199,8443,16.0,0,26,0,57,20,0
66,6,7721,443,16.0,0,26,0,117,20,0
54,6,46850,443,16.0,0,14,0,117,20,0
41,6,25793,80,2.0,0,0,0,24,20,1
66,6,53686,443,16.0,0,26,0,119,20,0
472,17,18614,53,0.0,0,136,0,64,20,0
1476,6,53801,443,2.0,0,1436,0,120,20,0
51,6,57006,42281,2.0,0,0,0,64,20,1
287,6,19035,22,17.0,0,247,0,56,20,0
1305,6,10314,8443,24.0,0,1265,0,49,20,0
114,6,59269,22,16.0,0,74,0,64,20,0
54,6,34710,80,2.0,0,0,0,17,20,1
162,6,62981,22,24.0,0,122,0,128,20,0
93,1,0,0,0.0,8,18,0,10,20,1
265,6,9205,443,16.0,0,225,0,118,20,0
1063,6,44357,443,16.0,0,1023,0,120,20,0
1293,17,38691,22,2.0,0,1253,0,56,20,0
49,6,45723,32256,2.0,0,0,0,64,20,1
808,6,39788,80,16.0,0,768,0,58,20,0
258,6,32635,22,24.0,0,218,0,128,20,0
66,6,4932,443,16.0,0,26,0,117,20,0
66,6,16397,22,16.0,0,26,0,128,20,0
44,6,23260,80,2.0,0,0,0,10,20,1
1004,6,21860,8443,16.0,0,964,0,119,20,0
114,6,53030,22,16.0,0,74,0,128,20,0
202,6,43887,443,16.0,0,162,0,64,20,0
123,17,51753,443,0.0,0,83,0,64,20,0
746,17,2429,80,24.0,0,706,0,60,20,0
130,6,58367,22,24.0,0,90,0,128,20,0
66,6,63636,22,24.0,0,26,0,64,20,0
54,6,41926,443,2.0,0,14,0,128,20,0
184,6,50267,22,16.0,0,144,0,128,20,0
52,1,0,0,0.0,8,14,0,11,20,1
419,17,21953,53,0.0,0,377,0,64,20,0
85,6,10404,8000,2.0,0,45,0,58,20,0
450,17,36325,53,0.0,0,357,0,128,20,0
421,17,36238,53,0.0,0,167,0,128,20,0
67,1,0,0,0.0,8,35,0,11,20,1
54,6,31352,443,18.0,0,14,0,49,20,0
45,6,16391,19492,2.0,0,0,0,64,20,1
90,6,14137,22,16.0,0,50,0,128,20,0
1478,6,12211,8080,17.0,0,1438,0,128,20,0
54,6,45589,443,2.0,0,14,0,119,20,0
83,17,35628,53,0.0,0,186,0,64,20,0
592,6,18202,80,17.0,0,552,0,58,20,0
239,6,7557,443,16.0,0,199,0,52,20,0
130,6,21712,22,16.0,0,90,0,64,20,0
77,1,0,0,0.0,8,26,0,8,20,1
1166,6,34659,22,17.0,0,1126,0,60,20,0
251,17,3404,22,0.0,0,211,0,255,20,0
579,6,7275,8080,17.0,0,539,0,255,20,0
49,6,49003,80,2.0,0,0,0,2,20,1
66,6,34586,22,16.0,0,26,0,64,20,0
324,17,61357,53,0.0,0,297,0,128,20,0
54,6,60614,443,16.0,0,14,0,118,20,0
1358,6,42028,443,16.0,0,1318,0,64,20,0
54,6,8625,8443,16.0,0,14,0,58,20,0
119,6,19675,80,0.18,0,79,0,128,20,0
1227,6,62439,22,24.0,0,1187,0,60,20,0
264,6,14584,8443,24.0,0,224,0,120,20,0
656,6,11714,80,17.0,0,616,0,128,20,0
580,17,21170,443,17.0,0,540,0,60,20,0
119,17,10329,53,0.0,0,227,0,64,20,0
182,6,52923,8000,17.0,0,142,0,56,20,0
1361,6,37441,80,2.0,0,1321,0,128,20,0
123,6,49594,8443,24.0,0,83,0,118,20,0
926,6,2406,53,24.0,0,886,0,64,20,0
1117,6,57535,22,17.0,0,1077,0,128,20,0
74,6,4839,8443,16.0,0,34,0,115,20,0
54,6,41341,443,16.0,0,14,0,54,20,0
1077,6,20522,80,0.0,0,1037,0,255,20,0
1486,17,57960,116,0.0,0,1389,0,4,20,1
103,6,44948,8080,2.0,0,63,0,56,20,0
183,6,51208,443,16.0,0,143,0,58,20,0
786,6,52421,80,16.0,0,746,0,56,20,0
114,6,30757,22,24.0,0,74,0,64,20,0
1064,6,39609,8080,17.0,0,1024,0,128,20,0
1146,17,19227,443,24.0,0,1106,0,60,20,0
1124,17,36106,910,0.0,0,1245,0,2,20,1
54,6,7404,8443,16.0,0,14,0,49,20,0
580,6,52911,443,16.0,0,540,0,64,20,0
48,6,36597,80,2.0,0,0,0,6,20,1
1164,6,32003,8443,16.0,0,1124,0,56,20,0
452,17,39680,53,0.0,0,453,0,64,20,0
448,1,7869,5432,0.0,0,408,0,56,20,0
66,6,64394,8443,24.0,0,26,0,64,20,0
74,6,43280,443,16.0,0,34,0,58,20,0
74,6,16347,443,24.0,0,34,0,118,20,0
54,6,34407,443,16.0,0,14,0,51,20,0
1048,6,46464,80,17.0,0,1008,0,60,20,0
563,17,47350,22,0.0,0,523,0,64,20,0
162,6,14131,22,16.0,0,122,0,128,20,0
58,1,0,0,0.0,8,33,0,8,20,1
845,6,63723,8443,24.0,0,805,0,56,20,0
206,6,29084,443,16.0,0,166,0,115,20,0
79,6,61587,8000,2.0,0,39,0,57,20,0
74,6,46914,8443,16.0,0,34,0,64,20,0
1424,6,56463,3306,0.0,0,1384,0,255,20,0
177,6,1199,8000,17.0,0,137,0,64,20,0
66,6,49473,8443,16.0,0,26,0,115,20,0
80,17,40214,53,0.0,0,154,0,64,20,0
82,1,0,0,0.0,8,39,0,19,20,1
698,6,28643,443,2.0,0,658,0,60,20,0
721,6,44214,8080,17.0,0,681,0,64,20,0
1051,6,19092,80,17.0,0,1011,0,56,20,0
54,6,56844,8000,0.18,0,14,0,128,20,0
69,17,21614,53,0.0,0,288,0,64,20,0
84,17,41559,53,0.0,0,222,0,128,20,0
90,6,20393,22,24.0,0,50,0,128,20,0
555,6,30678,80,16.0,0,515,0,255,20,0
998,6,32456,80,16.0,0,958,0,60,20,0
54,6,46771,443,16.0,0,14,0,56,20,0
89,17,46138,53,0.0,0,401,0,128,20,0
57,1,0,0,0.0,8,29,0,11,20,1
127,6,38903,8443,16.0,0,87,0,49,20,0
1351,17,56621,703,0.0,0,971,1,9,20,1
51,17,55118,443,17.0,0,11,0,255,20,0
66,6,21026,8443,16.0,0,26,0,60,20,0
1244,6,15010,5432,2.0,0,1204,0,64,20,0
74,6,55699,443,16.0,0,34,0,56,20,0
162,6,36059,80,2.0,0,122,0,57,20,0
435,17,9121,53,0.0,0,297,0,64,20,0
927,6,4022,8000,17.0,0,887,0,56,20,0
479,17,31820,53,0.0,0,78,0,128,20,0
233,17,53470,53,0.0,0,424,0,64,20,0
66,6,34755,22,16.0,0,26,0,128,20,0
130,6,44338,22,16.0,0,90,0,128,20,0
54,6,16783,80,2.0,0,0,0,16,20,1
191,17,1735,53,0.0,0,328,0,128,20,0
1091,1,62380,53,0.0,0,1051,0,255,20,0
53,6,22901,63633,2.0,0,0,0,64,20,1
162,6,2764,22,24.0,0,122,0,128,20,0
421,17,32076,53,0.0,0,388,0,64,20,0
1025,6,48764,443,2.0,0,985,0,128,20,0
196,6,7823,8080,17.0,0,156,0,58,20,0
761,6,4096,8080,2.0,0,721,0,128,20,0
164,6,18817,8000,16.0,0,124,0,57,20,0
479,17,1237,53,0.0,0,140,0,128,20,0
42,6,20028,80,2.0,0,0,0,22,20,1
66,6,21035,22,16.0,0,26,0,128,20,0
235,6,33248,53,0.0,0,195,0,255,20,0
53,6,1870,80,2.0,0,0,0,14,20,1
179,17,9049,53,0.0,0,432,0,128,20,0
74,6,62054,443,24.0,0,34,0,60,20,0
184,6,39581,22,24.0,0,144,0,128,20,0
66,6,48938,443,17.0,0,26,0,49,20,0
1158,6,60312,443,17.0,0,1118,0,255,20,0
66,6,49923,8443,17.0,0,26,0,56,20,0
114,6,2460,22,24.0,0,74,0,128,20,0
54,6,18599,8443,24.0,0,14,0,120,20,0
54,6,14622,443,24.0,0,14,0,52,20,0
1460,17,5397,174,0.0,0,1250,0,6,20,1
70,1,0,0,0.0,8,17,0,15,20,1
874,6,19589,443,24.0,0,834,0,118,20,0
195,6,14801,80,17.0,0,155,0,56,20,0
539,1,58223,8080,0.0,0,499,0,64,20,0
472,6,10008,80,17.0,0,432,1,56,20,0
66,6,1487,443,2.0,0,26,0,56,20,0
980,6,44179,8080,16.0,0,940,0,60,20,0
1111,6,16182,8080,2.0,0,1071,0,128,20,0
54,6,25542,8443,16.0,0,14,0,128,20,0
309,17,28831,53,0.0,0,464,0,128,20,0
458,17,53138,53,0.0,0,238,0,128,20,0
276,6,47226,443,18.0,0,236,0,117,20,0
368,17,38254,80,24.0,0,328,0,56,20,0
50,6,16606,8000,17.0,0,10,0,56,20,0
701,6,41752,443,17.0,0,661,0,128,20,0
931,6,48964,80,24.0,0,891,0,128,20,0
864,6,34527,80,0.18,0,824,0,58,20,0
484,6,30614,22,17.0,0,444,0,60,20,0
54,6,4249,443,16.0,0,14,0,115,20,0
925,6,48918,443,17.0,0,885,0,58,20,0
164,17,46356,3306,2.0,0,124,0,60,20,0
43,6,12943,35106,2.0,0,0,0,64,20,1
54,6,42813,443,16.0,0,14,0,128,20,0
45,6,25055,80,2.0,0,0,0,27,20,1
429,6,28210,8080,0.18,0,389,0,255,20,0
1285,6,13487,3306,17.0,0,1245,0,128,20,0
1465,17,30055,48,0.0,0,1274,1,3,20,1
528,6,58144,22,2.0,0,488,0,64,20,0
1488,6,49211,22,17.0,0,1448,0,56,20,0
655,6,20758,80,24.0,0,615,0,56,20,0
54,6,25684,443,17.0,0,14,0,118,20,0
54,6,51023,8443,16.0,0,14,0,115,20,0
838,6,6478,8443,24.0,0,798,0,60,20,0
50,6,5556,80,2.0,0,0,0,15,20,1
526,6,15904,443,16.0,0,486,0,60,20,0
56,6,48228,5432,0.0,0,16,0,64,20,0
90,6,13244,22,16.0,0,50,0,128,20,0
195,6,1387,443,16.0,0,155,0,115,20,0
393,17,24770,53,0.0,0,438,0,128,20,0
162,6,53662,22,24.0,0,122,0,128,20,0
191,17,61233,53,0.0,0,408,0,128,20,0
258,6,35794,22,16.0,0,218,0,128,20,0
1233,6,37422,53,16.0,0,1193,0,56,20,0
66,6,37848,443,16.0,0,26,0,51,20,0
258,6,46296,22,24.0,0,218,0,128,20,0
1445,6,61840,443,16.0,0,1405,0,55,20,0
117,6,58865,8080,0.18,0,77,0,57,20,0
321,17,23258,53,0.0,0,301,0,64,20,0
51,6,26396,80,2.0,0,0,0,6,20,1
74,6,19088,8443,2.0,0,34,0,115,20,0
1218,1,7069,5432,24.0,0,1178,0,255,20,0
54,6,30801,443,24.0,0,14,0,120,20,0
465,6,46823,8080,17.0,0,425,0,128,20,0
83,17,60877,53,0.0,0,33,0,128,20,0
109,6,29659,443,2.0,0,69,0,55,20,0
217,6,44688,53,16.0,0,177,0,60,20,0
54,6,63677,443,24.0,0,14,0,55,20,0
66,6,29742,443,16.0,0,26,0,120,20,0
178,6,65092,443,16.0,0,138,0,117,20,0
66,6,37658,443,16.0,0,26,0,58,20,0
90,6,25706,8080,0.18,0,50,0,128,20,0
66,6,44186,443,2.0,0,26,0,49,20,0
175,17,46060,53,0.0,0,45,0,128,20,0
54,6,50379,443,24.0,0,14,0,57,20,0
90,6,4181,22,24.0,0,50,0,128,20,0
258,6,34544,22,16.0,0,218,0,128,20,0
125,6,62874,443,16.0,0,85,0,54,20,0
36,1,0,0,0.0,8,45,0,3,20,1
440,6,40071,443,0.0,0,400,0,255,20,0
258,6,46033,22,24.0,0,218,0,128,20,0
1079,6,15342,8443,16.0,0,1039,0,117,20,0
158,6,19523,80,0.18,0,118,0,64,20,0
74,6,31849,443,16.0,0,34,0,118,20,0
789,6,54812,3306,0.0,0,749,0,56,20,0
275,6,16939,8080,17.0,0,235,0,58,20,0
366,17,53704,53,0.0,0,372,0,128,20,0
54,6,12134,443,18.0,0,14,0,115,20,0
1329,17,37960,490,0.0,0,1441,1,1,20,1
212,6,34184,3306,17.0,0,172,0,128,20,0
184,6,62754,22,16.0,0,144,0,64,20,0
74,6,14864,443,16.0,0,34,0,57,20,0
146,6,21780,443,16.0,0,106,0,58,20,0
231,6,2575,443,16.0,0,191,0,52,20,0
113,17,8293,53,0.0,0,280,0,64,20,0
343,6,19191,80,2.0,0,303,0,56,20,0
850,6,11191,8080,0.0,0,810,0,128,20,0
137,6,51352,8080,2.0,0,97,0,58,20,0
1381,6,4799,3306,17.0,0,1341,0,56,20,0
1251,1,40889,53,17.0,0,1211,0,64,20,0
74,6,33379,443,24.0,0,34,0,56,20,0
55,6,52291,80,2.0,0,0,0,29,20,1
54,1,0,0,0.0,8,32,0,3,20,1
47,6,13622,80,2.0,0,0,0,1,20,1
44,6,51261,80,2.0,0,0,0,25,20,1
171,17,58620,53,0.0,0,185,0,128,20,0
44,6,7935,80,2.0,0,0,0,10,20,1
184,6,46276,22,24.0,0,144,0,128,20,0
114,6,25571,22,24.0,0,74,0,64,20,0
54,6,33030,443,16.0,0,14,0,49,20,0
74,6,14567,443,18.0,0,34,0,57,20,0
104,6,25975,22,0.0,0,64,0,255,20,0
58,6,31644,80,2.0,0,0,0,28,20,1
164,6,55360,8080,2.0,0,124,0,56,20,0
45,6,64723,80,2.0,0,0,0,11,20,1
74,6,12719,443,16.0,0,34,0,120,20,0
1010,6,49006,3306,24.0,0,970,0,255,20,0
54,6,49466,8443,24.0,0,14,0,55,20,0
74,6,58708,443,16.0,0,34,0,64,20,0
1480,17,59033,443,17.0,0,1440,0,255,20,0
66,6,31914,8443,16.0,0,26,0,128,20,0
57,6,23740,80,2.0,0,0,0,7,20,1
302,17,19994,53,0.0,0,390,0,128,20,0
1023,17,33038,800,0.0,0,1214,0,2,20,1
888,6,8841,80,2.0,0,848,0,64,20,0
74,6,3986,443,16.0,0,34,0,51,20,0
162,6,64716,22,24.0,0,122,0,64,20,0
1014,6,56142,443,16.0,0,974,0,118,20,0
189,6,14526,8080,2.0,0,149,0,255,20,0
54,6,40673,8443,16.0,0,14,0,64,20,0
312,6,11002,22,24.0,0,272,0,128,20,0
54,6,51925,443,2.0,0,14,0,54,20,0
74,6,27351,8443,24.0,0,34,0,64,20,0
184,6,27100,22,24.0,0,144,0,64,20,0
74,6,4341,8443,16.0,0,34,0,120,20,0
222,17,57977,53,0.0,0,32,0,128,20,0
184,6,39594,22,24.0,0,144,0,64,20,0
90,6,14873,22,24.0,0,50,0,64,20,0
196,6,6263,8000,17.0,0,156,0,255,20,0
148,6,18528,443,16.0,0,108,0,56,20,0
261,17,26104,53,0.0,0,132,0,64,20,0
40,6,34082,63538,2.0,0,0,0,64,20,1
149,17,30202,53,0.0,0,123,0,128,20,0
66,6,58459,8443,24.0,0,26,0,64,20,0
638,17,29521,5432,0.0,0,598,0,56,20,0
1067,17,22415,143,0.0,0,1071,0,5,20,1
47,1,0,0,0.0,8,20,0,15,20,1
130,6,44154,22,16.0,0,90,0,64,20,0
45,6,55804,80,2.0,0,0,0,1,20,1
162,6,35312,22,16.0,0,122,0,64,20,0
54,6,9178,443,18.0,0,14,0,58,20,0
1150,6,57258,3306,2.0,0,1110,0,60,20,0
114,6,24248,22,16.0,0,74,0,128,20,0
41,6,30060,11761,2.0,0,0,0,64,20,1
647,1,62267,22,0.0,0,607,0,255,20,0
139,6,10154,8443,16.0,0,99,0,64,20,0
123,6,35163,3306,0.0,0,83,0,60,20,0
71,6,17488,80,2.0,0,31,0,58,20,0
380,17,20249,53,0.0,0,153,0,64,20,0
61,17,40814,53,0.0,0,240,0,128,20,0
74,6,50052,8443,24.0,0,34,0,54,20,0
582,6,63296,53,2.0,0,542,0,60,20,0
48,1,0,0,0.0,8,41,0,10,20,1
66,6,50202,8443,2.0,0,26,0,57,20,0
909,17,38659,8080,17.0,0,869,0,128,20,0
1257,17,31451,259,0.0,0,1200,0,4,20,1
130,6,64612,22,16.0,0,90,0,128,20,0
169,6,47201,8080,2.0,0,129,0,128,20,0
1356,6,39337,53,17.0,0,1316,0,60,20,0
93,17,61069,53,0.0,0,204,0,128,20,0
174,6,63851,8080,2.0,0,134,0,64,20,0
1477,6,58828,443,16.0,0,1437,0,60,20,0
426,17,23726,53,0.0,0,70,0,64,20,0
128,6,10964,8080,0.18,0,88,0,128,20,0
128,6,10524,8000,17.0,0,88,0,255,20,0
66,6,38779,443,16.0,0,26,0,52,20,0
201,6,36799,8443,16.0,0,161,0,56,20,0
315,17,28979,53,0.0,0,150,0,64,20,0
98,6,62860,8000,2.0,0,58,0,255,20,0
73,6,16396,8000,16.0,0,33,0,56,20,0
74,6,50617,8443,24.0,0,34,0,120,20,0
1242,6,37212,80,2.0,0,1202,0,255,20,0
140,6,39283,8443,24.0,0,100,0,60,20,0
184,6,15758,22,16.0,0,144,0,64,20,0
1388,17,6652,591,0.0,0,1225,0,6,20,1
86,6,49649,8443,16.0,0,46,0,115,20,0
688,6,34349,5432,24.0,0,648,0,128,20,0
162,6,62774,22,16.0,0,122,0,128,20,0
1485,6,9941,80,0.18,0,1445,0,64,20,0
90,6,25289,22,24.0,0,50,0,128,20,0
1346,17,59686,541,0.0,0,1095,1,9,20,1
354,17,24291,53,0.0,0,120,0,128,20,0
56,6,54423,65192,2.0,0,0,0,64,20,1
66,6,21851,8443,24.0,0,26,0,52,20,0
161,6,1084,443,24.0,0,121,0,54,20,0
44,6,26357,80,2.0,0,0,0,24,20,1
401,17,64133,53,0.0,0,39,0,128,20,0
130,6,21427,22,16.0,0,90,0,64,20,0
1015,6,65523,8443,2.0,0,975,0,49,20,0
378,17,34519,53,0.0,0,350,0,64,20,0
1273,6,43417,443,16.0,0,1233,0,64,20,0
239,6,53743,8443,18.0,0,199,0,52,20,0
158,17,57023,3306,0.0,0,118,0,56,20,0
684,17,61072,5432,24.0,0,644,0,128,20,0
1311,6,64514,80,0.18,0,1271,0,58,20,0
88,6,48582,8080,16.0,0,48,0,56,20,0
66,6,42809,8443,24.0,0,26,0,51,20,0
758,6,6189,80,16.0,0,718,0,56,20,0
279,6,55731,443,16.0,0,239,0,117,20,0
1442,6,64051,8080,16.0,0,1402,0,57,20,0
680,6,19450,80,16.0,0,640,0,57,20,0
240,6,5921,8443,16.0,0,200,0,118,20,0
1146,6,64924,53,16.0,0,1106,0,56,20,0
66,6,35973,443,16.0,0,26,0,51,20,0
1366,6,15225,5432,16.0,0,1326,0,255,20,0
41,6,44161,80,2.0,0,0,0,16,20,1
168,17,62302,53,0.0,0,264,0,128,20,0
56,6,57379,80,2.0,0,0,0,2,20,1
184,6,38453,8000,0.18,0,144,0,128,20,0
540,6,19099,8080,2.0,0,500,0,128,20,0
813,6,58305,3306,16.0,0,773,0,128,20,0
105,17,1097,53,0.0,0,319,0,64,20,0
66,6,31664,443,16.0,0,26,0,117,20,0
51,6,62978,40148,2.0,0,0,0,64,20,1
74,6,55851,443,24.0,0,34,0,56,20,0
279,17,5185,53,0.0,0,239,0,128,20,0
1186,1,41480,3306,2.0,0,1146,0,128,20,0
66,6,61543,443,2.0,0,26,0,120,20,0
178,6,15268,8000,2.0,0,138,0,57,20,0
69,6,31761,8080,17.0,0,29,0,255,20,0
48,6,54627,44694,2.0,0,0,0,64,20,1
310,6,13315,8080,2.0,0,270,0,64,20,0
1131,6,20689,8080,16.0,0,1091,0,64,20,0
54,6,36717,443,18.0,0,14,0,54,20,0
118,6,59969,443,16.0,0,78,0,119,20,0
1462,6,6066,443,16.0,0,1422,0,64,20,0
589,6,1276,5432,16.0,0,549,0,255,20,0
927,6,64216,8080,17.0,0,887,0,128,20,0
70,6,26440,22,16.0,0,30,0,56,20,0
183,17,53796,53,0.0,0,364,0,64,20,0
118,17,43452,53,0.0,0,159,0,64,20,0
1049,17,13654,622,0.0,0,1400,0,8,20,1
74,6,20580,443,24.0,0,34,0,119,20,0
172,6,53910,8443,16.0,0,132,0,55,20,0
325,6,1577,3306,0.0,0,285,0,64,20,0
155,17,15813,53,0.0,0,198,0,64,20,0
1014,17,23066,937,0.0,0,1283,1,6,20,1
114,17,40370,53,0.0,0,461,0,64,20,0
205,17,6612,53,0.0,0,277,0,64,20,0
66,6,29576,8443,24.0,0,26,0,119,20,0
66,6,16217,22,24.0,0,26,0,64,20,0
1366,17,62577,722,0.0,0,1123,1,1,20,1
114,6,30617,22,24.0,0,74,0,64,20,0
74,6,55904,443,16.0,0,34,0,56,20,0
265,6,64241,443,24.0,0,225,0,49,20,0
143,17,46591,53,0.0,0,156,0,128,20,0
41,6,21168,39741,2.0,0,0,0,64,20,1
148,17,30013,53,0.0,0,198,0,128,20,0
58,6,32160,10561,2.0,0,0,0,64,20,1
46,6,25927,8000,17.0,0,6,0,64,20,0
361,6,17880,22,0.0,0,321,0,56,20,0
51,6,22833,2051,2.0,0,0,0,64,20,1
1444,1,18813,443,2.0,0,1404,0,60,20,0
114,6,47304,22,16.0,0,74,0,128,20,0
565,6,25911,8000,0.18,0,525,0,56,20,0
488,17,19343,53,0.0,0,24,0,64,20,0
66,6,64621,22,16.0,0,26,0,64,20,0
339,17,49052,53,0.0,0,223,0,128,20,0
563,6,57576,22,24.0,0,523,0,56,20,0
862,6,8116,53,24.0,0,822,0,128,20,0
46,6,13018,22,2.0,0,6,0,60,20,0
148,6,49246,8443,16.0,0,108,0,117,20,0
1129,6,36883,53,24.0,0,1089,0,255,20,0
1201,6,22342,3306,17.0,0,1161,0,255,20,0
872,1,29967,443,0.0,0,832,0,56,20,0
1458,17,2397,582,0.0,0,1343,1,3,20,1
74,6,21486,443,17.0,0,34,0,49,20,0
421,17,13180,53,0.0,0,92,0,64,20,0
1237,6,53381,80,16.0,0,1197,0,255,20,0
100,6,58447,8000,0.18,0,60,0,58,20,0
272,6,55602,22,24.0,0,232,0,128,20,0
74,6,37901,443,2.0,0,34,0,49,20,0
443,17,40784,53,0.0,0,96,0,64,20,0
49,6,60534,80,2.0,0,0,0,29,20,1
74,6,13229,443,16.0,0,34,0,58,20,0
66,6,43013,443,17.0,0,26,0,54,20,0
82,17,22474,53,0.0,0,331,0,64,20,0
56,6,46008,80,2.0,0,0,0,2,20,1
66,1,0,0,0.0,8,29,0,7,20,1
56,6,45828,80,2.0,0,0,0,16,20,1
341,6,16414,22,17.0,0,301,0,64,20,0
1152,6,10451,53,24.0,0,1112,0,64,20,0
489,17,56354,53,0.0,0,272,0,64,20,0
113,17,44969,53,0.0,0,51,0,128,20,0
90,6,11130,22,16.0,0,50,0,128,20,0
905,6,29825,443,17.0,0,865,0,128,20,0
302,17,29434,53,0.0,0,461,0,128,20,0
96,6,18720,80,2.0,0,56,0,128,20,0
46,1,0,0,0.0,8,26,0,4,20,1
1500,6,18812,80,0.18,0,1460,0,64,20,0
1071,17,6342,22,17.0,0,1031,0,128,20,0
995,17,52710,53,24.0,0,955,0,56,20,0
1352,17,33717,921,0.0,0,1203,0,6,20,1
1003,6,31159,22,17.0,0,963,0,60,20,0
54,6,47854,8443,16.0,0,14,0,115,20,0
232,6,28067,443,16.0,0,192,0,54,20,0
184,6,13946,22,24.0,0,144,0,128,20,0
1038,6,51074,8080,16.0,0,998,0,58,20,0
54,6,54228,443,2.0,0,14,0,64,20,0
55,6,56877,80,2.0,0,0,0,22,20,1
447,17,12377,53,0.0,0,444,0,64,20,0
1456,6,42408,80,16.0,0,1416,0,58,20,0
169,6,4183,8443,24.0,0,129,0,119,20,0
55,6,31369,8000,2.0,0,15,0,64,20,0
54,6,64214,80,2.0,0,0,0,11,20,1
66,6,7543,8443,16.0,0,26,0,64,20,0
278,17,62717,3306,2.0,0,238,0,255,20,0
1020,6,22122,22,0.0,0,980,1,128,20,0
60,17,6156,53,0.0,0,48,0,128,20,0
1372,6,34131,443,16.0,0,1332,0,255,20,0
1293,6,58880,5432,0.0,0,1253,0,128,20,0
130,6,35607,22,24.0,0,90,0,64,20,0
90,6,8444,22,24.0,0,50,0,64,20,0
46,6,10886,20992,2.0,0,0,0,64,20,1
497,6,31084,22,17.0,0,457,0,128,20,0
408,17,18814,53,0.0,0,402,0,64,20,0
514,17,33031,80,24.0,0,474,0,64,20,0
297,17,25580,53,0.0,0,416,0,128,20,0
200,17,1430,53,0.0,0,167,0,128,20,0
945,6,3862,8080,17.0,0,905,0,128,20,0
47,6,59860,13528,2.0,0,0,0,64,20,1
208,6,7052,8080,24.0,0,168,0,60,20,0
74,6,18881,8443,16.0,0,34,0,115,20,0
190,6,45012,53,17.0,0,150,0,64,20,0
56,6,42698,8080,17.0,0,16,0,58,20,0
666,6,65282,80,17.0,0,626,0,255,20,0
387,6,63332,5432,17.0,0,347,0,128,20,0
64,17,41124,53,0.0,0,168,0,128,20,0
74,6,31883,443,18.0,0,34,0,51,20,0
492,17,43690,443,0.0,0,452,0,255,20,0
1336,6,50809,8000,17.0,0,1296,0,128,20,0
681,6,61113,80,2.0,0,641,0,64,20,0
44,6,44557,80,2.0,0,0,0,11,20,1
54,6,48023,8443,16.0,0,14,0,56,20,0
114,6,21518,22,24.0,0,74,0,128,20,0
781,6,44752,53,16.0,0,741,0,64,20,0
54,6,28801,8443,16.0,0,14,0,128,20,0
556,6,5619,22,17.0,0,516,0,60,20,0
1147,6,23473,443,17.0,0,1107,0,115,20,0
184,6,25161,22,16.0,0,144,0,128,20,0
1434,6,2540,80,2.0,0,1394,0,56,20,0
98,17,24433,53,0.0,0,58,0,64,20,0
396,6,49133,3306,2.0,0,356,0,255,20,0
258,6,19377,22,16.0,0,218,0,64,20,0
594,6,21203,8080,17.0,0,554,0,128,20,0
1225,17,36038,6,0.0,0,1090,0,8,20,1
1258,6,53147,8080,17.0,0,1218,0,128,20,0
354,6,49557,8080,2.0,0,314,0,57,20,0
1276,6,1955,443,16.0,0,1236,0,119,20,0
209,6,17276,8443,17.0,0,169,0,56,20,0
46,6,57183,80,2.0,0,0,0,8,20,1
66,6,6233,8443,16.0,0,26,0,51,20,0
1424,17,22759,80,0.0,0,1384,0,56,20,0
74,6,65126,443,18.0,0,34,0,54,20,0
54,6,27294,443,16.0,0,14,0,54,20,0
66,6,53768,22,16.0,0,26,0,64,20,0
130,6,5801,22,16.0,0,90,0,128,20,0
154,6,26829,80,2.0,0,114,0,64,20,0
307,6,53996,22,0.0,0,267,0,60,20,0
1106,6,21674,3306,0.0,0,1066,0,128,20,0
960,6,12377,8443,16.0,0,920,0,117,20,0
50,6,49597,80,2.0,0,0,0,3,20,1
1474,17,32530,998,0.0,0,1283,1,6,20,1
74,6,46373,443,24.0,0,34,0,57,20,0
443,6,49950,5432,16.0,0,403,0,255,20,0
1496,6,25672,443,16.0,0,1456,0,51,20,0
56,6,33049,8080,16.0,0,16,0,128,20,0
292,6,19235,443,16.0,0,252,0,56,20,0
788,6,25671,3306,17.0,0,748,0,255,20,0
90,6,53432,22,24.0,0,50,0,64,20,0
803,6,13772,443,17.0,0,763,0,128,20,0
1079,6,15429,80,2.0,0,1039,0,255,20,0
1089,17,55415,83,0.0,0,1160,1,9,20,1
663,17,62069,53,24.0,0,623,0,56,20,0
56,6,7457,80,2.0,0,0,0,13,20,1
74,6,1514,443,16.0,0,34,0,117,20,0
286,6,22620,5432,2.0,0,246,0,56,20,0
1217,6,27043,443,16.0,0,1177,0,55,20,0
66,6,60896,8443,16.0,0,26,0,56,20,0
114,6,30983,22,24.0,0,74,0,128,20,0
238,17,58190,53,0.0,0,338,0,128,20,0
1454,6,29771,8443,16.0,0,1414,0,57,20,0
737,6,23311,53,2.0,0,697,0,60,20,0
153,17,30429,53,0.0,0,421,0,128,20,0
173,17,26367,53,0.0,0,233,0,64,20,0
426,17,3118,5432,16.0,0,386,0,56,20,0
54,6,40446,8443,16.0,0,14,0,57,20,0
495,17,6761,53,0.0,0,391,0,128,20,0
471,17,3057,53,0.0,0,343,0,64,20,0
66,6,9358,8443,24.0,0,26,0,58,20,0
465,6,31129,80,16.0,0,425,0,255,20,0
1403,6,41096,443,2.0,0,1363,0,64,20,0
403,6,14407,8000,0.18,0,363,0,58,20,0
66,6,12919,22,16.0,0,26,0,128,20,0
886,6,23306,8080,0.18,0,846,0,128,20,0
66,6,4956,443,18.0,0,26,0,52,20,0
54,6,65451,443,18.0,0,14,0,49,20,0
54,6,4768,8443,16.0,0,14,0,54,20,0
50,6,24015,8080,17.0,0,10,0,58,20,0
114,6,53761,22,24.0,0,74,0,64,20,0
940,6,25594,443,16.0,0,900,0,57,20,0
184,6,4863,22,16.0,0,144,0,64,20,0
107,6,23535,80,2.0,0,67,0,255,20,0
187,17,5509,53,0.0,0,465,0,64,20,0
458,6,28643,443,17.0,0,418,0,255,20,0
1109,17,57184,53,2.0,0,1069,0,56,20,0
54,6,22941,443,16.0,0,14,0,49,20,0
48,6,26961,80,2.0,0,0,0,25,20,1
1082,17,46772,655,0.0,0,1266,1,2,20,1
975,6,20015,22,2.0,0,935,0,56,20,0
229,6,11995,80,0.0,0,189,0,255,20,0
55,1,0,0,0.0,8,13,0,4,20,1
98,6,53824,8080,2.0,0,58,0,64,20,0
74,6,6359,8443,16.0,0,34,0,51,20,0
121,6,10400,80,2.0,0,81,0,56,20,0
80,1,0,0,0.0,8,6,0,9,20,1
1459,6,8748,443,17.0,0,1419,1,60,20,0
114,6,36494,22,24.0,0,74,0,64,20,0
54,6,16883,8443,16.0,0,14,0,120,20,0
48,6,24994,80,2.0,0,0,0,5,20,1
315,17,2995,22,0.0,0,275,0,128,20,0
1129,17,32970,170,0.0,0,1409,0,6,20,1
143,17,6057,80,0.0,0,103,0,60,20,0
47,6,16922,17760,2.0,0,0,0,64,20,1
66,6,13639,8443,16.0,0,26,0,49,20,0
41,6,56788,80,2.0,0,0,0,26,20,1
1243,6,64230,5432,2.0,0,1203,0,128,20,0
1010,6,33013,8000,2.0,0,970,0,128,20,0
48,1,0,0,0.0,8,35,0,2,20,1
66,6,35498,443,2.0,0,26,0,55,20,0
54,6,62893,8443,24.0,0,14,0,117,20,0
50,6,63749,39309,2.0,0,0,0,64,20,1
862,6,16218,8443,16.0,0,822,0,54,20,0
548,6,56146,8080,17.0,0,508,0,128,20,0
1325,6,49315,443,2.0,0,1285,0,52,20,0
272,17,49627,53,0.0,0,289,0,64,20,0
525,17,14681,3306,2.0,0,485,0,60,20,0
112,6,35431,80,2.0,0,72,0,58,20,0
1435,6,5310,22,0.0,0,1395,0,64,20,0
303,17,62110,53,0.0,0,449,0,64,20,0
192,6,45838,443,16.0,0,152,0,55,20,0
1067,6,40685,8443,16.0,0,1027,0,55,20,0
162,6,15174,22,16.0,0,122,0,64,20,0
66,6,34599,443,16.0,0,26,0,64,20,0
849,6,37413,443,16.0,0,809,0,64,20,0
1409,6,61746,5432,16.0,0,1369,0,255,20,0
66,6,61345,443,16.0,0,26,0,60,20,0
1344,17,9692,387,0.0,0,1163,0,6,20,1
162,6,9993,22,16.0,0,122,0,64,20,0
214,6,39538,443,0.0,0,174,0,128,20,0
162,6,64264,22,24.0,0,122,0,128,20,0
74,6,12540,443,16.0,0,34,0,119,20,0
54,6,2208,443,16.0,0,14,0,60,20,0
55,6,53796,8000,0.18,0,15,0,128,20,0
41,6,18162,8080,17.0,0,1,0,64,20,0
995,6,1559,8080,0.18,0,955,0,57,20,0
144,6,55349,8080,16.0,0,104,0,57,20,0
879,6,47982,8080,17.0,0,839,0,60,20,0
74,6,31597,443,16.0,0,34,0,56,20,0
70,6,22577,80,2.0,0,30,0,56,20,0
1100,17,15084,36,0.0,0,1280,1,2,20,1
66,6,44250,8443,2.0,0,26,0,115,20,0
155,6,47936,8080,0.18,0,115,0,56,20,0
66,6,12547,8443,16.0,0,26,0,55,20,0
1175,17,23197,831,0.0,0,1087,1,7,20,1
274,6,62025,8443,16.0,0,234,0,119,20,0
145,6,16811,8080,17.0,0,105,0,64,20,0
54,6,51095,8443,24.0,0,14,0,117,20,0
54,6,13221,443,16.0,0,14,0,57,20,0
114,6,14346,22,16.0,0,74,0,64,20,0
66,6,6642,8443,16.0,0,26,0,58,20,0
570,6,18450,5432,0.0,0,530,0,64,20,0
66,6,26809,8443,16.0,0,26,0,54,20,0
54,6,9079,8443,17.0,0,14,0,64,20,0
182,6,62910,8000,2.0,0,142,0,57,20,0
54,6,28149,8443,16.0,0,14,0,120,20,0
1392,17,25572,443,17.0,0,1352,0,56,20,0
397,17,33864,53,0.0,0,129,0,128,20,0
40,6,63844,80,2.0,0,0,0,1,20,1
120,6,64162,8443,16.0,0,80,0,57,20,0
150,6,41480,80,17.0,0,110,0,56,20,0
258,6,2637,22,24.0,0,218,0,128,20,0
143,6,63743,80,0.18,0,103,0,64,20,0
449,6,52337,22,0.0,0,409,0,128,20,0
54,6,1091,443,24.0,0,14,0,115,20,0
74,6,22900,443,16.0,0,34,0,51,20,0
1067,6,46632,8000,16.0,0,1027,0,58,20,0
82,1,0,0,0.0,8,3,0,7,20,1
348,17,54570,443,0.0,0,308,0,255,20,0
717,6,14089,80,0.0,0,677,0,60,20,0
164,6,51407,8000,16.0,0,124,0,64,20,0
74,6,16127,443,16.0,0,34,0,55,20,0
215,17,27909,53,0.0,0,321,0,128,20,0
74,6,28983,8443,24.0,0,34,0,128,20,0
258,6,14732,22,24.0,0,218,0,128,20,0
40,6,35998,443,24.0,0,0,0,128,20,0
1222,17,37052,710,0.0,0,1425,0,4,20,1
177,6,4986,8080,2.0,0,137,0,128,20,0
74,6,29505,443,2.0,0,34,0,128,20,0
258,6,29789,22,16.0,0,218,0,128,20,0
54,6,27448,443,16.0,0,14,0,128,20,0
162,6,50571,22,16.0,0,122,0,64,20,0
81,6,10591,80,16.0,0,41,0,57,20,0
1349,6,53747,8080,0.18,0,1309,0,255,20,0
996,6,45721,8080,2.0,0,956,0,58,20,0
364,17,59313,53,0.0,0,394,0,128,20,0
74,6,17830,443,2.0,0,34,0,57,20,0
262,17,13860,53,0.0,0,381,0,128,20,0
1056,17,38679,91,0.0,0,1182,1,3,20,1
93,1,0,0,0.0,8,13,0,12,20,1
298,17,48912,53,0.0,0,428,0,128,20,0
211,6,21683,8443,16.0,0,171,0,118,20,0
800,6,58793,443,24.0,0,760,0,49,20,0
46,6,21417,80,2.0,0,0,0,4,20,1
66,6,28566,8443,18.0,0,26,0,51,20,0
856,17,26136,53,17.0,0,816,0,255,20,0
53,6,17208,80,16.0,0,13,0,255,20,0
385,17,31047,53,0.0,0,148,0,128,20,0
110,6,14884,8080,16.0,0,70,0,128,20,0
66,6,17568,22,24.0,0,26,0,64,20,0
66,6,46552,8443,2.0,0,26,0,64,20,0
43,6,23313,80,2.0,0,0,0,27,20,1
268,6,27323,443,17.0,0,228,0,118,20,0
66,6,41080,443,24.0,0,26,0,115,20,0
1359,6,28443,22,17.0,0,1319,0,56,20,0
66,6,56538,8443,18.0,0,26,0,119,20,0
352,17,13742,53,0.0,0,67,0,128,20,0
66,6,2384,22,16.0,0,26,0,64,20,0
44,6,47159,52355,2.0,0,0,0,64,20,1
1250,6,11232,5432,17.0,0,1210,0,60,20,0
996,6,29691,80,16.0,0,956,0,255,20,0
66,6,16363,8443,16.0,0,26,0,51,20,0
137,17,51793,53,0.0,0,45,0,128,20,0
176,6,54980,80,2.0,0,136,0,58,20,0
88,6,58419,8000,16.0,0,48,0,128,20,0
1429,6,26587,8443,16.0,0,1389,0,58,20,0
299,6,45261,443,16.0,0,259,0,52,20,0
257,6,4753,443,24.0,0,217,0,115,20,0
914,6,28148,22,0.0,0,874,0,255,20,0
188,6,56521,8080,2.0,0,148,0,58,20,0
199,17,23312,53,0.0,0,159,0,128,20,0
40,6,35963,80,2.0,0,0,0,3,20,1
1444,6,30685,8443,16.0,0,1404,0,56,20,0
1081,6,21938,8443,16.0,0,1041,0,54,20,0
1370,6,42994,8000,17.0,0,1330,0,57,20,0
114,6,29258,22,24.0,0,74,0,64,20,0
112,6,56032,8443,17.0,0,72,0,52,20,0
46,6,54300,80,0.18,0,6,0,56,20,0
54,6,53818,443,16.0,0,14,0,119,20,0
54,6,37101,443,16.0,0,14,0,60,20,0
74,6,43341,443,16.0,0,34,0,56,20,0
860,6,33658,8443,16.0,0,820,0,56,20,0
74,6,40473,8443,24.0,0,34,0,115,20,0
796,6,56720,80,17.0,0,756,0,64,20,0
1144,17,27147,8080,17.0,0,1104,0,56,20,0
1213,17,26161,960,0.0,0,1434,0,8,20,1
66,6,46236,8443,16.0,0,26,0,119,20,0
837,6,62362,80,17.0,0,797,0,56,20,0
44,6,5909,80,2.0,0,0,0,11,20,1
293,17,23343,53,0.0,0,288,0,128,20,0
445,6,65437,80,17.0,0,405,0,56,20,0
1049,6,24154,53,16.0,0,1009,0,128,20,0
114,6,22504,22,24.0,0,74,0,128,20,0
127,6,63076,8000,16.0,0,87,0,58,20,0
74,6,23247,8443,16.0,0,34,0,49,20,0
1327,17,56613,1008,0.0,0,1223,1,5,20,1
74,6,58963,443,16.0,0,34,0,64,20,0
536,6,65285,80,17.0,0,496,0,56,20,0
74,6,46148,443,24.0,0,34,0,54,20,0
430,6,47634,22,16.0,0,390,0,255,20,0
764,1,22319,443,17.0,0,724,0,128,20,0
74,6,30110,8443,16.0,0,34,0,117,20,0
836,6,42399,8000,0.18,0,796,0,57,20,0
54,6,41120,8443,18.0,0,14,0,49,20,0
74,6,10661,443,18.0,0,34,0,57,20,0
1177,17,41130,53,2.0,0,1137,0,255,20,0
841,6,47825,53,16.0,0,801,0,128,20,0
59,6,45199,80,2.0,0,0,0,28,20,1
56,6,19413,29118,2.0,0,0,0,64,20,1
94,17,36775,53,0.0,0,38,0,64,20,0
502,17,37601,5432,2.0,0,462,0,64,20,0
147,6,39992,8080,0.18,0,107,0,64,20,0
111,17,64238,53,0.0,0,335,0,128,20,0
242,17,28499,53,0.0,0,45,0,128,20,0
258,6,48977,22,24.0,0,218,0,64,20,0
403,6,7287,8080,2.0,0,363,0,64,20,0
138,6,19585,8000,17.0,0,98,0,128,20,0
1330,6,36634,443,2.0,0,1290,0,128,20,0
77,17,54989,53,0.0,0,410,0,64,20,0
1347,6,41411,443,24.0,0,1307,0,119,20,0
66,6,17219,443,16.0,0,26,0,57,20,0
216,6,14914,8443,18.0,0,176,0,115,20,0
130,6,55727,22,16.0,0,90,0,128,20,0
226,17,15377,53,0.0,0,375,0,64,20,0
45,6,22728,80,2.0,0,0,0,16,20,1
74,6,55852,443,16.0,0,34,0,128,20,0
679,17,21585,3306,0.0,0,639,0,64,20,0
114,6,31790,22,16.0,0,74,0,128,20,0
66,6,62488,443,16.0,0,26,0,52,20,0
74,6,8032,8443,16.0,0,34,0,58,20,0
1221,17,24609,829,0.0,0,1037,1,9,20,1
1449,6,12628,80,0.18,0,1409,0,57,20,0
184,6,38954,22,24.0,0,144,0,64,20,0
49,6,3881,58201,2.0,0,0,0,64,20,1
258,6,10014,22,16.0,0,218,0,64,20,0
196,1,25861,22,24.0,0,156,0,60,20,0
200,6,57987,8000,2.0,0,160,0,255,20,0
137,6,2917,8443,16.0,0,97,0,57,20,0
213,6,22051,443,17.0,0,173,0,56,20,0
271,6,12469,8443,2.0,0,231,0,56,20,0
1182,6,31291,8000,16.0,0,1142,0,58,20,0
54,6,22993,443,17.0,0,14,0,51,20,0
1008,17,13137,22,16.0,0,968,0,255,20,0
66,6,26687,22,16.0,0,26,0,128,20,0
204,6,61404,8443,24.0,0,164,0,54,20,0
1149,17,38069,999,0.0,0,1196,0,1,20,1
1484,17,27443,53,24.0,0,1444,0,128,20,0
66,6,11813,8443,16.0,0,26,0,52,20,0
247,6,50015,8443,16.0,0,207,0,57,20,0
66,6,36956,8443,16.0,0,26,0,117,20,0
1236,6,49656,443,2.0,0,1196,0,52,20,0
90,6,53675,22,24.0,0,50,0,128,20,0
54,6,45140,8443,2.0,0,14,0,128,20,0
138,6,31790,443,16.0,0,98,0,115,20,0
695,6,50869,8000,16.0,0,655,0,57,20,0
560,6,64439,3306,24.0,0,520,0,255,20,0
53,6,6618,3306,2.0,0,13,0,128,20,0
402,17,50507,53,0.0,0,303,0,64,20,0
162,6,23881,22,16.0,0,122,0,64,20,0
325,17,48520,53,0.0,0,353,0,128,20,0
333,17,48524,53,0.0,0,267,0,128,20,0
105,17,4834,53,0.0,0,376,0,64,20,0
1055,6,16847,8443,16.0,0,1015,0,52,20,0
1234,6,52821,443,16.0,0,1194,0,55,20,0
66,6,63511,8443,16.0,0,26,0,117,20,0
255,6,40227,80,17.0,0,215,0,255,20,0
152,17,17435,53,0.0,0,222,0,128,20,0
66,6,28478,8443,24.0,0,26,0,58,20,0
179,6,33598,8443,16.0,0,139,0,64,20,0
1366,6,2746,8080,2.0,0,1326,0,58,20,0
809,6,16653,8000,16.0,0,769,0,56,20,0
83,6,31373,8080,0.18,0,43,0,64,20,0
114,6,13491,22,16.0,0,74,0,128,20,0
345,17,22920,53,0.0,0,398,0,128,20,0
116,1,24853,8080,0.0,0,76,0,60,20,0
341,6,50640,22,17.0,0,301,0,60,20,0
143,6,58680,8443,16.0,0,103,0,115,20,0
1229,17,46129,773,0.0,0,962,0,9,20,1
163,17,62782,53,0.0,0,388,0,64,20,0
199,17,17411,53,0.0,0,47,0,64,20,0
477,1,62132,5432,24.0,0,437,0,56,20,0
258,6,40056,22,24.0,0,218,0,128,20,0
66,6,43453,8443,16.0,0,26,0,119,20,0
50,6,35816,9708,2.0,0,0,0,64,20,1
62,6,2857,80,2.0,0,22,0,56,20,0
74,6,20834,443,16.0,0,34,0,60,20,0
90,1,0,0,0.0,8,47,0,12,20,1
1506,6,36168,443,16.0,0,1460,0,55,20,0
94,6,25575,5432,2.0,0,54,0,255,20,0
121,17,52165,5432,0.0,0,81,0,64,20,0
54,6,47684,443,16.0,0,14,0,118,20,0
1293,17,7267,506,0.0,0,1397,0,3,20,1
378,17,17425,53,0.0,0,152,0,64,20,0
172,6,57763,8000,0.18,0,132,0,64,20,0
49,6,51766,80,2.0,0,0,0,7,20,1
399,17,52009,53,0.0,0,284,0,64,20,0
54,6,3963,443,16.0,0,14,0,117,20,0
74,6,24539,8443,17.0,0,34,0,128,20,0
88,6,59461,8443,17.0,0,48,0,128,20,0
32,1,0,0,0.0,8,39,0,8,20,1
1039,17,35250,53,16.0,0,999,0,56,20,0
40,6,53686,5787,2.0,0,0,0,64,20,1
66,6,16179,8443,2.0,0,26,0,119,20,0
54,6,23456,8443,17.0,0,14,0,54,20,0
114,6,3945,22,24.0,0,74,0,128,20,0
227,17,63783,53,0.0,0,175,0,128,20,0
267,6,55471,5432,2.0,0,227,0,64,20,0
74,6,56258,443,24.0,0,34,0,117,20,0
557,6,41135,80,17.0,0,517,0,255,20,0
1169,6,7012,8000,2.0,0,1129,0,58,20,0
191,6,28672,8080,2.0,0,151,0,255,20,0
66,17,61592,53,0.0,0,423,0,64,20,0
66,6,40954,8443,16.0,0,26,0,55,20,0
1147,6,48771,8080,2.0,0,1107,0,64,20,0
1368,17,1851,3306,16.0,0,1328,0,60,20,0
81,6,29209,8443,16.0,0,41,0,118,20,0
145,6,49995,8000,17.0,0,105,0,64,20,0
104,6,34780,8443,16.0,0,64,0,120,20,0
1123,6,5990,8080,0.18,0,1083,0,255,20,0
1138,17,36857,344,0.0,0,1032,1,6,20,1
74,6,20814,443,2.0,0,34,0,64,20,0
66,6,10351,8443,24.0,0,26,0,56,20,0
90,6,33095,22,24.0,0,50,0,64,20,0
633,17,30807,443,0.0,0,593,0,128,20,0
66,6,14931,443,16.0,0,26,0,58,20,0
46,6,59534,80,2.0,0,0,0,5,20,1
507,17,2172,53,0.0,0,41,0,64,20,0
1247,17,36256,904,0.0,0,950,1,5,20,1
40,6,60270,80,2.0,0,0,0,1,20,1
1273,6,27600,22,24.0,0,1233,0,64,20,0
1000,6,62527,443,17.0,0,960,0,51,20,0
90,6,25025,22,24.0,0,50,0,64,20,0
66,6,18416,8443,16.0,0,26,0,117,20,0
112,6,37737,443,24.0,0,72,0,119,20,0
91,6,65465,3306,0.0,0,51,0,60,20,0
1300,6,52912,22,24.0,0,1260,0,56,20,0
1004,17,33881,529,0.0,0,974,0,1,20,1
41,6,2328,80,2.0,0,0,0,16,20,1
115,6,49576,8443,18.0,0,75,0,51,20,0
116,6,54358,8080,17.0,0,76,0,128,20,0
130,6,7792,22,16.0,0,90,0,128,20,0
66,6,3098,22,24.0,0,26,0,128,20,0
1401,6,52897,443,24.0,0,1361,0,60,20,0
66,6,60959,443,16.0,0,26,0,54,20,0
696,6,64626,53,0.0,0,656,0,255,20,0
49,6,20326,80,2.0,0,0,0,27,20,1
86,17,20970,443,24.0,0,46,0,128,20,0
54,6,15674,8443,18.0,0,14,0,56,20,0
66,6,25559,443,2.0,0,26,0,52,20,0
213,17,4876,80,2.0,0,173,0,64,20,0
473,6,52941,8000,17.0,0,433,0,255,20,0
706,1,1603,3306,2.0,0,666,0,56,20,0
375,17,1167,53,0.0,0,459,0,64,20,0
943,6,24307,443,24.0,0,903,0,52,20,0
54,6,52200,8443,17.0,0,14,0,128,20,0
858,6,8390,8443,16.0,0,818,0,119,20,0
196,6,54331,8443,16.0,0,156,0,119,20,0
1060,6,58395,443,24.0,0,1020,0,255,20,0
1063,6,5657,8443,24.0,0,1023,0,56,20,0
440,17,49143,8080,2.0,0,400,0,255,20,0
90,6,59812,22,24.0,0,50,0,128,20,0
41,6,10774,55575,2.0,0,0,0,64,20,1
66,6,54135,443,16.0,0,26,0,58,20,0
708,17,61297,22,0.0,0,668,0,60,20,0
862,17,27464,443,17.0,0,822,0,128,20,0
86,6,53370,8000,17.0,0,46,0,56,20,0
164,17,40659,53,0.0,0,342,0,64,20,0
51,6,34133,59921,2.0,0,0,0,64,20,1
784,6,15391,8080,2.0,0,744,0,255,20,0
161,17,2031,53,0.0,0,451,0,128,20,0
265,17,30759,53,0.0,0,294,0,64,20,0
1342,6,44483,8443,16.0,0,1302,0,49,20,0
44,6,39529,8080,17.0,0,4,0,64,20,0
1125,17,57007,5432,0.0,0,1085,0,128,20,0
1505,6,3246,3306,16.0,0,1460,0,128,20,0
54,6,28394,8443,16.0,0,14,0,117,20,0
1105,6,12073,8443,2.0,0,1065,0,55,20,0
258,6,43444,22,16.0,0,218,0,128,20,0
363,17,42036,53,0.0,0,170,0,64,20,0
74,6,33675,443,24.0,0,34,0,128,20,0
114,6,3208,22,16.0,0,74,0,128,20,0
140,6,4348,53,24.0,0,100,0,60,20,0
1384,6,48017,8080,17.0,0,1344,0,64,20,0
162,6,43300,22,24.0,0,122,0,64,20,0
162,6,2073,22,16.0,0,122,0,128,20,0
1077,17,40565,309,0.0,0,1375,1,8,20,1
40,6,53546,8000,0.18,0,0,0,255,20,0
223,6,45401,8443,16.0,0,183,0,120,20,0
114,6,15727,22,16.0,0,74,0,128,20,0
119,6,59533,8080,2.0,0,79,0,57,20,0
74,6,36921,443,16.0,0,34,0,119,20,0
489,17,6335,53,0.0,0,44,0,64,20,0
1487,17,43261,271,0.0,0,1231,0,3,20,1
1130,6,11411,80,0.0,0,1090,0,255,20,0
249,17,40559,53,0.0,0,238,0,128,20,0
511,17,25327,53,0.0,0,299,0,128,20,0
59,1,0,0,0.0,8,9,0,18,20,1
496,17,38124,53,0.0,0,380,0,128,20,0
44,6,5645,80,2.0,0,0,0,28,20,1
107,6,37560,443,16.0,0,67,0,60,20,0
258,6,8105,22,16.0,0,218,0,64,20,0
285,6,1604,443,0.0,0,245,0,60,20,0
439,17,7947,53,2.0,0,399,0,60,20,0
426,6,13102,80,2.0,0,386,0,56,20,0
829,6,45429,80,2.0,0,789,0,255,20,0
1383,6,38628,8000,17.0,0,1343,0,64,20,0
184,6,41669,22,16.0,0,144,0,64,20,0
58,6,40851,8000,2.0,0,18,0,58,20,0
162,6,64393,22,16.0,0,122,0,128,20,0
214,6,55995,8443,2.0,0,174,0,49,20,0
1223,6,48953,8443,16.0,0,1183,0,55,20,0
304,17,20183,53,0.0,0,366,0,64,20,0
54,6,5797,8443,16.0,0,14,0,117,20,0
312,6,61952,443,16.0,0,272,0,56,20,0
175,6,19847,80,16.0,0,135,0,128,20,0
902,17,59590,3306,0.0,0,862,0,56,20,0
54,6,51234,443,18.0,0,14,0,118,20,0
707,6,41588,8080,2.0,0,667,0,128,20,0
184,6,35225,22,16.0,0,144,0,128,20,0
54,6,12461,8443,24.0,0,14,0,49,20,0
74,6,49315,443,16.0,0,34,0,60,20,0
1052,17,15796,22,2.0,0,1012,0,60,20,0
545,6,60167,443,17.0,0,505,0,60,20,0
148,17,15831,53,0.0,0,68,0,64,20,0
894,6,19283,443,16.0,0,854,0,54,20,0
90,6,11889,22,16.0,0,50,0,64,20,0
66,6,50180,443,24.0,0,26,0,57,20,0
165,6,9082,80,0.18,0,125,0,56,20,0
573,6,43717,3306,17.0,0,533,0,56,20,0
90,6,38120,22,24.0,0,50,0,128,20,0
535,17,30802,22,17.0,0,495,0,255,20,0
86,1,0,0,0.0,8,38,0,16,20,1
1317,17,32112,8080,16.0,0,1277,0,60,20,0
130,6,33383,22,16.0,0,90,0,64,20,0
74,6,21810,443,16.0,0,34,0,128,20,0
74,6,8812,443,2.0,0,34,0,128,20,0
59,1,0,0,0.0,8,27,0,13,20,1
104,6,61014,8000,16.0,0,64,0,64,20,0
43,6,40078,23497,2.0,0,0,0,64,20,1
90,6,25215,22,16.0,0,50,0,64,20,0
462,17,36368,53,0.0,0,383,0,64,20,0
57,6,12748,80,16.0,0,17,0,56,20,0
184,6,24680,22,24.0,0,144,0,128,20,0
203,6,7857,8080,16.0,0,163,0,60,20,0
523,6,30026,8000,16.0,0,483,0,64,20,0
1334,6,43509,80,0.18,0,1294,0,128,20,0
64,1,0,0,0.0,8,48,0,1,20,1
862,6,6309,443,24.0,0,822,0,55,20,0
1104,6,19333,3306,0.0,0,1064,0,60,20,0
1144,6,54448,3306,0.0,0,1104,0,60,20,0
1394,6,28898,443,16.0,0,1354,0,255,20,0
338,6,62233,8080,0.0,0,298,0,64,20,0
1084,6,47145,443,16.0,0,1044,0,58,20,0
186,6,11718,8080,17.0,0,146,0,255,20,0
320,17,35926,53,0.0,0,438,0,128,20,0
66,6,64082,22,24.0,0,26,0,64,20,0
66,6,30678,22,16.0,0,26,0,64,20,0
66,6,30535,8443,16.0,0,26,0,49,20,0
184,6,37272,22,16.0,0,144,0,128,20,0
1505,6,31321,80,17.0,0,1460,0,64,20,0
462,17,34306,53,0.0,0,435,0,64,20,0
47,6,41812,80,2.0,0,0,0,2,20,1
279,17,24794,53,0.0,0,73,0,128,20,0
1281,6,13357,8000,2.0,0,1241,0,64,20,0
74,6,60494,443,17.0,0,34,0,60,20,0
1067,17,15549,80,2.0,0,1027,0,255,20,0
54,6,3809,8443,16.0,0,14,0,120,20,0
885,6,27037,8000,17.0,0,845,0,64,20,0
66,6,47166,443,2.0,0,26,0,52,20,0
162,6,25841,22,16.0,0,122,0,64,20,0
929,6,14417,8443,24.0,0,889,0,120,20,0
1271,6,43400,8080,0.18,0,1231,0,56,20,0
358,6,46413,443,24.0,0,318,0,64,20,0
54,6,51532,443,24.0,0,14,0,115,20,0
428,17,63659,53,0.0,0,336,0,64,20,0
794,6,7891,443,0.0,0,754,0,128,20,0
141,6,8119,8080,16.0,0,101,0,58,20,0
45,1,0,0,0.0,8,32,0,14,20,1
49,6,19212,80,2.0,0,0,0,5,20,1
804,6,7046,443,17.0,0,764,0,56,20,0
114,6,6710,22,24.0,0,74,0,128,20,0
677,6,49219,3306,0.0,0,637,0,64,20,0
90,6,26581,22,24.0,0,50,0,64,20,0
574,6,37563,22,24.0,0,534,0,60,20,0
56,6,19395,3253,2.0,0,0,0,64,20,1
340,17,31026,53,0.0,0,215,0,64,20,0
251,17,49468,53,0.0,0,213,0,64,20,0
965,17,29862,80,0.0,0,925,0,64,20,0
1403,6,58148,8080,0.18,0,1363,0,56,20,0
48,6,33741,30946,2.0,0,0,0,64,20,1
192,17,59006,53,0.0,0,242,0,128,20,0
130,6,3871,22,16.0,0,90,0,64,20,0
51,6,42383,80,2.0,0,0,0,19,20,1
527,17,39845,443,24.0,0,487,1,64,20,0
66,6,51137,443,16.0,0,26,0,55,20,0
74,6,61948,443,2.0,0,34,0,57,20,0
1330,6,27968,8080,0.18,0,1290,0,64,20,0
130,6,57514,8443,16.0,0,90,0,117,20,0
766,6,47597,80,0.18,0,726,0,58,20,0
54,6,59147,443,16.0,0,14,0,49,20,0
121,17,65332,53,0.0,0,233,0,128,20,0
935,1,8278,8080,17.0,0,895,0,255,20,0
90,6,17465,22,16.0,0,50,0,128,20,0
1210,6,19565,8080,24.0,0,1170,0,255,20,0
94,17,32703,53,0.0,0,404,0,64,20,0
269,17,31365,53,2.0,0,229,0,64,20,0
135,6,36139,80,0.18,0,95,0,64,20,0
296,17,14102,53,0.0,0,294,0,128,20,0
193,6,48755,8080,0.18,0,153,0,57,20,0
114,6,39545,22,24.0,0,74,0,64,20,0
74,6,37977,443,17.0,0,34,0,60,20,0
801,6,2885,8080,16.0,0,761,0,56,20,0
198,6,16786,8080,17.0,0,158,0,56,20,0
527,17,49745,3306,16.0,0,487,0,255,20,0
178,6,53587,8000,2.0,0,138,0,128,20,0
47,6,25784,80,2.0,0,0,0,5,20,1
309,1,7167,8080,0.0,0,269,0,60,20,0
1021,6,1750,443,24.0,0,981,0,54,20,0
54,6,11577,8443,16.0,0,14,0,64,20,0
941,1,36467,3306,2.0,0,901,0,255,20,0
106,6,60297,8080,2.0,0,66,0,58,20,0
1349,6,26319,5432,2.0,0,1309,0,60,20,0
1320,6,19086,8000,17.0,0,1280,0,128,20,0
1217,6,46408,443,0.0,0,1177,0,64,20,0
161,17,57437,53,0.0,0,160,0,64,20,0
84,6,43340,443,16.0,0,44,0,128,20,0
55,6,61071,80,2.0,0,0,0,5,20,1
259,1,59330,22,0.0,0,219,0,255,20,0
370,17,9237,53,0.0,0,458,0,64,20,0
478,17,5282,53,0.0,0,197,0,64,20,0
83,1,0,0,0.0,8,35,0,7,20,1
1247,6,17018,8080,17.0,0,1207,0,64,20,0
668,6,22338,443,16.0,0,628,0,56,20,0
54,6,7078,8443,16.0,0,14,0,57,20,0
45,6,3000,60621,2.0,0,0,0,64,20,1
41,6,4410,80,2.0,0,0,0,28,20,1
228,6,30515,8443,18.0,0,188,0,128,20,0
66,6,31588,443,16.0,0,26,0,60,20,0
606,6,62137,443,0.0,0,566,0,255,20,0
181,6,50165,8080,17.0,0,141,0,128,20,0
66,6,40187,22,24.0,0,26,0,64,20,0
283,17,57449,53,0.0,0,408,0,64,20,0
739,6,47770,8080,17.0,0,699,0,128,20,0
33,1,0,0,0.0,8,18,0,8,20,1
258,6,37098,22,24.0,0,218,0,64,20,0
92,1,0,0,0.0,8,17,0,9,20,1
29,1,0,0,0.0,8,29,0,12,20,1
953,17,42203,8080,2.0,0,913,0,64,20,0
1392,6,15414,8443,2.0,0,1352,0,56,20,0
200,6,43871,443,16.0,0,160,0,52,20,0
43,6,30773,21601,2.0,0,0,0,64,20,1
315,17,1184,53,0.0,0,410,0,64,20,0
66,6,52052,443,16.0,0,26,0,118,20,0
1376,6,37836,8000,2.0,0,1336,0,57,20,0
53,6,32589,11394,2.0,0,0,0,64,20,1
56,6,25837,80,2.0,0,0,0,25,20,1
1046,6,4763,22,24.0,0,1006,0,64,20,0
1131,6,6295,8080,16.0,0,1091,0,255,20,0
41,6,21416,10542,2.0,0,0,0,64,20,1
54,6,29410,443,16.0,0,14,0,128,20,0
469,6,36093,443,16.0,0,429,0,60,20,0
170,6,37698,8443,24.0,0,130,0,49,20,0
1211,17,1026,53,2.0,0,1171,0,128,20,0
74,6,41029,8443,18.0,0,34,0,118,20,0
130,6,51132,22,16.0,0,90,0,64,20,0
330,6,21179,5432,16.0,0,290,0,60,20,0
54,6,31752,8443,17.0,0,14,0,51,20,0
946,6,11733,53,2.0,0,906,0,64,20,0
114,6,9165,22,24.0,0,74,0,128,20,0
258,6,60509,22,16.0,0,218,0,64,20,0
109,6,36930,8000,16.0,0,69,0,255,20,0
705,6,61330,5432,2.0,0,665,0,64,20,0
367,6,62429,80,2.0,0,327,0,255,20,0
417,17,52720,53,0.0,0,314,0,64,20,0
57,6,15606,80,2.0,0,0,0,5,20,1
169,6,1730,8443,2.0,0,129,0,120,20,0
51,6,27484,28757,2.0,0,0,0,64,20,1
833,6,10123,8080,16.0,0,793,0,58,20,0
74,6,2624,8443,16.0,0,34,0,128,20,0
54,6,10570,443,16.0,0,14,0,55,20,0
90,6,43265,22,24.0,0,50,0,128,20,0
1506,17,30249,80,0.0,0,1460,0,64,20,0
66,6,3819,443,17.0,0,26,0,49,20,0
1219,6,34098,8080,2.0,0,1179,0,64,20,0
1325,6,16334,8443,24.0,0,1285,0,117,20,0
66,6,5899,443,16.0,0,26,0,54,20,0
73,17,32127,53,0.0,0,333,0,128,20,0
54,6,29634,8443,18.0,0,14,0,55,20,0
55,6,8991,80,2.0,0,0,0,19,20,1
1228,17,6253,448,0.0,0,1434,1,1,20,1
1361,6,32219,8000,17.0,0,1321,0,58,20,0
1340,1,13199,53,17.0,0,1300,0,60,20,0
54,6,22670,443,16.0,0,14,0,119,20,0
1216,17,65106,334,0.0,0,1210,1,2,20,1
970,6,27152,443,16.0,0,930,0,55,20,0
74,6,16306,443,2.0,0,34,0,51,20,0
74,6,63841,8443,16.0,0,34,0,117,20,0
114,6,20505,22,24.0,0,74,0,128,20,0
805,6,17956,443,17.0,0,765,0,120,20,0
287,6,2103,8443,16.0,0,247,0,54,20,0
1488,6,10240,8000,16.0,0,1448,0,57,20,0
130,6,32847,22,16.0,0,90,0,128,20,0
1055,17,29864,989,0.0,0,1136,1,2,20,1
348,6,27862,53,0.0,0,308,0,64,20,0
54,6,31046,8443,16.0,0,14,0,58,20,0
281,6,15562,8080,0.0,0,241,0,60,20,0
561,6,46652,5432,24.0,0,521,0,60,20,0
1143,6,37307,22,17.0,0,1103,0,128,20,0
578,17,5265,22,0.0,0,538,0,64,20,0
126,6,40367,8443,16.0,0,86,0,117,20,0
165,6,32586,80,2.0,0,125,0,58,20,0
74,6,47823,443,16.0,0,34,0,58,20,0
1032,6,36736,443,2.0,0,992,0,51,20,0
47,6,54929,29156,2.0,0,0,0,64,20,1
205,6,39155,8080,0.18,0,165,0,255,20,0
1477,6,24576,8000,17.0,0,1437,0,64,20,0
399,17,34193,53,0.0,0,148,0,128,20,0
700,6,14911,8080,24.0,0,660,0,128,20,0
88,6,47786,8443,16.0,0,48,0,118,20,0
810,6,12405,80,0.0,0,770,0,60,20,0
1361,17,53725,80,17.0,0,1321,0,56,20,0
57,6,26002,80,2.0,0,0,0,16,20,1
578,6,61012,22,2.0,0,538,0,64,20,0
55,6,35654,29016,2.0,0,0,0,64,20,1
271,6,45111,3306,0.0,0,231,0,255,20,0
201,6,23716,8443,16.0,0,161,0,52,20,0
54,6,56923,8443,16.0,0,14,0,58,20,0
1316,17,32116,402,0.0,0,1431,0,8,20,1
343,17,42523,5432,0.0,0,303,0,56,20,0
236,6,43603,3306,17.0,0,196,0,56,20,0
54,6,12553,443,24.0,0,14,0,118,20,0
462,17,1310,53,0.0,0,80,0,64,20,0
1387,17,50606,933,0.0,0,954,0,7,20,1
901,6,4364,3306,16.0,0,861,0,60,20,0
498,17,29130,53,0.0,0,414,0,128,20,0
209,17,14300,53,0.0,0,463,0,64,20,0
90,6,2736,22,24.0,0,50,0,64,20,0
211,6,62954,443,16.0,0,171,0,56,20,0
66,6,12848,8443,16.0,0,26,0,49,20,0
1329,6,14532,22,2.0,0,1289,0,64,20,0
353,6,20691,5432,16.0,0,313,0,60,20,0
66,6,63748,22,24.0,0,26,0,64,20,0
393,17,9085,5432,17.0,0,353,0,255,20,0
1089,17,20984,97,0.0,0,998,0,8,20,1
1462,6,59470,443,2.0,0,1422,0,54,20,0
607,6,54718,443,16.0,0,567,0,128,20,0
187,6,25128,80,0.18,0,147,0,128,20,0
1244,17,59802,895,0.0,0,1059,1,6,20,1
553,6,15729,8000,0.18,0,513,0,56,20,0
902,6,21491,8080,17.0,0,862,0,56,20,0
484,6,57227,443,2.0,0,444,0,255,20,0
317,17,63583,53,0.0,0,121,0,64,20,0
133,6,47710,443,16.0,0,93,0,55,20,0
1217,6,40886,22,2.0,0,1177,0,56,20,0
49,6,32849,80,2.0,0,0,0,18,20,1
66,6,63140,22,16.0,0,26,0,128,20,0
167,6,16632,80,2.0,0,127,0,128,20,0
54,6,36352,443,16.0,0,14,0,119,20,0
66,6,32942,8443,16.0,0,26,0,128,20,0
54,6,59037,8443,16.0,0,14,0,64,20,0
249,17,13743,443,24.0,0,209,0,56,20,0
1402,6,52338,3306,2.0,0,1362,0,255,20,0
54,6,45364,8443,18.0,0,14,0,64,20,0
187,17,59243,53,0.0,0,156,0,64,20,0
162,6,53342,22,16.0,0,122,0,64,20,0
49,6,34232,80,2.0,0,0,0,24,20,1
66,6,55434,53,17.0,0,26,0,255,20,0
1267,17,55850,183,0.0,0,1295,1,7,20,1
114,6,31048,22,16.0,0,74,0,64,20,0
54,6,30025,8443,24.0,0,14,0,49,20,0
59,6,53879,80,2.0,0,0,0,2,20,1
184,6,16639,8000,2.0,0,144,0,128,20,0
581,6,32230,8080,17.0,0,541,0,255,20,0
50,6,63963,80,2.0,0,0,0,17,20,1
398,17,64520,53,0.0,0,359,0,64,20,0
168,6,18142,443,16.0,0,128,0,54,20,0
240,6,15768,8443,18.0,0,200,0,55,20,0
889,6,54019,22,17.0,0,849,0,56,20,0
1281,6,40409,443,24.0,0,1241,0,56,20,0
135,17,59836,53,0.0,0,191,0,64,20,0
114,6,8572,22,16.0,0,74,0,128,20,0
243,6,60573,443,16.0,0,203,0,55,20,0
134,6,48669,443,16.0,0,94,0,57,20,0
1195,17,9715,5432,17.0,0,1155,0,64,20,0
1246,6,57499,80,16.0,0,1206,0,60,20,0
54,6,41788,8443,17.0,0,14,0,58,20,0
1423,6,36395,443,24.0,0,1383,0,57,20,0
950,1,45671,8080,0.0,0,910,0,60,20,0
1244,6,18285,8080,2.0,0,1204,0,64,20,0
240,6,28076,8443,16.0,0,200,0,120,20,0
1411,17,14030,825,0.0,0,1407,0,5,20,1
1385,6,9802,80,16.0,0,1345,0,60,20,0
1030,6,3935,8080,16.0,0,990,0,64,20,0
1038,6,37147,53,2.0,0,998,0,64,20,0
973,6,19186,8080,2.0,0,933,0,128,20,0
267,17,61915,53,0.0,0,61,0,64,20,0
1137,6,44839,8080,0.18,0,1097,0,56,20,0
254,6,41561,8443,16.0,0,214,0,51,20,0
153,6,44472,8443,16.0,0,113,0,60,20,0
1124,17,37147,262,0.0,0,1230,1,7,20,1
1472,6,13507,3306,16.0,0,1432,0,255,20,0
54,6,5599,8443,16.0,0,14,0,128,20,0
460,17,41144,53,0.0,0,294,0,64,20,0
90,17,61250,53,0.0,0,448,0,64,20,0
130,6,34811,22,24.0,0,90,0,64,20,0
1179,6,19605,443,24.0,0,1139,0,55,20,0
114,6,13469,22,24.0,0,74,0,64,20,0
710,6,12462,443,0.0,0,670,0,128,20,0
54,6,49352,8443,2.0,0,14,0,52,20,0
642,6,48703,8000,0.18,0,602,0,58,20,0
1110,6,26512,8443,16.0,0,1070,0,117,20,0
66,6,34678,443,16.0,0,26,0,56,20,0
1205,17,41550,967,0.0,0,1022,1,1,20,1
52,6,25964,54354,2.0,0,0,0,64,20,1
53,6,25378,51221,2.0,0,0,0,64,20,1
271,6,17898,8443,18.0,0,231,0,55,20,0
1131,6,52947,5432,24.0,0,1091,0,128,20,0
251,6,23243,8000,17.0,0,211,0,255,20,0
43,6,28422,80,2.0,0,0,0,24,20,1
114,6,25233,22,16.0,0,74,0,128,20,0
144,17,38819,53,0.0,0,46,0,128,20,0
54,6,18223,8443,16.0,0,14,0,51,20,0
1098,17,57891,22,24.0,0,1058,0,56,20,0
926,6,34431,8443,16.0,0,886,0,51,20,0
1474,6,14339,22,2.0,0,1434,0,60,20,0
54,6,59889,8443,24.0,0,14,0,55,20,0
1454,6,45653,80,0.18,0,1414,0,128,20,0
720,6,63089,5432,16.0,0,680,0,56,20,0
509,17,1226,53,0.0,0,286,0,64,20,0
547,6,21463,8000,2.0,0,507,0,58,20,0
141,6,36446,8443,16.0,0,101,0,58,20,0
45,6,40536,5432,2.0,0,5,0,56,20,0
476,6,10674,80,16.0,0,436,0,57,20,0
382,17,32979,53,0.0,0,80,0,128,20,0
621,17,11179,22,0.0,0,581,0,60,20,0
1481,6,18527,22,24.0,0,1441,0,60,20,0
142,6,52120,8000,2.0,0,102,0,58,20,0
65,17,36196,22,2.0,0,25,0,128,20,0
54,6,57829,8443,18.0,0,14,0,51,20,0
1152,6,44564,22,0.0,0,1112,0,64,20,0
1469,6,1791,443,16.0,0,1429,0,120,20,0
124,17,11811,53,0.0,0,208,0,64,20,0
850,6,1193,53,24.0,0,810,0,56,20,0
114,6,57749,22,16.0,0,74,0,64,20,0
257,6,44949,5432,17.0,0,217,0,64,20,0
74,6,1639,8443,16.0,0,34,0,120,20,0
79,1,0,0,0.0,8,38,0,12,20,1
1015,17,57167,452,0.0,0,1342,0,9,20,1
66,6,47121,8443,18.0,0,26,0,118,20,0
130,6,28913,22,16.0,0,90,0,64,20,0
49,6,24130,80,2.0,0,0,0,15,20,1
160,17,31221,53,0.0,0,210,0,64,20,0
171,17,34151,53,0.0,0,159,0,128,20,0
162,6,62446,22,24.0,0,122,0,64,20,0
48,6,2997,50863,2.0,0,0,0,64,20,1
1186,6,43170,3306,17.0,0,1146,0,64,20,0
695,6,62381,443,2.0,0,655,0,128,20,0
56,6,38678,80,2.0,0,0,0,5,20,1
46,6,48240,40290,2.0,0,0,0,64,20,1
239,6,28265,8443,16.0,0,199,0,119,20,0
452,6,30837,53,0.0,0,412,0,255,20,0
1102,6,23858,443,2.0,0,1062,0,57,20,0
950,17,63284,53,17.0,0,910,0,60,20,0
42,6,64123,52336,2.0,0,0,0,64,20,1
253,6,36545,3306,17.0,0,213,0,128,20,0
74,6,39696,443,2.0,0,34,0,56,20,0
54,6,35855,8443,16.0,0,14,0,119,20,0
66,6,49541,8443,17.0,0,26,0,52,20,0
1405,6,21093,22,16.0,0,1365,0,60,20,0
533,6,25514,8080,16.0,0,493,0,255,20,0
168,6,47142,443,16.0,0,128,0,60,20,0
176,17,36153,53,0.0,0,376,0,64,20,0
37,1,0,0,0.0,8,3,0,15,20,1
456,17,32998,53,0.0,0,82,0,64,20,0
411,6,39933,8080,2.0,0,371,0,56,20,0
74,6,49021,8443,18.0,0,34,0,54,20,0
28,1,0,0,0.0,8,42,0,12,20,1
649,6,24848,8080,2.0,0,609,0,57,20,0
78,1,0,0,0.0,8,37,0,8,20,1
1129,17,30912,3306,24.0,0,1089,0,128,20,0
162,6,3095,22,16.0,0,122,0,64,20,0
1463,1,27544,8080,2.0,0,1423,0,128,20,0
194,17,26769,8080,17.0,0,154,0,60,20,0
198,17,58989,53,0.0,0,220,0,64,20,0
530,6,6846,443,2.0,0,490,0,56,20,0
660,6,43107,8000,16.0,0,620,0,255,20,0
66,6,15014,443,16.0,0,26,0,118,20,0
34,1,0,0,0.0,8,51,0,6,20,1
66,6,3493,22,24.0,0,26,0,128,20,0
43,6,22885,80,2.0,0,0,0,13,20,1
202,6,34356,443,24.0,0,162,0,117,20,0
74,6,45090,8443,24.0,0,34,0,49,20,0
223,6,21971,8443,24.0,0,183,0,60,20,0
215,6,8857,8443,16.0,0,175,0,49,20,0
921,6,42222,8443,24.0,0,881,0,128,20,0
402,17,24621,3306,0.0,0,362,0,60,20,0
54,6,13329,8443,16.0,0,14,0,117,20,0
258,6,47193,22,16.0,0,218,0,64,20,0
247,17,6123,53,0.0,0,258,0,128,20,0
121,6,5102,8443,18.0,0,81,0,58,20,0
49,1,0,0,0.0,8,38,0,11,20,1
130,6,8462,22,16.0,0,90,0,64,20,0
430,17,52555,53,0.0,0,172,0,64,20,0
1291,6,25785,22,0.0,0,1251,0,64,20,0
1445,6,42353,80,0.0,0,1405,0,64,20,0
685,17,58338,53,17.0,0,645,0,64,20,0
45,6,11310,80,2.0,0,0,0,6,20,1
64,6,50741,80,2.0,0,24,0,56,20,0
114,6,31588,22,16.0,0,74,0,64,20,0
74,6,30116,443,24.0,0,34,0,120,20,0
525,6,30654,5432,16.0,0,485,0,64,20,0
184,6,53630,22,24.0,0,144,0,64,20,0
171,6,49190,8000,0.18,0,131,0,58,20,0
1072,6,28597,8443,24.0,0,1032,0,118,20,0
732,17,14352,53,17.0,0,692,0,128,20,0
1276,6,1595,8080,0.0,0,1236,0,128,20,0
447,17,60993,53,0.0,0,57,0,128,20,0
42,6,23032,80,2.0,0,0,0,14,20,1
1199,17,18453,180,0.0,0,1352,1,9,20,1
663,6,30315,80,0.0,0,623,0,255,20,0
207,6,7025,443,16.0,0,167,0,55,20,0
74,6,2563,8443,24.0,0,34,0,120,20,0
54,6,21032,80,2.0,0,0,0,4,20,1
928,6,3895,53,16.0,0,888,0,56,20,0
1463,6,35818,8000,2.0,0,1423,0,58,20,0
258,6,44067,22,24.0,0,218,0,128,20,0
54,6,59584,8443,2.0,0,14,0,118,20,0
904,6,23568,80,2.0,0,864,0,255,20,0
498,6,13209,80,2.0,0,458,0,60,20,0
114,6,64357,22,16.0,0,74,0,64,20,0
872,6,32680,80,16.0,0,832,0,58,20,0
405,17,14767,53,0.0,0,355,0,64,20,0
864,17,45700,443,0.0,0,824,0,255,20,0
43,6,36655,29337,2.0,0,0,0,64,20,1
439,17,18215,53,0.0,0,249,0,64,20,0
54,6,16197,8443,18.0,0,14,0,64,20,0
53,1,0,0,0.0,8,19,0,4,20,1
162,6,5504,22,16.0,0,122,0,128,20,0
41,6,24618,80,2.0,0,0,0,25,20,1
164,17,34815,8080,2.0,0,124,0,255,20,0
361,17,57774,53,0.0,0,125,0,64,20,0
180,17,5450,53,2.0,0,140,0,60,20,0
62,6,30070,8000,0.18,0,22,0,64,20,0
168,17,14820,53,0.0,0,170,0,64,20,0
333,6,35565,3306,2.0,0,293,0,128,20,0
90,6,58713,22,24.0,0,50,0,64,20,0
114,17,46951,53,0.0,0,138,0,64,20,0
48,6,30412,48256,2.0,0,0,0,64,20,1
90,6,16472,22,16.0,0,50,0,64,20,0
719,6,11485,5432,16.0,0,679,0,56,20,0
1499,6,14479,443,17.0,0,1459,0,60,20,0
66,6,36254,8443,18.0,0,26,0,51,20,0
50,17,27632,22,0.0,0,10,0,64,20,0
208,6,31860,8443,24.0,0,168,0,51,20,0
1121,6,59555,8443,18.0,0,1081,0,52,20,0
1399,6,37115,8000,0.18,0,1359,0,58,20,0
184,6,9175,22,16.0,0,144,0,128,20,0
44,6,16415,58478,2.0,0,0,0,64,20,1
114,6,57084,22,16.0,0,74,0,128,20,0
877,6,23371,8080,2.0,0,837,0,56,20,0
57,6,25542,3306,0.0,0,17,0,255,20,0
370,17,61623,53,0.0,0,328,0,64,20,0
74,6,36451,443,24.0,0,34,0,49,20,0
130,6,33276,22,16.0,0,90,0,64,20,0
79,6,2070,8000,2.0,0,39,0,255,20,0
99,1,0,0,0.0,8,17,0,5,20,1
279,6,49845,443,16.0,0,239,0,52,20,0
557,6,5107,8080,17.0,0,517,0,56,20,0
91,1,0,0,0.0,8,13,0,16,20,1
640,6,51960,22,2.0,0,600,0,128,20,0
162,6,58828,22,16.0,0,122,0,64,20,0
74,6,54133,8443,17.0,0,34,0,128,20,0
54,6,14351,8443,16.0,0,14,0,60,20,0
1435,17,21744,8080,2.0,0,1395,0,128,20,0
100,6,50554,8443,16.0,0,60,0,118,20,0
184,6,24752,22,24.0,0,144,0,128,20,0
54,6,27577,8443,16.0,0,14,0,117,20,0
54,6,22316,8443,18.0,0,14,0,56,20,0
114,6,57147,22,24.0,0,74,0,64,20,0
338,17,40422,53,0.0,0,98,0,64,20,0
346,1,29104,22,0.0,0,306,0,60,20,0
1479,6,58727,8080,0.18,0,1439,0,64,20,0
38,1,0,0,0.0,8,49,0,9,20,1
429,17,43974,53,0.0,0,99,0,64,20,0
1252,17,1961,5432,17.0,0,1212,0,60,20,0
29,1,0,0,0.0,8,46,0,15,20,1
57,6,21128,80,2.0,0,0,0,14,20,1
1151,17,3702,443,24.0,0,1111,0,255,20,0
1051,6,22746,3306,16.0,0,1011,0,56,20,0
1375,6,3022,22,17.0,0,1335,0,56,20,0
1093,1,16633,3306,16.0,0,1053,0,64,20,0
515,6,3911,22,2.0,0,475,1,60,20,0
716,6,23542,443,0.0,0,676,0,60,20,0
74,17,24683,53,0.0,0,162,0,128,20,0
48,6,4244,49820,2.0,0,0,0,64,20,1
50,6,51225,80,2.0,0,0,0,18,20,1
1441,17,3012,891,0.0,0,1044,1,9,20,1
1343,6,23758,22,24.0,0,1303,0,64,20,0
260,6,5782,8443,16.0,0,220,0,57,20,0
632,6,30237,53,17.0,0,592,0,128,20,0
54,6,19124,8443,16.0,0,14,0,54,20,0
90,6,19863,22,16.0,0,50,0,128,20,0
93,17,7768,53,0.0,0,59,0,128,20,0
1398,6,59099,80,0.18,0,1358,0,64,20,0
55,1,0,0,0.0,8,30,0,8,20,1
74,6,28564,8443,18.0,0,34,0,118,20,0
123,17,47160,5432,0.0,0,83,0,128,20,0
114,6,53112,22,16.0,0,74,0,64,20,0
74,6,12850,443,16.0,0,34,0,119,20,0
74,6,5364,8443,18.0,0,34,0,115,20,0
89,6,7149,8080,2.0,0,49,0,64,20,0
74,6,43535,8443,16.0,0,34,0,51,20,0
54,6,11929,443,24.0,0,14,0,51,20,0
52,6,58528,80,2.0,0,0,0,13,20,1
1294,17,36982,236,0.0,0,1037,0,4,20,1
1413,6,13023,443,16.0,0,1373,0,60,20,0
67,1,0,0,0.0,8,35,0,19,20,1
100,17,26419,53,0.0,0,177,0,128,20,0
175,6,9697,8080,2.0,0,135,0,128,20,0
66,6,31546,8443,24.0,0,26,0,49,20,0
54,6,63539,8443,24.0,0,14,0,119,20,0
114,6,53677,22,16.0,0,74,0,128,20,0
309,6,50105,53,17.0,0,269,0,128,20,0
321,6,36689,8000,0.18,0,281,0,58,20,0
44,6,36969,80,2.0,0,0,0,16,20,1
508,6,37078,3306,2.0,0,468,0,128,20,0
104,6,26134,8000,17.0,0,64,0,57,20,0
811,6,10441,8443,16.0,0,771,0,128,20,0
66,6,48709,8443,2.0,0,26,0,64,20,0
381,6,52378,80,16.0,0,341,0,255,20,0
66,6,31959,8443,16.0,0,26,0,51,20,0
355,6,43129,3306,16.0,0,315,0,56,20,0
142,6,40401,8080,0.18,0,102,0,255,20,0
130,6,49670,22,16.0,0,90,0,64,20,0
64,17,41300,53,0.0,0,405,0,64,20,0
66,6,24673,8443,16.0,0,26,0,64,20,0
54,6,62946,443,18.0,0,14,0,54,20,0
381,17,22787,53,0.0,0,234,0,128,20,0
64,6,4279,80,16.0,0,24,0,57,20,0
88,1,0,0,0.0,8,36,0,11,20,1
1300,6,44024,8443,24.0,0,1260,0,49,20,0
54,6,42131,443,16.0,0,14,0,120,20,0
710,6,64510,5432,17.0,0,670,0,56,20,0
54,6,51678,443,16.0,0,14,0,119,20,0
74,6,37410,8443,16.0,0,34,0,57,20,0
296,6,5946,443,24.0,0,256,0,117,20,0
66,6,54478,22,24.0,0,26,0,128,20,0
327,17,52669,53,0.0,0,85,0,128,20,0
1467,6,36105,8443,18.0,0,1427,0,52,20,0
66,6,25840,8443,16.0,0,26,0,60,20,0
147,17,16952,53,17.0,0,107,0,64,20,0
485,17,42900,53,0.0,0,264,0,128,20,0
258,6,32427,22,24.0,0,218,0,128,20,0
138,6,14637,8080,17.0,0,98,0,57,20,0
259,6,28809,80,16.0,0,219,0,255,20,0
66,6,9108,443,17.0,0,26,0,57,20,0
258,6,43348,22,16.0,0,218,0,128,20,0
477,17,6045,53,0.0,0,436,0,64,20,0
213,17,47827,3306,17.0,0,173,0,60,20,0
43,6,40907,34405,2.0,0,0,0,64,20,1
66,6,1531,443,18.0,0,26,0,57,20,0
178,6,3604,443,16.0,0,138,0,115,20,0
1323,6,48790,443,24.0,0,1283,0,56,20,0
60,6,50308,80,16.0,0,20,0,64,20,0
1241,17,58351,8080,2.0,0,1201,0,128,20,0
74,6,22775,8443,16.0,0,34,0,117,20,0
943,6,51892,3306,24.0,0,903,0,64,20,0
1231,17,15884,876,0.0,0,1333,0,1,20,1
286,6,25963,5432,24.0,0,246,0,60,20,0
66,6,11328,443,24.0,0,26,0,56,20,0
976,6,8477,80,17.0,0,936,0,58,20,0
66,6,48140,8443,16.0,0,26,0,52,20,0
82,17,21098,53,0.0,0,61,0,64,20,0
90,6,43037,22,24.0,0,50,0,128,20,0
1244,17,54188,867,0.0,0,956,1,1,20,1
74,6,4198,8443,2.0,0,34,0,60,20,0
90,6,34644,22,24.0,0,50,0,128,20,0
97,6,44110,8000,16.0,0,57,0,64,20,0
1163,6,24415,80,0.18,0,1123,0,128,20,0
1408,6,49698,8443,24.0,0,1368,0,120,20,0
74,6,34596,8443,2.0,0,34,0,117,20,0
66,6,3687,443,16.0,0,26,0,54,20,0
45,6,8217,80,2.0,0,0,0,28,20,1
72,1,0,0,0.0,8,0,0,4,20,1
66,6,28325,8443,16.0,0,26,0,51,20,0
149,6,38811,8080,0.18,0,109,0,58,20,0
205,6,60275,443,18.0,0,165,0,118,20,0
52,6,35098,8000,2.0,0,12,0,255,20,0
141,17,41287,53,0.0,0,374,0,64,20,0
98,6,6714,8000,16.0,0,58,0,56,20,0
1054,17,50532,53,16.0,0,1014,0,128,20,0
162,6,9257,22,16.0,0,122,0,64,20,0
258,6,39250,22,24.0,0,218,0,64,20,0
54,6,57141,443,24.0,0,14,0,57,20,0
1206,6,43254,8443,16.0,0,1166,0,56,20,0
56,6,37872,5046,2.0,0,0,0,64,20,1
500,17,31777,53,0.0,0,303,0,128,20,0
472,6,17497,80,2.0,0,432,0,58,20,0
114,6,16992,22,16.0,0,74,0,64,20,0
352,6,47294,53,2.0,0,312,0,128,20,0
839,17,58254,443,0.0,0,799,0,56,20,0
36,1,0,0,0.0,8,25,0,6,20,1
929,6,30103,8443,16.0,0,889,0,51,20,0
114,6,20646,8000,17.0,0,74,0,56,20,0
45,6,13256,27528,2.0,0,0,0,64,20,1
56,6,50042,4513,2.0,0,0,0,64,20,1
74,6,36953,443,17.0,0,34,0,64,20,0
44,1,0,0,0.0,8,11,0,5,20,1
993,6,15290,443,17.0,0,953,0,49,20,0
88,1,0,0,0.0,8,0,0,6,20,1
55,6,33715,80,2.0,0,0,0,23,20,1
66,6,61144,22,16.0,0,26,0,128,20,0
274,6,49625,8080,0.18,0,234,0,57,20,0
1389,17,46321,901,0.0,0,1034,0,3,20,1
90,6,53372,22,16.0,0,50,0,128,20,0
209,6,7547,443,16.0,0,169,0,58,20,0
294,17,48482,53,0.0,0,82,0,128,20,0
838,6,57944,8443,16.0,0,798,0,52,20,0
420,17,59660,53,0.0,0,106,0,128,20,0
1275,6,24737,443,0.0,0,1235,0,128,20,0
50,6,50279,80,2.0,0,0,0,21,20,1
54,6,38040,8443,24.0,0,14,0,118,20,0
276,17,22084,53,0.0,0,420,0,64,20,0
162,6,24676,22,16.0,0,122,0,64,20,0
48,6,64767,80,2.0,0,0,0,7,20,1
100,6,48364,443,16.0,0,60,0,118,20,0
199,17,55413,53,0.0,0,232,0,64,20,0
54,6,15540,443,16.0,0,14,0,51,20,0
841,6,8391,443,18.0,0,801,0,117,20,0
175,6,64395,443,16.0,0,135,0,64,20,0
258,6,18327,22,24.0,0,218,0,64,20,0
1473,6,49606,443,2.0,0,1433,0,128,20,0
1366,6,61061,22,2.0,0,1326,0,64,20,0
74,6,41519,443,16.0,0,34,0,56,20,0
351,17,59139,53,0.0,0,313,0,64,20,0
153,17,23781,53,0.0,0,182,0,64,20,0
831,6,51780,53,16.0,0,791,0,56,20,0
130,6,56837,22,24.0,0,90,0,128,20,0
373,17,21837,53,0.0,0,333,0,255,20,0
130,6,6160,22,24.0,0,90,0,64,20,0
1311,17,41690,932,0.0,0,973,0,2,20,1
306,17,58671,53,0.0,0,417,0,128,20,0
196,6,46702,80,0.18,0,156,0,56,20,0
56,6,63245,80,2.0,0,0,0,12,20,1
74,6,64776,8443,18.0,0,34,0,117,20,0
258,6,57172,22,16.0,0,218,0,128,20,0
162,6,39412,22,24.0,0,122,0,64,20,0
798,6,64507,80,0.18,0,758,0,128,20,0
54,6,42238,8443,17.0,0,14,0,118,20,0
58,6,29572,80,2.0,0,0,0,6,20,1
172,6,62798,8080,16.0,0,132,0,57,20,0
40,6,35060,80,2.0,0,0,0,17,20,1
1101,6,2976,22,16.0,0,1061,0,128,20,0
64,6,42441,8000,0.18,0,24,0,128,20,0
162,6,13270,22,24.0,0,122,0,128,20,0
366,17,53508,53,0.0,0,406,0,128,20,0
54,6,21835,443,16.0,0,14,0,55,20,0
289,1,30137,5432,16.0,0,249,0,56,20,0
439,17,50390,53,0.0,0,47,0,64,20,0
40,1,0,0,0.0,8,42,0,5,20,1
130,6,30446,22,24.0,0,90,0,64,20,0
66,6,53437,8443,16.0,0,26,0,115,20,0
1334,6,25065,8080,2.0,0,1294,0,255,20,0
184,6,49677,22,16.0,0,144,0,128,20,0
78,6,30690,8080,0.18,0,38,0,57,20,0
258,6,27244,22,16.0,0,218,0,64,20,0
54,6,21128,443,17.0,0,14,0,117,20,0
338,17,4127,53,0.0,0,277,0,128,20,0
285,6,16351,8443,16.0,0,245,0,58,20,0
174,6,14872,80,16.0,0,134,0,58,20,0
1095,6,63060,443,2.0,0,1055,0,49,20,0
422,17,56899,53,0.0,0,362,0,64,20,0
232,6,57507,8443,17.0,0,192,0,57,20,0
90,6,20636,22,24.0,0,50,0,128,20,0
96,17,11934,53,0.0,0,323,0,128,20,0
258,6,32176,22,24.0,0,218,0,64,20,0
74,6,18677,443,16.0,0,34,0,57,20,0
200,6,24392,53,16.0,0,160,0,255,20,0
1337,17,10818,39,0.0,0,1031,0,2,20,1
37,1,0,0,0.0,8,11,0,14,20,1
74,6,36513,443,24.0,0,34,0,58,20,0
80,6,57962,80,0.18,0,40,0,58,20,0
218,6,54160,22,16.0,0,178,0,255,20,0
184,6,36102,22,24.0,0,144,0,64,20,0
66,6,40032,8443,16.0,0,26,0,49,20,0
1134,6,6640,80,17.0,0,1094,0,64,20,0
66,6,61581,443,16.0,0,26,0,119,20,0
99,17,25970,53,0.0,0,464,0,64,20,0
53,6,12663,41393,2.0,0,0,0,64,20,1
141,6,19532,22,0.0,0,101,0,128,20,0
54,6,44264,8443,2.0,0,14,0,56,20,0
66,6,15929,22,24.0,0,26,0,64,20,0
43,6,9715,63684,2.0,0,0,0,64,20,1
431,17,52173,53,0.0,0,132,0,64,20,0
74,6,64336,8443,16.0,0,34,0,51,20,0
164,17,20662,53,0.0,0,449,0,128,20,0
510,17,6580,53,0.0,0,387,0,64,20,0
74,6,32716,443,17.0,0,34,0,128,20,0
66,6,56902,443,24.0,0,26,0,117,20,0
79,1,0,0,0.0,8,40,0,16,20,1
65,17,2219,53,0.0,0,272,0,128,20,0
344,6,48483,5432,17.0,0,304,0,255,20,0
150,6,2461,8080,0.18,0,110,0,56,20,0
1219,6,37134,8443,16.0,0,1179,0,57,20,0
1351,6,28265,22,24.0,0,1311,0,128,20,0
55,6,27861,80,2.0,0,0,0,12,20,1
162,6,45907,22,24.0,0,122,0,128,20,0
47,6,12861,80,2.0,0,0,0,16,20,1
512,17,29431,53,2.0,0,472,0,64,20,0
54,6,24332,443,16.0,0,14,0,115,20,0
58,6,2615,28026,2.0,0,0,0,64,20,1
555,6,56943,8080,2.0,0,515,0,56,20,0
1353,6,48186,8443,17.0,0,1313,0,115,20,0
1459,1,45066,443,16.0,0,1419,0,64,20,0
1207,6,9146,443,16.0,0,1167,0,56,20,0
296,6,33025,3306,2.0,0,256,0,60,20,0
54,6,24616,55501,2.0,0,0,0,64,20,1
48,1,0,0,0.0,8,32,0,11,20,1
35,1,0,0,0.0,8,51,0,11,20,1
436,17,49780,53,0.0,0,80,0,128,20,0
99,1,0,0,0.0,8,40,0,11,20,1
184,6,20904,22,16.0,0,144,0,64,20,0
41,6,36951,38434,2.0,0,0,0,64,20,1
57,6,42765,8080,17.0,0,17,0,128,20,0
894,6,62494,443,16.0,0,854,0,118,20,0
162,6,2818,22,24.0,0,122,0,128,20,0
45,1,0,0,0.0,8,9,0,4,20,1
74,6,41186,8443,24.0,0,34,0,128,20,0
948,17,9499,53,0.0,0,908,0,56,20,0
1171,17,45373,443,24.0,0,1131,0,255,20,0
66,6,62386,8443,16.0,0,26,0,64,20,0
82,1,0,0,0.0,8,17,0,11,20,1
54,6,12951,443,16.0,0,14,0,58,20,0
146,6,16450,80,16.0,0,106,0,255,20,0
1439,6,19071,5432,2.0,0,1399,0,60,20,0
928,17,56528,3306,16.0,0,888,0,64,20,0
175,6,20607,8443,24.0,0,135,0,56,20,0
59,6,41940,28875,2.0,0,0,0,64,20,1
74,6,57046,8443,24.0,0,34,0,51,20,0
270,6,42371,8443,17.0,0,230,0,52,20,0
148,6,40919,443,16.0,0,108,0,120,20,0
47,6,60249,80,2.0,0,0,0,20,20,1
429,6,12208,80,16.0,0,389,0,128,20,0
51,6,61304,56374,2.0,0,0,0,64,20,1
424,17,44256,53,0.0,0,301,0,128,20,0
897,6,42532,8443,24.0,0,857,0,115,20,0
259,6,15041,8443,24.0,0,219,0,52,20,0
1189,17,3000,443,17.0,0,1149,0,56,20,0
481,17,42498,53,0.0,0,56,0,64,20,0
104,17,62351,53,0.0,0,223,0,128,20,0
1092,6,9942,80,24.0,0,1052,0,56,20,0
184,6,41092,22,24.0,0,144,0,128,20,0
66,6,39391,8443,16.0,0,26,0,49,20,0
131,6,3533,8443,16.0,0,91,0,115,20,0
1068,1,50263,80,0.0,0,1028,0,255,20,0
66,6,50670,443,16.0,0,26,0,54,20,0
225,6,37024,3306,16.0,0,185,0,255,20,0
1052,6,35719,443,16.0,0,1012,0,128,20,0
331,17,17395,53,0.0,0,43,0,128,20,0
66,6,24730,443,16.0,0,26,0,55,20,0
483,17,47480,22,0.0,0,443,0,255,20,0
1475,6,8341,3306,24.0,0,1435,0,60,20,0
830,6,41376,53,0.0,0,790,0,255,20,0
188,6,25260,80,16.0,0,148,0,56,20,0
50,6,54813,30074,2.0,0,0,0,64,20,1
431,6,28731,80,24.0,0,391,0,255,20,0
1373,17,17414,295,0.0,0,1102,1,7,20,1
210,17,21932,53,0.0,0,365,0,128,20,0
157,6,21361,8080,17.0,0,117,0,64,20,0
139,6,11272,8000,17.0,0,99,0,58,20,0
514,6,30928,8080,16.0,0,474,0,128,20,0
203,6,15669,443,17.0,0,163,0,64,20,0
130,6,63047,22,24.0,0,90,0,128,20,0
664,6,47151,80,2.0,0,624,0,57,20,0
105,6,16988,80,0.18,0,65,0,128,20,0
42,1,0,0,0.0,8,34,0,18,20,1
96,6,52744,8443,16.0,0,56,0,119,20,0
66,6,65130,8443,18.0,0,26,0,120,20,0
54,6,61776,443,16.0,0,14,0,60,20,0
86,17,22483,53,0.0,0,268,0,64,20,0
666,6,18012,5432,24.0,0,626,0,255,20,0
1212,6,6140,80,17.0,0,1172,0,56,20,0
184,6,16416,22,24.0,0,144,0,64,20,0
995,6,60862,8443,17.0,0,955,0,60,20,0
1055,6,34783,5432,2.0,0,1015,0,60,20,0
1101,17,37039,502,0.0,0,1277,0,6,20,1
1310,6,60264,8080,17.0,0,1270,0,64,20,0
846,6,46850,443,16.0,0,806,0,55,20,0
130,6,31592,22,16.0,0,90,0,128,20,0
190,6,23275,8080,16.0,0,150,0,56,20,0
54,6,41951,443,16.0,0,14,0,115,20,0
1146,6,15584,8080,16.0,0,1106,0,255,20,0
133,6,29541,8080,0.18,0,93,0,64,20,0
241,17,20036,53,16.0,0,201,0,56,20,0
1484,6,63583,443,18.0,0,1444,0,117,20,0
994,6,18327,8443,16.0,0,954,0,56,20,0
43,6,26487,8000,16.0,0,3,0,255,20,0
633,6,19097,8080,16.0,0,593,0,57,20,0
54,6,10145,8443,17.0,0,14,0,56,20,0
63,17,51185,53,0.0,0,229,0,64,20,0
162,6,2432,22,16.0,0,122,0,64,20,0
53,6,1376,64063,2.0,0,0,0,64,20,1
301,6,13973,443,24.0,0,261,0,255,20,0
912,6,58632,443,16.0,0,872,0,57,20,0
483,6,44969,5432,16.0,0,443,0,56,20,0
161,17,26341,5432,17.0,0,121,0,128,20,0
54,6,53359,8443,16.0,0,14,0,52,20,0
942,6,51533,443,2.0,0,902,0,115,20,0
184,6,54148,22,24.0,0,144,0,64,20,0
91,1,0,0,0.0,8,23,0,12,20,1
114,6,1514,22,16.0,0,74,0,128,20,0
90,6,39262,22,24.0,0,50,0,128,20,0
54,6,31855,8443,16.0,0,14,0,58,20,0
98,6,59584,443,2.0,0,58,0,60,20,0
137,6,44019,8000,2.0,0,97,0,255,20,0
1076,6,39992,443,16.0,0,1036,0,49,20,0
1379,6,6523,443,16.0,0,1339,0,60,20,0
74,6,44026,443,24.0,0,34,0,117,20,0
1115,6,52436,3306,0.0,0,1075,0,60,20,0
219,6,59275,443,16.0,0,179,0,51,20,0
337,17,63132,53,0.0,0,440,0,128,20,0
397,6,54841,22,24.0,0,357,0,64,20,0
114,6,39583,22,16.0,0,74,0,64,20,0
280,17,45454,53,0.0,0,367,0,64,20,0
54,6,6539,8443,24.0,0,14,0,128,20,0
800,6,27780,443,18.0,0,760,0,117,20,0
379,6,44750,8000,2.0,0,339,0,255,20,0
162,6,31490,22,16.0,0,122,0,128,20,0
56,6,58645,23965,2.0,0,0,0,64,20,1
253,17,29947,53,0.0,0,197,0,128,20,0
42,6,64500,80,2.0,0,0,0,4,20,1
162,6,14911,22,16.0,0,122,0,64,20,0
395,6,31296,80,2.0,0,355,0,255,20,0
928,6,5561,443,24.0,0,888,0,255,20,0
404,17,12793,53,0.0,0,297,0,128,20,0
1133,6,48707,8080,17.0,0,1093,0,58,20,0
45,6,40096,80,2.0,0,0,0,15,20,1
155,6,13742,8000,2.0,0,115,0,64,20,0
66,6,15438,8443,16.0,0,26,0,117,20,0
66,6,5946,8443,16.0,0,26,0,64,20,0
132,6,59257,443,18.0,0,92,0,54,20,0
52,6,18209,23510,2.0,0,0,0,64,20,1
66,6,42910,443,16.0,0,26,0,57,20,0
1247,6,59686,8080,2.0,0,1207,0,128,20,0
54,6,5127,8443,2.0,0,14,0,51,20,0
114,6,2201,22,16.0,0,74,0,128,20,0
178,6,40544,8443,16.0,0,138,0,119,20,0
101,6,1689,8000,2.0,0,61,0,255,20,0
416,17,23592,53,0.0,0,161,0,64,20,0
184,6,15887,22,16.0,0,144,0,128,20,0
54,6,56050,443,17.0,0,14,0,51,20,0
827,6,33107,8080,17.0,0,787,0,56,20,0
258,6,22797,22,16.0,0,218,0,64,20,0
54,6,51729,443,16.0,0,14,0,117,20,0
1065,17,13422,8080,16.0,0,1025,0,128,20,0
184,6,58864,22,16.0,0,144,0,64,20,0
184,6,35801,22,16.0,0,144,0,64,20,0
426,6,5802,3306,0.0,0,386,0,255,20,0
66,6,61255,443,16.0,0,26,0,58,20,0
237,17,16646,53,0.0,0,309,0,64,20,0
1247,6,1202,8443,17.0,0,1207,0,56,20,0
66,6,12697,443,16.0,0,26,0,118,20,0
1204,6,39289,8443,24.0,0,1164,0,57,20,0
171,6,58477,8443,16.0,0,131,0,54,20,0
331,6,62878,8080,2.0,0,291,0,128,20,0
136,6,34604,8080,17.0,0,96,0,57,20,0
915,6,10155,8080,2.0,0,875,0,64,20,0
66,6,10053,22,24.0,0,26,0,128,20,0
1193,6,42577,8080,16.0,0,1153,0,128,20,0
193,6,52652,8443,18.0,0,153,0,57,20,0
42,6,54161,3963,2.0,0,0,0,64,20,1
946,6,44542,3306,24.0,0,906,0,64,20,0
1390,6,21535,22,2.0,0,1350,0,128,20,0
54,6,40667,8443,17.0,0,14,0,56,20,0
74,6,23932,8443,17.0,0,34,0,51,20,0
366,17,62605,22,2.0,0,326,0,56,20,0
66,6,56536,443,17.0,0,26,0,55,20,0
74,6,62670,8443,16.0,0,34,0,57,20,0
1450,1,25995,8080,2.0,0,1410,0,255,20,0
41,6,21572,80,2.0,0,0,0,10,20,1
54,6,59765,443,18.0,0,14,0,128,20,0
66,6,7501,8443,16.0,0,26,0,52,20,0
46,6,25134,33598,2.0,0,0,0,64,20,1
66,6,26488,443,16.0,0,26,0,119,20,0
895,6,26547,8443,16.0,0,855,0,52,20,0
464,17,45027,5432,17.0,0,424,0,56,20,0
57,6,23061,80,2.0,0,0,0,26,20,1
445,6,56787,443,16.0,0,405,0,255,20,0
55,6,44861,80,2.0,0,0,0,21,20,1
227,6,39488,8080,0.18,0,187,0,57,20,0
250,6,30440,443,16.0,0,210,0,118,20,0
646,6,48383,53,2.0,0,606,0,60,20,0
1415,6,59114,443,2.0,0,1375,0,64,20,0
55,6,28112,80,2.0,0,0,0,8,20,1
184,6,63394,22,24.0,0,144,0,64,20,0
557,17,2131,22,0.0,0,517,0,60,20,0
352,6,23315,8080,2.0,0,312,0,255,20,0
166,6,15012,5432,2.0,0,126,0,255,20,0
258,6,7704,22,24.0,0,218,0,128,20,0
41,6,7101,8000,16.0,0,1,0,56,20,0
252,17,6440,53,0.0,0,89,0,64,20,0
344,6,45661,80,16.0,0,304,0,57,20,0
839,6,13115,8080,2.0,0,799,0,58,20,0
66,6,30727,8443,2.0,0,26,0,54,20,0
41,6,37795,11037,2.0,0,0,0,64,20,1
243,6,48125,8443,2.0,0,203,0,117,20,0
1088,6,41757,443,16.0,0,1048,0,55,20,0
74,6,58538,443,24.0,0,34,0,60,20,0
130,6,63987,22,16.0,0,90,0,128,20,0
258,6,23450,22,24.0,0,218,0,64,20,0
302,6,38814,80,16.0,0,262,0,57,20,0
83,1,0,0,0.0,8,45,0,10,20,1
1217,6,11268,80,0.18,0,1177,0,56,20,0
604,6,3202,22,24.0,0,564,0,128,20,0
90,6,21111,22,24.0,0,50,0,128,20,0
258,6,16823,22,24.0,0,218,0,64,20,0
66,6,31975,443,16.0,0,26,0,58,20,0
360,17,28899,443,0.0,0,320,0,64,20,0
1307,17,7073,481,0.0,0,1149,1,2,20,1
108,6,6089,443,2.0,0,68,0,58,20,0
46,6,60846,13906,2.0,0,0,0,64,20,1
262,17,8488,3306,0.0,0,222,0,56,20,0
162,6,62079,22,16.0,0,122,0,64,20,0
54,6,18229,8443,24.0,0,14,0,52,20,0
400,1,50069,22,16.0,0,360,0,64,20,0
67,17,54873,53,0.0,0,240,0,64,20,0
114,6,40911,22,24.0,0,74,0,128,20,0
330,17,29644,53,0.0,0,374,0,128,20,0
1220,6,22477,8080,17.0,0,1180,0,128,20,0
54,6,44814,8443,16.0,0,14,0,60,20,0
1237,17,35963,22,17.0,0,1197,0,60,20,0
681,6,21815,8080,16.0,0,641,0,255,20,0
133,6,13302,443,16.0,0,93,0,54,20,0
369,17,21834,53,0.0,0,224,0,128,20,0
1194,17,41095,328,0.0,0,970,1,1,20,1
74,6,17598,443,18.0,0,34,0,56,20,0
80,1,0,0,0.0,8,37,0,19,20,1
433,17,34859,53,0.0,0,54,0,64,20,0
54,6,20173,8443,17.0,0,14,0,60,20,0
205,17,64207,53,16.0,0,165,0,64,20,0
997,6,6715,443,0.0,0,957,0,64,20,0
163,6,11792,80,2.0,0,123,0,64,20,0
1328,17,58609,162,0.0,0,1165,1,5,20,1
310,6,50749,53,0.0,0,270,0,64,20,0
53,6,51941,80,2.0,0,0,0,11,20,1
178,6,31604,8080,2.0,0,138,0,56,20,0
516,6,22936,8000,17.0,0,476,0,57,20,0
54,6,20775,443,24.0,0,14,0,55,20,0
247,6,11947,80,0.18,0,207,0,56,20,0
553,6,16505,5432,2.0,0,513,0,255,20,0
118,6,58637,8080,24.0,0,78,0,128,20,0
1366,17,63499,80,2.0,0,1326,0,56,20,0
53,6,46146,15319,2.0,0,0,0,64,20,1
187,6,41199,80,17.0,0,147,0,64,20,0
57,6,7114,80,2.0,0,0,0,1,20,1
63,17,12370,53,0.0,0,131,0,64,20,0
1067,17,61890,424,0.0,0,1161,0,3,20,1
66,6,21069,443,16.0,0,26,0,52,20,0
119,6,60620,8000,16.0,0,79,0,128,20,0
1487,6,11830,8080,2.0,0,1447,0,64,20,0
162,6,49227,22,24.0,0,122,0,64,20,0
1355,6,44066,3306,16.0,0,1315,0,60,20,0
42,6,62870,57398,2.0,0,0,0,64,20,1
175,6,5678,8443,16.0,0,135,0,58,20,0
143,17,19812,53,0.0,0,347,0,128,20,0
148,6,26515,80,17.0,0,108,0,64,20,0
1182,17,19304,433,0.0,0,977,0,8,20,1
66,6,18798,22,24.0,0,26,0,64,20,0
926,6,53728,80,17.0,0,886,0,56,20,0
101,6,14560,8080,2.0,0,61,0,58,20,0
1270,17,27402,133,0.0,0,1087,0,1,20,1
318,17,40624,80,24.0,0,278,0,64,20,0
204,17,43957,53,0.0,0,357,0,64,20,0
1162,6,37698,8080,2.0,0,1122,0,58,20,0
54,6,30158,8443,16.0,0,14,0,54,20,0
89,1,0,0,0.0,8,7,0,11,20,1
778,6,53800,5432,17.0,0,738,0,64,20,0
1313,6,24090,443,16.0,0,1273,0,60,20,0
767,6,19588,53,17.0,0,727,0,255,20,0
74,6,54889,443,24.0,0,34,0,56,20,0
74,6,50747,8443,24.0,0,34,0,128,20,0
66,6,50778,22,16.0,0,26,0,64,20,0
43,6,48461,14293,2.0,0,0,0,64,20,1
331,6,61940,5432,16.0,0,291,0,128,20,0
667,6,63050,53,17.0,0,627,0,60,20,0
162,6,5665,22,24.0,0,122,0,64,20,0
66,6,37198,443,16.0,0,26,0,55,20,0
114,6,27000,22,16.0,0,74,0,128,20,0
1153,17,57848,710,0.0,0,1079,0,3,20,1
89,6,30763,8000,2.0,0,49,0,57,20,0
142,6,5699,8443,24.0,0,102,0,120,20,0
890,6,6388,5432,2.0,0,850,0,128,20,0
1387,6,44880,8443,18.0,0,1347,0,55,20,0
69,6,5997,8000,17.0,0,29,0,57,20,0
268,6,30787,8080,0.18,0,228,0,64,20,0
345,6,43991,8080,2.0,0,305,0,128,20,0
1106,6,50264,8000,0.18,0,1066,0,64,20,0
241,6,8027,22,0.0,0,201,0,255,20,0
146,6,40656,8080,16.0,0,106,0,128,20,0
74,6,20097,8443,16.0,0,34,0,118,20,0
74,6,24028,443,16.0,0,34,0,117,20,0
670,6,33836,8000,16.0,0,630,0,255,20,0
74,6,53335,8443,17.0,0,34,0,51,20,0
357,17,26819,53,0.0,0,122,0,128,20,0
162,6,48883,22,16.0,0,122,0,128,20,0
54,6,4467,8443,16.0,0,14,0,56,20,0
82,6,63962,22,17.0,0,42,0,128,20,0
66,6,14171,8443,2.0,0,26,0,119,20,0
184,6,20432,22,16.0,0,144,0,128,20,0
115,6,19010,80,17.0,0,75,0,255,20,0
780,6,26144,8000,17.0,0,740,0,56,20,0
54,6,3911,443,16.0,0,14,0,64,20,0
484,17,21122,53,0.0,0,421,0,128,20,0
422,17,61860,53,0.0,0,384,0,64,20,0
130,6,11081,22,16.0,0,90,0,64,20,0
1254,17,34432,583,0.0,0,979,1,7,20,1
66,6,9085,8443,24.0,0,26,0,58,20,0
80,1,0,0,0.0,8,46,0,17,20,1
54,6,50863,8443,17.0,0,14,0,52,20,0
162,6,22389,22,16.0,0,122,0,128,20,0
55,1,0,0,0.0,8,30,0,2,20,1
1143,17,2690,189,0.0,0,1186,1,5,20,1
1336,6,32034,80,24.0,0,1296,0,128,20,0
162,6,28354,22,16.0,0,122,0,128,20,0
752,6,63264,80,0.0,0,712,0,128,20,0
1273,17,7971,956,0.0,0,1408,0,8,20,1
54,6,23219,8443,16.0,0,14,0,51,20,0
58,6,22299,34783,2.0,0,0,0,64,20,1
160,6,44451,8000,16.0,0,120,0,58,20,0
40,6,38575,80,2.0,0,0,0,17,20,1
50,6,53132,80,2.0,0,0,0,7,20,1
90,6,55314,22,24.0,0,50,0,64,20,0
50,1,0,0,0.0,8,48,0,5,20,1
74,6,63437,443,24.0,0,34,0,118,20,0
130,6,39073,22,16.0,0,90,0,64,20,0
1129,6,37760,443,16.0,0,1089,0,115,20,0
1027,6,50045,80,17.0,0,987,0,128,20,0
1026,6,60580,5432,24.0,0,986,0,64,20,0
233,17,51447,53,0.0,0,224,0,64,20,0
110,6,9571,8000,17.0,0,70,0,56,20,0
102,6,64285,8443,24.0,0,62,0,115,20,0
1387,17,53758,334,0.0,0,1031,0,9,20,1
74,6,51995,443,24.0,0,34,0,57,20,0
231,6,17946,80,0.0,0,191,0,64,20,0
851,1,37485,3306,0.0,0,811,0,64,20,0
220,6,52811,5432,2.0,0,180,0,56,20,0
66,6,11003,8443,17.0,0,26,0,54,20,0
90,1,0,0,0.0,8,4,0,8,20,1
54,6,47189,8443,16.0,0,14,0,56,20,0
66,6,7503,443,24.0,0,26,0,56,20,0
66,6,36364,8443,16.0,0,26,0,55,20,0
371,17,7227,53,0.0,0,136,0,128,20,0
63,1,0,0,0.0,8,24,0,17,20,1
54,6,54068,443,17.0,0,14,0,117,20,0
1145,6,48946,8443,16.0,0,1105,0,55,20,0
54,6,22626,8443,16.0,0,14,0,51,20,0
43,6,12208,40885,2.0,0,0,0,64,20,1
1341,6,42600,53,24.0,0,1301,0,60,20,0
54,6,19851,443,24.0,0,14,0,119,20,0
74,6,14031,8443,2.0,0,34,0,52,20,0
184,6,3685,22,24.0,0,144,0,128,20,0
74,6,47182,8443,16.0,0,34,0,52,20,0
193,6,32897,8000,0.18,0,153,0,255,20,0
54,6,7280,443,16.0,0,14,0,49,20,0
520,6,11958,5432,16.0,0,480,0,60,20,0
1342,17,53279,779,0.0,0,1195,0,5,20,1
74,6,46182,8443,16.0,0,34,0,118,20,0
174,6,34701,8080,2.0,0,134,0,57,20,0
1439,17,42240,91,0.0,0,1138,1,4,20,1
1491,6,20180,8443,16.0,0,1451,0,55,20,0
1097,17,52721,791,0.0,0,1370,0,9,20,1
90,6,61579,22,16.0,0,50,0,128,20,0
49,6,59122,6372,2.0,0,0,0,64,20,1
110,6,60167,8080,17.0,0,70,0,64,20,0
55,6,53455,80,2.0,0,0,0,28,20,1
142,17,24505,53,0.0,0,334,0,64,20,0
70,17,24828,53,0.0,0,418,0,128,20,0
1365,17,57749,443,24.0,0,1325,0,128,20,0
66,6,8213,8443,16.0,0,26,0,128,20,0
114,6,28543,22,24.0,0,74,0,128,20,0
1056,17,36798,804,0.0,0,1071,0,3,20,1
180,6,40955,8080,17.0,0,140,0,58,20,0
50,6,17338,8080,17.0,0,10,0,56,20,0
77,6,64155,443,17.0,0,37,0,128,20,0
74,6,58694,8443,16.0,0,34,0,54,20,0
74,6,21714,443,16.0,0,34,0,60,20,0
1467,6,41038,8080,16.0,0,1427,0,255,20,0
1213,17,65291,580,0.0,0,1040,1,8,20,1
527,6,51677,8000,2.0,0,487,0,57,20,0
71,17,8085,3306,17.0,0,31,0,255,20,0
94,6,5968,8000,17.0,0,54,0,57,20,0
56,6,56336,34908,2.0,0,0,0,64,20,1
197,6,38972,80,0.18,0,157,0,128,20,0
66,6,2402,8443,16.0,0,26,0,64,20,0
184,6,23561,22,16.0,0,144,0,64,20,0
54,6,7215,443,16.0,0,14,0,119,20,0
220,6,23510,443,16.0,0,180,0,52,20,0
511,17,49369,53,0.0,0,101,0,64,20,0
364,17,35964,8080,0.0,0,324,0,60,20,0
66,6,40956,8443,16.0,0,26,0,57,20,0
48,6,10763,80,2.0,0,0,0,14,20,1
466,6,48532,22,24.0,0,426,0,64,20,0
813,6,1381,3306,2.0,0,773,0,255,20,0
104,6,12842,8080,16.0,0,64,0,255,20,0
162,6,46122,22,24.0,0,122,0,64,20,0
1218,6,39587,443,16.0,0,1178,0,119,20,0
1299,6,11337,443,24.0,0,1259,0,49,20,0
79,6,60156,80,16.0,0,39,0,128,20,0
69,6,58451,8000,2.0,0,29,0,57,20,0
184,6,37764,22,24.0,0,144,0,64,20,0
727,6,14307,8000,16.0,0,687,0,128,20,0
59,6,19878,6566,2.0,0,0,0,64,20,1
258,6,36695,22,24.0,0,218,0,128,20,0
1249,6,59010,443,2.0,0,1209,0,49,20,0
114,6,43539,22,24.0,0,74,0,64,20,0
90,6,52267,22,24.0,0,50,0,64,20,0
395,6,19455,8080,2.0,0,355,0,255,20,0
34,1,0,0,0.0,8,24,0,2,20,1
66,6,61339,8443,18.0,0,26,0,117,20,0
1028,6,58104,3306,0.0,0,988,0,64,20,0
113,17,64024,53,0.0,0,76,0,64,20,0
783,6,44548,80,24.0,0,743,0,128,20,0
368,6,40940,5432,16.0,0,328,0,64,20,0
1457,6,39809,53,0.0,0,1417,0,128,20,0
392,6,25576,80,17.0,0,352,0,60,20,0
66,6,50682,443,2.0,0,26,0,56,20,0
132,17,50426,53,0.0,0,121,0,64,20,0
1435,6,49144,80,0.18,0,1395,0,64,20,0
74,6,44065,443,16.0,0,34,0,51,20,0
74,6,4744,8443,24.0,0,34,0,118,20,0
740,6,32898,8080,0.0,0,700,0,56,20,0
572,6,44234,3306,24.0,0,532,0,56,20,0
298,17,48454,53,17.0,0,258,0,64,20,0
193,6,29657,443,16.0,0,153,0,128,20,0
66,6,21887,8443,16.0,0,26,0,60,20,0
74,6,1169,8443,16.0,0,34,0,57,20,0
116,17,57496,53,0.0,0,70,0,64,20,0
74,6,46996,443,2.0,0,34,0,120,20,0
90,6,52380,22,24.0,0,50,0,64,20,0
1185,6,65388,8443,16.0,0,1145,0,52,20,0
74,6,41526,8443,17.0,0,34,0,120,20,0
569,17,10628,443,16.0,0,529,0,56,20,0
53,6,23020,80,2.0,0,0,0,26,20,1
57,6,26650,24879,2.0,0,0,0,64,20,1
74,6,54023,8443,16.0,0,34,0,115,20,0
114,6,23609,22,16.0,0,74,0,128,20,0
1259,17,6218,372,0.0,0,1038,0,8,20,1
256,6,63718,8080,2.0,0,216,0,255,20,0
917,6,39753,443,18.0,0,877,0,119,20,0
130,6,14555,22,16.0,0,90,0,64,20,0
86,1,0,0,0.0,8,25,0,1,20,1
122,6,14503,8000,0.18,0,82,0,58,20,0
130,6,28057,22,16.0,0,90,0,64,20,0
114,6,47141,22,16.0,0,74,0,64,20,0
66,6,6098,443,16.0,0,26,0,54,20,0
637,6,49586,80,2.0,0,597,0,56,20,0
160,6,54647,8443,2.0,0,120,0,64,20,0
66,6,55769,8443,16.0,0,26,0,119,20,0
66,6,3591,8443,16.0,0,26,0,54,20,0
74,6,61571,443,16.0,0,34,0,58,20,0
375,17,33094,53,0.0,0,403,0,64,20,0
114,6,7027,22,24.0,0,74,0,64,20,0
557,17,27387,53,17.0,0,517,0,128,20,0
49,6,13171,80,2.0,0,0,0,29,20,1
48,6,38505,80,2.0,0,0,0,7,20,1
176,6,12398,8000,2.0,0,136,0,57,20,0
174,6,39560,80,16.0,0,134,0,57,20,0
241,6,45358,80,16.0,0,201,0,64,20,0
481,17,40045,3306,0.0,0,441,0,60,20,0
75,1,0,0,0.0,8,45,0,8,20,1
66,6,7743,443,24.0,0,26,0,52,20,0
52,1,0,0,0.0,8,34,0,18,20,1
50,6,1851,80,2.0,0,0,0,7,20,1
350,6,29145,80,0.18,0,310,0,56,20,0
55,1,0,0,0.0,8,2,0,15,20,1
1105,6,26613,22,16.0,0,1065,0,56,20,0
1412,6,22711,3306,24.0,0,1372,0,60,20,0
192,6,29280,8000,16.0,0,152,0,64,20,0
54,6,60005,443,16.0,0,14,0,52,20,0
238,6,40458,443,18.0,0,198,0,54,20,0
1127,6,6528,53,16.0,0,1087,0,64,20,0
191,6,1373,8080,16.0,0,151,0,60,20,0
256,17,30360,53,0.0,0,223,0,128,20,0
1105,6,60849,443,24.0,0,1065,0,49,20,0
127,6,3512,8000,2.0,0,87,0,58,20,0
1025,17,60764,423,0.0,0,1367,1,4,20,1
1338,17,18556,447,0.0,0,1230,1,9,20,1
74,6,29136,8443,24.0,0,34,0,118,20,0
1084,6,63736,8443,16.0,0,1044,0,117,20,0
1325,6,36718,443,16.0,0,1285,0,57,20,0
54,6,38490,8443,18.0,0,14,0,58,20,0
1095,6,27317,5432,24.0,0,1055,0,128,20,0
809,6,41493,8443,16.0,0,769,0,57,20,0
294,6,1702,443,2.0,0,254,0,64,20,0
175,6,9669,8000,17.0,0,135,0,255,20,0
82,1,0,0,0.0,8,32,0,18,20,1
493,17,18593,53,0.0,0,147,0,128,20,0
1380,6,4108,443,16.0,0,1340,0,54,20,0
66,6,24624,443,17.0,0,26,0,57,20,0
66,6,36373,443,18.0,0,26,0,115,20,0
209,17,19008,53,0.0,0,452,0,128,20,0
61,17,35458,53,0.0,0,246,0,64,20,0
74,6,33793,443,24.0,0,34,0,128,20,0
729,6,55875,22,2.0,0,689,0,128,20,0
58,6,51882,80,2.0,0,0,0,20,20,1
454,17,39339,53,0.0,0,140,0,128,20,0
906,6,28841,443,24.0,0,866,0,60,20,0
1127,6,32047,8080,0.0,0,1087,0,128,20,0
1030,17,33057,530,0.0,0,1273,0,2,20,1
91,1,0,0,0.0,8,13,0,1,20,1
213,6,8877,8443,18.0,0,173,0,118,20,0
78,17,6414,53,0.0,0,375,0,64,20,0
130,6,23523,22,24.0,0,90,0,128,20,0
730,17,29874,3306,2.0,0,690,0,56,20,0
484,17,7378,22,17.0,0,444,0,60,20,0
1267,6,14328,443,24.0,0,1227,0,52,20,0
183,6,7494,443,24.0,0,143,0,55,20,0
66,6,52600,22,24.0,0,26,0,128,20,0
1302,6,58374,443,24.0,0,1262,0,56,20,0
98,6,16984,8000,2.0,0,58,0,57,20,0
1246,6,36354,8080,16.0,0,1206,0,57,20,0
853,6,2153,8443,16.0,0,813,0,58,20,0
105,17,31176,53,0.0,0,372,0,128,20,0
54,6,44509,443,16.0,0,14,0,52,20,0
114,6,38150,22,24.0,0,74,0,64,20,0
162,6,2769,22,24.0,0,122,0,64,20,0
44,6,5368,35663,2.0,0,0,0,64,20,1
66,6,47622,443,17.0,0,26,0,56,20,0
405,17,47564,53,0.0,0,286,0,128,20,0
66,6,62527,22,16.0,0,26,0,128,20,0
66,6,33107,8443,16.0,0,26,0,115,20,0
57,6,51579,80,2.0,0,0,0,24,20,1
53,6,41846,2653,2.0,0,0,0,64,20,1
989,6,59699,8080,0.0,0,949,0,64,20,0
42,6,28870,80,2.0,0,0,0,23,20,1
1226,6,31057,5432,24.0,0,1186,0,128,20,0
74,6,9410,8443,2.0,0,34,0,57,20,0
169,6,10575,80,2.0,0,129,0,255,20,0
1255,6,29454,8000,17.0,0,1215,0,255,20,0
863,6,31115,53,24.0,0,823,0,56,20,0
90,6,6293,22,16.0,0,50,0,64,20,0
634,17,42979,3306,24.0,0,594,0,60,20,0
1234,17,37449,725,0.0,0,1179,1,7,20,1
66,6,22223,8443,16.0,0,26,0,117,20,0
47,6,51793,43618,2.0,0,0,0,64,20,1
1205,6,36422,443,17.0,0,1165,0,49,20,0
74,6,46361,8443,17.0,0,34,0,64,20,0
1235,6,19724,80,24.0,0,1195,0,60,20,0
893,6,63406,443,0.0,0,853,0,60,20,0
1221,6,21145,8000,0.18,0,1181,0,255,20,0
1161,6,4113,5432,24.0,0,1121,0,255,20,0
41,6,26588,80,16.0,0,1,0,56,20,0
559,6,26539,8000,16.0,0,519,0,58,20,0
74,6,7033,8443,16.0,0,34,0,57,20,0
373,17,35396,53,0.0,0,26,0,64,20,0
559,6,53228,8000,17.0,0,519,0,128,20,0
50,6,37861,80,0.18,0,10,0,64,20,0
215,17,9160,53,0.0,0,358,0,64,20,0
94,6,46654,80,0.18,0,54,0,255,20,0
609,6,44063,443,17.0,0,569,0,56,20,0
54,6,44322,8443,24.0,0,14,0,55,20,0
973,1,3201,53,0.0,0,933,0,255,20,0
54,6,16826,80,2.0,0,0,0,27,20,1
330,17,6841,53,0.0,0,401,0,64,20,0
43,6,49040,38891,2.0,0,0,0,64,20,1
74,6,43305,443,24.0,0,34,0,118,20,0
114,6,17240,22,24.0,0,74,0,128,20,0
66,6,39244,443,16.0,0,26,0,117,20,0
111,6,54472,443,0.0,0,71,0,64,20,0
203,6,6202,443,16.0,0,163,0,57,20,0
231,6,63420,8000,17.0,0,191,0,255,20,0
66,6,15629,8443,24.0,0,26,0,56,20,0
217,6,44657,5432,2.0,0,177,0,56,20,0
1016,17,22325,890,0.0,0,1014,0,1,20,1
114,6,62095,22,16.0,0,74,0,128,20,0
260,6,12492,443,16.0,0,220,0,60,20,0
977,6,51674,8000,16.0,0,937,0,56,20,0
57,6,54583,80,2.0,0,0,0,10,20,1
1349,6,31590,8000,0.18,0,1309,0,128,20,0
1333,6,65239,80,24.0,0,1293,0,60,20,0
66,6,26240,8443,16.0,0,26,0,49,20,0
70,1,0,0,0.0,8,36,0,14,20,1
342,17,64698,53,0.0,0,426,0,64,20,0
456,17,3358,53,0.0,0,293,0,64,20,0
56,6,10492,2985,2.0,0,0,0,64,20,1
54,6,28962,443,24.0,0,14,0,120,20,0
66,6,15583,443,17.0,0,26,0,118,20,0
1248,17,19107,443,24.0,0,1208,0,128,20,0
503,6,51864,80,24.0,0,463,0,128,20,0
166,6,53115,8443,18.0,0,126,0,56,20,0
74,6,20918,8443,16.0,0,34,0,58,20,0
1078,6,28006,53,17.0,0,1038,0,56,20,0
162,6,14222,22,24.0,0,122,0,128,20,0
54,6,19146,443,24.0,0,14,0,117,20,0
162,6,65105,22,16.0,0,122,0,64,20,0
449,6,20343,80,2.0,0,409,0,56,20,0
91,1,0,0,0.0,8,31,0,9,20,1
162,6,13531,22,24.0,0,122,0,128,20,0
576,17,11583,8080,17.0,0,536,0,60,20,0
1387,6,38281,80,17.0,0,1347,0,56,20,0
995,17,3717,22,16.0,0,955,0,255,20,0
97,6,40123,443,24.0,0,57,0,120,20,0
1501,6,14539,443,16.0,0,1460,0,115,20,0
79,6,8879,8080,0.18,0,39,0,64,20,0
800,6,36470,53,2.0,0,760,0,64,20,0
54,6,45772,8443,16.0,0,14,0,120,20,0
48,1,0,0,0.0,8,44,0,4,20,1
911,6,21615,8000,16.0,0,871,0,57,20,0
1148,6,31033,8443,16.0,0,1108,0,51,20,0
1469,17,24545,762,0.0,0,1241,0,4,20,1
54,6,36684,8443,16.0,0,14,0,128,20,0
1146,6,36712,8080,17.0,0,1106,0,56,20,0
66,6,50857,443,16.0,0,26,0,58,20,0
90,6,2275,22,16.0,0,50,0,128,20,0
888,6,6885,22,17.0,0,848,0,60,20,0
243,6,28393,443,16.0,0,203,0,52,20,0
66,6,36232,8443,16.0,0,26,0,56,20,0
184,6,30491,22,24.0,0,144,0,128,20,0
1509,6,20061,443,16.0,0,1460,0,49,20,0
189,17,21969,53,0.0,0,244,0,128,20,0
73,1,0,0,0.0,8,37,0,17,20,1
1132,17,13605,300,0.0,0,1424,1,5,20,1
54,6,25624,8443,16.0,0,14,0,49,20,0
66,6,27361,443,2.0,0,26,0,119,20,0
74,6,55982,443,2.0,0,34,0,49,20,0
72,6,31465,80,16.0,0,32,0,255,20,0
95,1,0,0,0.0,8,13,0,2,20,1
55,6,16113,80,2.0,0,0,0,6,20,1
66,6,55516,22,16.0,0,26,0,64,20,0
121,6,29623,8080,2.0,0,81,0,58,20,0
54,6,30887,8443,24.0,0,14,0,54,20,0
501,6,1108,8080,2.0,0,461,0,58,20,0
80,1,0,0,0.0,8,8,0,5,20,1
898,17,20732,53,16.0,0,858,0,255,20,0
1294,17,30542,646,0.0,0,984,1,8,20,1
40,6,16648,8000,2.0,0,0,0,58,20,0
54,6,24146,443,18.0,0,14,0,60,20,0
74,6,16264,443,16.0,0,34,0,118,20,0
503,17,65427,53,0.0,0,451,0,128,20,0
211,6,28874,8000,0.18,0,171,0,57,20,0
82,17,22823,53,0.0,0,145,0,128,20,0
184,6,30168,22,24.0,0,144,0,128,20,0
603,6,38518,5432,17.0,0,563,0,56,20,0
41,6,1562,80,2.0,0,0,0,7,20,1
54,6,9019,443,24.0,0,14,0,58,20,0
958,6,56044,8080,17.0,0,918,0,58,20,0
184,6,35056,22,24.0,0,144,0,128,20,0
184,6,28587,22,16.0,0,144,0,128,20,0
1051,6,56401,8080,2.0,0,1011,0,64,20,0
54,6,20006,443,16.0,0,14,0,51,20,0
128,6,27073,80,16.0,0,88,0,64,20,0
381,17,48397,53,0.0,0,295,0,128,20,0
53,6,11750,80,2.0,0,0,0,26,20,1
116,6,8028,8080,0.18,0,76,0,255,20,0
124,6,48535,80,17.0,0,84,0,57,20,0
162,6,52722,22,16.0,0,122,0,128,20,0
171,6,3645,8080,0.18,0,131,0,57,20,0
54,6,53710,443,18.0,0,14,0,119,20,0
114,6,37784,22,16.0,0,74,0,128,20,0
194,17,47237,53,0.0,0,337,0,128,20,0
44,1,0,0,0.0,8,18,0,7,20,1
44,6,25711,80,2.0,0,0,0,6,20,1
44,6,21424,80,2.0,0,0,0,10,20,1
54,6,51708,8443,2.0,0,14,0,128,20,0
66,6,37157,8443,16.0,0,26,0,117,20,0
125,6,49133,22,17.0,0,85,0,64,20,0
355,17,60540,53,0.0,0,303,0,128,20,0
1182,17,45531,22,0.0,0,1142,0,64,20,0
480,17,59950,53,0.0,0,54,0,64,20,0
258,6,42521,22,16.0,0,218,0,128,20,0
54,6,44702,8443,16.0,0,14,0,119,20,0
66,6,65164,8443,24.0,0,26,0,57,20,0
137,6,35778,443,17.0,0,97,0,49,20,0
1194,6,19673,8080,17.0,0,1154,0,60,20,0
130,6,65495,22,24.0,0,90,0,128,20,0
162,6,52516,22,24.0,0,122,0,64,20,0
663,6,59303,8080,16.0,0,623,0,56,20,0
148,17,42563,53,0.0,0,174,0,64,20,0
43,6,61605,6623,2.0,0,0,0,64,20,1
255,17,64222,53,0.0,0,264,0,64,20,0
66,6,39909,443,24.0,0,26,0,58,20,0
57,6,61167,51323,2.0,0,0,0,64,20,1
130,6,8189,22,24.0,0,90,0,64,20,0
130,6,6555,22,16.0,0,90,0,64,20,0
66,6,59050,8443,2.0,0,26,0,51,20,0
52,1,0,0,0.0,8,28,0,5,20,1
384,6,28544,22,17.0,0,344,0,60,20,0
106,6,58628,80,2.0,0,66,0,255,20,0
383,17,52732,53,0.0,0,192,0,64,20,0
80,1,0,0,0.0,8,13,0,19,20,1
435,17,48446,53,0.0,0,391,0,128,20,0
1417,17,62480,737,0.0,0,1342,1,4,20,1
1251,6,13863,8080,16.0,0,1211,0,60,20,0
59,6,10589,9662,2.0,0,0,0,64,20,1
1228,17,2820,443,2.0,0,1188,0,255,20,0
280,6,14300,443,24.0,0,240,0,55,20,0
1278,17,13034,190,0.0,0,1406,0,9,20,1
274,6,47303,8443,24.0,0,234,0,54,20,0
74,6,20667,443,17.0,0,34,0,128,20,0
73,1,0,0,0.0,8,53,0,6,20,1
55,6,18711,80,2.0,0,0,0,2,20,1
102,6,31363,8080,2.0,0,62,0,255,20,0
41,6,10612,21109,2.0,0,0,0,64,20,1
74,6,57701,8443,24.0,0,34,0,49,20,0
856,6,47499,8000,17.0,0,816,0,128,20,0
1185,6,35923,8443,16.0,0,1145,0,128,20,0
71,1,0,0,0.0,8,2,0,16,20,1
136,6,1905,8000,17.0,0,96,0,58,20,0
155,6,10463,8000,2.0,0,115,0,64,20,0
1489,6,59670,53,2.0,0,1449,0,60,20,0
140,6,21722,8000,0.18,0,100,0,255,20,0
54,6,9945,8443,16.0,0,14,0,128,20,0
411,17,51348,53,0.0,0,113,0,128,20,0
402,6,59848,8080,2.0,0,362,0,56,20,0
1085,6,10426,80,0.18,0,1045,0,58,20,0
205,6,6891,443,24.0,0,165,0,120,20,0
1338,6,13363,8000,17.0,0,1298,0,128,20,0
40,6,54677,18012,2.0,0,0,0,64,20,1
90,6,18894,22,16.0,0,50,0,64,20,0
689,6,4797,443,24.0,0,649,0,60,20,0
197,6,55599,8000,0.18,0,157,0,58,20,0
1229,6,13898,80,17.0,0,1189,0,255,20,0
74,6,13964,443,16.0,0,34,0,120,20,0
1367,6,11959,80,16.0,0,1327,0,128,20,0
288,17,10151,53,0.0,0,70,0,128,20,0
54,6,63368,8443,16.0,0,14,0,55,20,0
66,6,49948,443,16.0,0,26,0,52,20,0
258,6,50256,22,16.0,0,218,0,64,20,0
1389,6,9928,53,24.0,0,1349,0,64,20,0
74,6,24369,443,16.0,0,34,0,119,20,0
140,6,58961,443,17.0,0,100,0,60,20,0
74,6,30733,443,16.0,0,34,0,120,20,0
66,6,52083,22,16.0,0,26,0,128,20,0
102,6,58210,8000,16.0,0,62,0,128,20,0
74,6,40891,8443,2.0,0,34,0,58,20,0
74,6,47712,8443,2.0,0,34,0,117,20,0
66,6,51658,22,24.0,0,26,0,128,20,0
154,6,20763,8080,2.0,0,114,0,255,20,0
66,6,6719,8443,16.0,0,26,0,115,20,0
66,6,8230,443,24.0,0,26,0,54,20,0
66,6,51750,8443,16.0,0,26,0,64,20,0
150,6,37500,8000,16.0,0,110,0,57,20,0
162,6,48384,22,24.0,0,122,0,128,20,0
54,6,29926,8443,24.0,0,14,0,60,20,0
168,6,39896,80,0.18,0,128,0,57,20,0
1277,1,44183,443,24.0,0,1237,0,56,20,0
904,6,62987,80,0.18,0,864,0,58,20,0
224,6,64695,443,16.0,0,184,0,51,20,0
159,6,47488,80,17.0,0,119,0,56,20,0
127,6,6365,22,2.0,0,87,0,56,20,0
1075,6,55893,8000,0.18,0,1035,0,128,20,0
425,17,13245,53,0.0,0,311,0,128,20,0
187,6,41188,8443,24.0,0,147,0,52,20,0
107,6,52682,8443,24.0,0,67,0,60,20,0
1321,17,56829,934,0.0,0,1155,0,7,20,1
41,6,53342,31716,2.0,0,0,0,64,20,1
66,6,38220,8443,24.0,0,26,0,115,20,0
104,6,64158,80,16.0,0,64,0,60,20,0
475,6,32262,5432,0.0,0,435,0,128,20,0
333,6,20952,80,2.0,0,293,0,60,20,0
54,6,54307,443,16.0,0,14,0,55,20,0
305,6,27145,53,24.0,0,265,0,64,20,0
1290,6,4980,443,16.0,0,1250,0,56,20,0
285,6,22423,53,17.0,0,245,0,60,20,0
258,6,3413,22,24.0,0,218,0,128,20,0
58,6,38316,80,2.0,0,0,0,20,20,1
66,6,31256,8443,16.0,0,26,0,55,20,0
74,6,42962,8443,16.0,0,34,0,54,20,0
46,6,65301,80,2.0,0,6,0,57,20,0
1492,6,31767,8000,0.18,0,1452,0,56,20,0
167,17,30676,53,0.0,0,99,0,64,20,0
711,6,1257,53,16.0,0,671,0,60,20,0
66,6,21925,8443,16.0,0,26,0,120,20,0
1199,17,31573,498,0.0,0,1323,0,2,20,1
1405,17,55581,3306,17.0,0,1365,0,60,20,0
90,6,14233,22,16.0,0,50,0,64,20,0
237,6,47637,8000,16.0,0,197,0,57,20,0
66,6,12730,8443,16.0,0,26,0,117,20,0
1190,6,1548,8443,17.0,0,1150,0,55,20,0
436,17,20212,53,0.0,0,195,0,64,20,0
1175,17,61239,371,0.0,0,1040,0,6,20,1
1343,17,11988,294,0.0,0,1451,1,4,20,1
216,6,14514,8443,2.0,0,176,0,64,20,0
1095,6,60085,8443,17.0,0,1055,0,51,20,0
117,17,62222,53,0.0,0,385,0,128,20,0
1426,6,56657,8443,2.0,0,1386,0,115,20,0
266,6,42510,8443,16.0,0,226,0,49,20,0
47,1,0,0,0.0,8,32,0,6,20,1
184,6,38717,22,16.0,0,144,0,128,20,0
54,6,65510,8443,18.0,0,14,0,51,20,0
823,6,57119,443,0.0,0,783,0,255,20,0
44,6,26938,80,16.0,0,4,0,58,20,0
1394,17,44113,367,0.0,0,1130,0,2,20,1
1165,6,39208,3306,2.0,0,1125,0,56,20,0
66,6,9584,22,24.0,0,26,0,128,20,0
74,6,61210,8443,17.0,0,34,0,117,20,0
114,6,59884,22,16.0,0,74,0,128,20,0
86,6,6167,8000,17.0,0,46,0,57,20,0
174,6,46224,8000,2.0,0,134,0,57,20,0
54,6,44995,80,0.18,0,14,0,57,20,0
114,6,42180,22,24.0,0,74,0,64,20,0
47,6,16923,30478,2.0,0,0,0,64,20,1
196,6,32440,8443,16.0,0,156,0,58,20,0
184,6,6724,22,24.0,0,144,0,64,20,0
331,17,62544,80,24.0,0,291,0,56,20,0
46,6,52303,8000,0.18,0,6,0,56,20,0
283,6,31785,8443,18.0,0,243,0,60,20,0
296,17,15951,53,0.0,0,255,0,64,20,0
74,6,6589,443,16.0,0,34,0,119,20,0
54,6,25151,443,24.0,0,14,0,115,20,0
1421,17,21522,3306,17.0,0,1381,0,56,20,0
66,6,60354,22,16.0,0,26,0,64,20,0
1212,6,13415,8000,0.18,0,1172,0,58,20,0
596,6,21444,8080,16.0,0,556,0,64,20,0
58,6,28614,36280,2.0,0,0,0,64,20,1
1299,6,1126,8080,17.0,0,1259,0,58,20,0
184,6,60112,22,16.0,0,144,0,128,20,0
80,6,12470,80,17.0,0,40,0,56,20,0
176,6,21297,443,16.0,0,136,0,255,20,0
645,6,11933,8080,0.0,0,605,0,64,20,0
130,6,39624,22,24.0,0,90,0,64,20,0
233,6,38623,3306,16.0,0,193,0,64,20,0
1087,6,5695,8000,17.0,0,1047,0,56,20,0
423,6,48804,80,0.18,0,383,0,128,20,0
258,6,4880,22,24.0,0,218,0,64,20,0
57,6,43513,80,2.0,0,0,0,4,20,1
54,6,49259,80,2.0,0,0,0,19,20,1
286,17,13026,53,0.0,0,463,0,128,20,0
191,6,45431,80,2.0,0,151,0,58,20,0
469,6,8924,22,17.0,0,429,0,56,20,0
230,6,63241,8443,16.0,0,190,0,49,20,0
474,17,29424,53,0.0,0,322,0,128,20,0
603,6,26789,443,0.0,0,563,0,60,20,0
66,6,2782,22,24.0,0,26,0,64,20,0
1489,6,11915,8443,17.0,0,1449,0,55,20,0
54,6,45355,8443,16.0,0,14,0,64,20,0
54,6,23855,8443,16.0,0,14,0,57,20,0
335,17,15956,53,0.0,0,438,0,64,20,0
56,1,0,0,0.0,8,6,0,7,20,1
36,1,0,0,0.0,8,24,0,2,20,1
66,6,47489,22,24.0,0,26,0,64,20,0
54,6,43286,443,17.0,0,14,0,51,20,0
90,6,11745,22,24.0,0,50,0,64,20,0
796,6,41801,53,0.0,0,756,0,255,20,0
74,6,21037,8443,17.0,0,34,0,118,20,0
74,6,4182,443,18.0,0,34,0,119,20,0
257,6,48662,80,17.0,0,217,0,64,20,0
917,6,8391,8443,16.0,0,877,0,60,20,0
1199,6,22364,5432,24.0,0,1159,0,128,20,0
56,6,37842,23973,2.0,0,0,0,64,20,1
246,6,10503,443,16.0,0,206,0,120,20,0
1310,17,54668,5432,2.0,0,1270,0,56,20,0
54,6,19823,8443,24.0,0,14,0,49,20,0
42,6,20637,19354,2.0,0,0,0,64,20,1
1505,6,53801,80,16.0,0,1460,0,64,20,0
308,6,15710,3306,17.0,0,268,0,255,20,0
1102,17,16723,45,0.0,0,1276,1,6,20,1
795,6,55304,80,0.0,0,755,0,56,20,0
240,6,27596,8443,24.0,0,200,0,128,20,0
301,17,55846,53,0.0,0,362,0,128,20,0
608,6,53008,443,0.0,0,568,0,64,20,0
74,6,13397,8443,16.0,0,34,0,64,20,0
54,6,12134,443,2.0,0,14,0,56,20,0
1393,17,13185,80,16.0,0,1353,0,64,20,0
107,6,33045,8443,16.0,0,67,0,64,20,0
74,6,32400,8443,16.0,0,34,0,64,20,0
53,6,23169,80,2.0,0,0,0,18,20,1
252,6,56492,443,16.0,0,212,0,119,20,0
209,6,38368,8000,0.18,0,169,0,128,20,0
1363,6,20812,5432,17.0,0,1323,0,255,20,0
1239,17,42107,942,0.0,0,1001,1,6,20,1
1086,6,64466,3306,17.0,0,1046,0,64,20,0
74,6,61097,443,16.0,0,34,0,64,20,0
74,6,46460,8443,17.0,0,34,0,117,20,0
82,6,62596,8000,0.18,0,42,0,255,20,0
74,6,30507,8443,16.0,0,34,0,51,20,0
1006,6,53316,80,17.0,0,966,0,128,20,0
74,6,45244,8443,16.0,0,34,0,120,20,0
251,6,20863,443,24.0,0,211,0,56,20,0
54,6,24980,443,16.0,0,14,0,64,20,0
941,6,12160,53,17.0,0,901,0,128,20,0
80,1,0,0,0.0,8,29,0,15,20,1
93,1,0,0,0.0,8,51,0,4,20,1
66,6,29078,22,16.0,0,26,0,128,20,0
41,6,9713,80,2.0,0,0,0,14,20,1
305,6,43493,443,24.0,0,265,0,64,20,0
1303,6,29831,443,24.0,0,1263,0,56,20,0
558,17,3377,443,24.0,0,518,0,56,20,0
1159,17,33087,153,0.0,0,1455,1,3,20,1
184,6,52139,22,16.0,0,144,0,64,20,0
662,6,32925,443,2.0,0,622,0,60,20,0
66,6,43508,22,16.0,0,26,0,64,20,0
1135,6,13526,8080,0.0,0,1095,0,64,20,0
81,6,32483,8080,0.18,0,41,0,64,20,0
145,6,35789,443,16.0,0,105,0,64,20,0
258,6,57001,22,24.0,0,218,0,64,20,0
55,6,50529,33977,2.0,0,0,0,64,20,1
181,6,41520,80,2.0,0,141,0,58,20,0
1244,6,55163,8080,2.0,0,1204,0,58,20,0
54,6,39530,8443,24.0,0,14,0,128,20,0
273,6,11516,443,16.0,0,233,0,55,20,0
789,6,33706,8080,0.18,0,749,0,64,20,0
105,6,63000,22,0.0,0,65,0,255,20,0
66,6,38365,8443,17.0,0,26,0,58,20,0
758,6,17720,22,17.0,0,718,0,128,20,0
708,6,46121,3306,0.0,0,668,0,60,20,0
221,6,34734,443,18.0,0,181,0,51,20,0
244,17,20636,53,0.0,0,150,0,128,20,0
59,6,6696,40794,2.0,0,0,0,64,20,1
87,6,51305,8443,16.0,0,47,0,117,20,0
453,6,8715,8080,17.0,0,413,0,64,20,0
984,6,35732,443,2.0,0,944,0,128,20,0
58,17,59196,22,17.0,0,18,0,64,20,0
55,6,26542,80,16.0,0,15,0,128,20,0
40,6,8446,63878,2.0,0,0,0,64,20,1
519,6,52972,22,16.0,0,479,0,60,20,0
54,6,22233,8443,16.0,0,14,0,60,20,0
533,6,43431,8080,16.0,0,493,0,56,20,0
54,6,7886,8443,16.0,0,14,0,54,20,0
1422,6,59570,22,24.0,0,1382,0,255,20,0
249,6,35004,8443,2.0,0,209,0,57,20,0
116,6,22419,8443,16.0,0,76,0,52,20,0
255,17,28792,53,0.0,0,76,0,64,20,0
1077,17,20773,3306,17.0,0,1037,0,60,20,0
1202,6,5005,8443,18.0,0,1162,0,64,20,0
82,6,40016,53,0.0,0,42,0,60,20,0
1254,6,9893,8080,24.0,0,1214,0,56,20,0
987,6,37242,80,16.0,0,947,0,255,20,0
54,6,20969,8443,16.0,0,14,0,64,20,0
54,6,27705,443,16.0,0,14,0,55,20,0
1218,17,61014,3306,16.0,0,1178,0,128,20,0
419,6,16700,8080,16.0,0,379,0,128,20,0
59,6,20105,80,2.0,0,0,0,9,20,1
576,6,34920,80,2.0,0,536,0,64,20,0
299,6,5707,8443,16.0,0,259,0,115,20,0
427,6,31471,5432,24.0,0,387,0,56,20,0
207,17,37983,5432,17.0,0,167,0,255,20,0
1027,17,34060,611,0.0,0,1010,0,7,20,1
96,6,56717,443,17.0,0,56,0,128,20,0
54,6,38869,443,16.0,0,14,0,52,20,0
344,6,34308,8080,0.0,0,304,0,128,20,0
66,6,22476,22,16.0,0,26,0,64,20,0
54,6,61764,8443,24.0,0,14,0,120,20,0
118,17,24208,53,0.0,0,345,0,128,20,0
1057,6,29653,80,17.0,0,1017,0,64,20,0
846,6,5204,22,16.0,0,806,0,60,20,0
1142,17,12766,759,0.0,0,1436,0,9,20,1
52,6,61655,80,17.0,0,12,0,57,20,0
54,6,5558,65194,2.0,0,0,0,64,20,1
321,17,23399,53,0.0,0,281,0,60,20,0
54,6,23514,443,24.0,0,14,0,58,20,0
271,6,20643,8443,24.0,0,231,0,51,20,0
1356,17,9039,404,0.0,0,1016,0,2,20,1
184,6,14785,22,24.0,0,144,0,128,20,0
66,6,59728,22,24.0,0,26,0,64,20,0
252,17,22425,53,0.0,0,136,0,64,20,0
43,6,42672,80,2.0,0,0,0,8,20,1
703,17,62933,3306,0.0,0,663,0,64,20,0
1383,6,4820,80,2.0,0,1343,0,57,20,0
214,17,27324,53,0.0,0,80,0,128,20,0
227,6,61752,8443,18.0,0,187,0,115,20,0
323,17,21769,53,0.0,0,466,0,64,20,0
399,17,1939,53,0.0,0,199,0,64,20,0
468,17,27999,8080,24.0,0,428,0,255,20,0
180,6,61966,8443,2.0,0,140,0,51,20,0
54,6,27105,443,16.0,0,14,0,115,20,0
1256,6,40584,8443,24.0,0,1216,0,64,20,0
424,6,53002,80,2.0,0,384,0,57,20,0
258,6,2007,22,24.0,0,218,0,128,20,0
1099,1,18524,3306,0.0,0,1059,0,128,20,0
168,6,56462,3306,24.0,0,128,0,255,20,0
58,6,9007,8000,0.18,0,18,0,58,20,0
66,6,62426,22,24.0,0,26,0,128,20,0
1359,6,36985,5432,0.0,0,1319,0,255,20,0
705,1,63915,8080,24.0,0,665,0,128,20,0
192,6,36450,443,17.0,0,152,0,118,20,0
689,6,49294,80,2.0,0,649,0,56,20,0
183,6,53957,8000,17.0,0,143,0,58,20,0
210,6,18509,443,16.0,0,170,0,51,20,0
66,6,11173,22,16.0,0,26,0,64,20,0
1221,6,17452,8443,16.0,0,1181,0,119,20,0
337,17,59380,53,0.0,0,424,0,64,20,0
90,6,10549,22,24.0,0,50,0,64,20,0
99,1,0,0,0.0,8,55,0,4,20,1
994,6,20590,5432,2.0,0,954,0,255,20,0
76,6,59848,8080,17.0,0,36,0,58,20,0
1281,17,5770,25,0.0,0,1302,0,7,20,1
1345,6,15200,5432,24.0,0,1305,0,64,20,0
312,17,37516,53,0.0,0,341,0,64,20,0
66,6,51411,443,2.0,0,26,0,117,20,0
1423,17,43972,221,0.0,0,1387,0,5,20,1
66,6,62489,8443,16.0,0,26,0,118,20,0
179,6,23754,8080,24.0,0,139,0,255,20,0
116,6,39547,8443,16.0,0,76,0,117,20,0
40,6,16928,8000,2.0,0,0,0,64,20,0
880,17,62962,80,0.0,0,840,0,60,20,0
1304,6,27002,3306,0.0,0,1264,0,128,20,0
1269,6,24194,80,17.0,0,1229,0,56,20,0
130,6,37224,22,16.0,0,90,0,128,20,0
895,6,25499,8080,17.0,0,855,0,58,20,0
1172,6,25426,80,0.18,0,1132,0,58,20,0
54,6,59498,8443,2.0,0,14,0,52,20,0
66,6,23466,22,24.0,0,26,0,128,20,0
1312,6,27835,443,16.0,0,1272,0,57,20,0
111,6,56086,443,24.0,0,71,0,60,20,0
54,6,19085,443,16.0,0,14,0,57,20,0
258,6,15924,22,16.0,0,218,0,128,20,0
51,1,0,0,0.0,8,35,0,14,20,1
66,6,6580,22,24.0,0,26,0,64,20,0
1189,6,47821,5432,2.0,0,1149,0,64,20,0
854,6,10069,8443,24.0,0,814,0,64,20,0
942,6,19554,5432,17.0,0,902,0,56,20,0
114,6,8793,22,16.0,0,74,0,64,20,0
66,6,62578,443,16.0,0,26,0,54,20,0
69,6,52212,8080,2.0,0,29,0,57,20,0
184,6,33175,22,24.0,0,144,0,64,20,0
895,6,18920,443,2.0,0,855,0,64,20,0
54,6,56315,15301,2.0,0,0,0,64,20,1
280,6,27732,443,16.0,0,240,0,54,20,0
100,6,35749,8000,0.18,0,60,0,128,20,0
1251,6,49243,443,2.0,0,1211,0,60,20,0
417,6,48085,53,17.0,0,377,0,255,20,0
259,17,26450,53,0.0,0,378,0,64,20,0
75,1,0,0,0.0,8,55,0,15,20,1
66,6,8770,8443,24.0,0,26,0,56,20,0
121,6,43333,80,16.0,0,81,0,57,20,0
129,6,22206,80,2.0,0,89,0,255,20,0
74,6,32840,443,16.0,0,34,0,56,20,0
54,6,29645,8443,16.0,0,14,0,118,20,0
951,6,22462,443,24.0,0,911,0,49,20,0
66,6,20008,8443,16.0,0,26,0,117,20,0
71,6,64028,8080,2.0,0,31,0,128,20,0
1422,17,26846,3306,17.0,0,1382,0,64,20,0
133,17,12469,53,0.0,0,234,0,64,20,0
325,6,3687,443,17.0,0,285,0,128,20,0
44,6,48155,80,2.0,0,0,0,6,20,1
1100,6,14787,443,2.0,0,1060,0,255,20,0
50,1,0,0,0.0,8,34,0,7,20,1
449,6,56254,22,24.0,0,409,0,255,20,0
90,6,22104,22,16.0,0,50,0,64,20,0
419,6,61587,8000,16.0,0,379,0,57,20,0
48,1,0,0,0.0,8,12,0,12,20,1
58,6,56737,8080,17.0,0,18,0,57,20,0
978,6,20053,80,0.18,0,938,0,57,20,0
176,17,24510,53,16.0,0,136,0,60,20,0
1496,6,25145,443,16.0,0,1456,0,255,20,0
170,6,25425,8080,0.18,0,130,0,255,20,0
397,6,7110,8080,0.18,0,357,0,128,20,0
481,6,23599,80,24.0,0,441,0,64,20,0
1106,17,21779,639,0.0,0,1333,0,7,20,1
1128,6,29552,8000,16.0,0,1088,0,64,20,0
415,6,49983,8000,2.0,0,375,0,56,20,0
81,6,46453,443,16.0,0,41,0,58,20,0
607,6,30908,22,16.0,0,567,0,56,20,0
130,6,37696,22,24.0,0,90,0,64,20,0
209,6,2681,443,18.0,0,169,0,119,20,0
114,6,45211,22,24.0,0,74,0,64,20,0
74,6,57894,8443,17.0,0,34,0,57,20,0
213,17,41884,3306,0.0,0,173,0,60,20,0
553,6,61292,8080,17.0,0,513,0,128,20,0
74,6,24800,8443,16.0,0,34,0,52,20,0
52,6,8606,29264,2.0,0,0,0,64,20,1
74,6,36292,8443,24.0,0,34,0,117,20,0
267,6,38394,5432,16.0,0,227,0,56,20,0
46,6,31445,32223,2.0,0,0,0,64,20,1
302,17,50241,80,17.0,0,262,0,255,20,0
304,17,41930,53,0.0,0,451,0,64,20,0
66,6,16651,443,2.0,0,26,0,58,20,0
1124,1,63095,53,16.0,0,1084,0,128,20,0
1185,17,51333,754,0.0,0,1168,0,5,20,1
560,6,61918,5432,17.0,0,520,0,64,20,0
385,17,38639,53,0.0,0,337,0,64,20,0
54,6,33116,443,24.0,0,14,0,58,20,0
50,6,45149,19631,2.0,0,0,0,64,20,1
1197,17,4380,443,16.0,0,1157,0,64,20,0
225,6,31155,8080,17.0,0,185,0,58,20,0
54,6,41139,443,16.0,0,14,0,51,20,0
90,6,30208,22,16.0,0,50,0,128,20,0
1402,17,34730,80,0.0,0,1362,0,128,20,0
311,6,3437,80,2.0,0,271,0,56,20,0
66,6,24488,8443,24.0,0,26,0,52,20,0
211,6,56763,443,2.0,0,171,0,117,20,0
69,17,62129,80,17.0,0,29,0,255,20,0
386,17,26404,53,0.0,0,75,0,128,20,0
713,6,45609,8000,2.0,0,673,0,128,20,0
242,6,33990,443,16.0,0,202,0,57,20,0
1468,6,35064,8080,0.18,0,1428,0,255,20,0
707,6,14055,80,17.0,0,667,0,56,20,0
114,6,7544,22,16.0,0,74,0,64,20,0
74,6,21063,8443,17.0,0,34,0,117,20,0
47,6,29576,34173,2.0,0,0,0,64,20,1
1040,17,57157,80,24.0,0,1000,0,60,20,0
60,1,0,0,0.0,8,23,0,14,20,1
46,6,52004,5818,2.0,0,0,0,64,20,1
56,6,56924,80,2.0,0,0,0,25,20,1
115,17,53190,53,0.0,0,256,0,64,20,0
74,6,18907,8443,17.0,0,34,0,51,20,0
981,6,12314,8000,2.0,0,941,0,57,20,0
1424,6,18746,80,0.0,0,1384,0,64,20,0
508,6,38644,8000,2.0,0,468,0,128,20,0
90,6,29918,22,24.0,0,50,0,128,20,0
114,6,30668,22,24.0,0,74,0,128,20,0
250,6,37458,8000,2.0,0,210,0,56,20,0
922,6,30391,8080,2.0,0,882,0,58,20,0
184,6,35608,22,24.0,0,144,0,64,20,0
1249,6,53616,8443,16.0,0,1209,0,49,20,0
500,17,17265,53,0.0,0,344,0,128,20,0
1166,17,5472,872,0.0,0,1119,1,9,20,1
1460,6,42419,8443,17.0,0,1420,0,60,20,0
883,6,43784,443,16.0,0,843,0,128,20,0
74,6,27770,8443,16.0,0,34,0,128,20,0
74,6,51518,443,24.0,0,34,0,55,20,0
857,6,36865,8080,2.0,0,817,0,64,20,0
130,6,21738,22,16.0,0,90,0,64,20,0
518,6,48130,80,17.0,0,478,0,255,20,0
208,6,11794,443,16.0,0,168,0,55,20,0
1042,6,9716,80,0.0,0,1002,0,60,20,0
1391,6,54227,80,0.18,0,1351,0,56,20,0
1376,17,27634,823,0.0,0,1372,0,9,20,1
74,6,6553,8443,16.0,0,34,0,57,20,0
90,6,5679,22,24.0,0,50,0,64,20,0
74,6,8983,8443,16.0,0,34,0,49,20,0
74,6,2196,8443,16.0,0,34,0,57,20,0
184,6,20142,22,16.0,0,144,0,64,20,0
66,6,47623,22,24.0,0,26,0,64,20,0
52,6,1578,64485,2.0,0,0,0,64,20,1
66,6,26383,443,16.0,0,26,0,55,20,0
1019,6,56332,22,2.0,0,979,0,255,20,0
66,6,59983,443,16.0,0,26,0,54,20,0
506,17,34630,22,2.0,0,466,0,56,20,0
335,17,24488,53,0.0,0,407,0,128,20,0
48,6,34200,1811,2.0,0,0,0,64,20,1
216,6,15565,8443,18.0,0,176,0,49,20,0
926,6,42145,8080,0.18,0,886,0,57,20,0
1133,6,41499,443,2.0,0,1093,0,120,20,0
54,6,35699,8443,16.0,0,14,0,54,20,0
66,6,9507,22,16.0,0,26,0,128,20,0
114,6,23668,22,16.0,0,74,0,64,20,0
74,6,28118,8443,24.0,0,34,0,49,20,0
222,6,23202,443,17.0,0,182,0,60,20,0
71,1,0,0,0.0,8,38,0,10,20,1
99,6,18345,443,24.0,0,59,0,128,20,0
1108,17,27934,578,0.0,0,1386,0,6,20,1
54,6,4138,8443,2.0,0,14,0,51,20,0
804,6,61353,443,24.0,0,764,0,119,20,0
39,1,0,0,0.0,8,27,0,9,20,1
329,17,38828,53,0.0,0,276,0,128,20,0
1466,1,62195,8080,24.0,0,1426,0,60,20,0
162,6,54058,22,16.0,0,122,0,64,20,0
344,17,44968,53,0.0,0,54,0,64,20,0
66,6,38750,8443,16.0,0,26,0,51,20,0
46,6,17831,10878,2.0,0,0,0,64,20,1
541,6,63012,5432,0.0,0,501,0,60,20,0
426,17,22440,53,0.0,0,63,0,128,20,0
240,17,64165,22,16.0,0,200,0,64,20,0
130,6,13436,22,16.0,0,90,0,64,20,0
1231,6,21971,8000,17.0,0,1191,0,56,20,0
130,6,26607,22,24.0,0,90,0,128,20,0
55,6,14252,8080,2.0,0,15,0,58,20,0
1127,6,18136,5432,0.0,0,1087,0,255,20,0
499,6,8551,8000,17.0,0,459,0,64,20,0
40,6,27018,49160,2.0,0,0,0,64,20,1
1377,6,14870,5432,2.0,0,1337,0,255,20,0
66,6,61396,8443,16.0,0,26,0,119,20,0
909,17,3074,443,24.0,0,869,0,255,20,0
872,17,21902,5432,0.0,0,832,0,60,20,0
58,6,59553,80,2.0,0,0,0,27,20,1
1286,6,53139,80,2.0,0,1246,0,64,20,0
130,6,32827,22,16.0,0,90,0,64,20,0
42,6,3401,80,2.0,0,0,0,8,20,1
251,6,49358,443,16.0,0,211,0,120,20,0
54,6,20207,8443,16.0,0,14,0,118,20,0
54,6,64773,443,16.0,0,14,0,51,20,0
221,6,28260,8443,18.0,0,181,0,56,20,0
355,17,43781,53,0.0,0,182,0,128,20,0
51,6,62591,80,2.0,0,0,0,19,20,1
490,6,23474,8000,16.0,0,450,0,128,20,0
208,6,6660,8443,16.0,0,168,0,58,20,0
81,6,51459,8443,24.0,0,41,0,60,20,0
66,6,45394,443,16.0,0,26,0,115,20,0
438,6,48160,8000,17.0,0,398,0,58,20,0
74,6,1311,8443,17.0,0,34,0,49,20,0
40,6,16720,80,2.0,0,0,0,7,20,1
794,6,1998,80,0.18,0,754,0,64,20,0
1037,17,39964,53,17.0,0,997,0,60,20,0
258,6,53296,22,24.0,0,218,0,64,20,0
396,6,30878,80,17.0,0,356,0,56,20,0
161,6,15965,8080,0.18,0,121,0,57,20,0
1028,6,59720,443,18.0,0,988,0,115,20,0
404,17,11896,53,0.0,0,233,0,64,20,0
54,6,44179,1005,2.0,0,0,0,64,20,1
66,6,12394,22,24.0,0,26,0,64,20,0
746,6,7230,3306,0.0,0,706,0,64,20,0
1051,17,49675,415,0.0,0,1394,1,6,20,1
180,6,16027,8080,0.18,0,140,0,58,20,0
269,6,62101,443,16.0,0,229,0,60,20,0
191,6,57904,80,0.18,0,151,0,64,20,0
263,6,16317,53,17.0,0,223,0,56,20,0
66,6,56155,8443,16.0,0,26,0,115,20,0
51,6,33810,38358,2.0,0,0,0,64,20,1
902,6,6605,8443,18.0,0,862,0,56,20,0
180,6,6611,80,16.0,0,140,0,56,20,0
160,6,57971,8080,16.0,0,120,0,128,20,0
54,6,44062,8443,16.0,0,14,0,56,20,0
438,17,63726,53,0.0,0,174,0,128,20,0
169,17,8306,53,0.0,0,188,0,128,20,0
847,6,53207,443,2.0,0,807,0,60,20,0
256,17,10177,53,0.0,0,426,0,64,20,0
1072,1,29733,443,0.0,0,1032,0,56,20,0
917,6,52531,80,16.0,0,877,0,255,20,0
332,6,60463,8000,17.0,0,292,0,58,20,0
265,6,47847,8080,2.0,0,225,0,58,20,0
335,17,30599,53,0.0,0,309,0,128,20,0
258,6,55913,22,24.0,0,218,0,64,20,0
1024,6,28991,5432,2.0,0,984,0,128,20,0
1337,6,24128,443,16.0,0,1297,0,118,20,0
661,6,18762,8080,24.0,0,621,0,64,20,0
55,6,49841,80,2.0,0,15,0,64,20,0
54,6,26649,443,24.0,0,14,0,60,20,0
853,6,24145,8443,24.0,0,813,0,58,20,0
972,6,2959,8000,0.18,0,932,0,57,20,0
223,6,24805,443,16.0,0,183,0,49,20,0
1313,6,10806,443,24.0,0,1273,0,128,20,0
162,6,40001,22,24.0,0,122,0,64,20,0
890,6,4861,8080,16.0,0,850,0,58,20,0
69,1,0,0,0.0,8,10,0,6,20,1
157,6,57353,8080,2.0,0,117,0,128,20,0
54,6,53251,443,16.0,0,14,0,57,20,0
1052,6,46173,8080,16.0,0,1012,0,128,20,0
179,6,41959,443,16.0,0,139,0,52,20,0
1320,6,39863,53,0.0,0,1280,0,255,20,0
127,17,36325,53,0.0,0,339,0,64,20,0
114,6,36542,22,16.0,0,74,0,128,20,0
90,6,50031,22,16.0,0,50,0,128,20,0
74,6,38607,443,18.0,0,34,0,128,20,0
42,6,63878,34583,2.0,0,0,0,64,20,1
243,6,32956,8443,2.0,0,203,0,117,20,0
1165,6,53534,8000,16.0,0,1125,0,57,20,0
1053,6,18931,53,24.0,0,1013,0,255,20,0
591,6,40627,5432,2.0,0,551,0,56,20,0
66,6,30607,443,16.0,0,26,0,56,20,0
162,6,54511,22,24.0,0,122,0,64,20,0
66,6,5897,8443,17.0,0,26,0,51,20,0
471,6,40737,80,17.0,0,431,0,57,20,0
1206,6,46659,80,16.0,0,1166,0,255,20,0
74,6,53057,443,17.0,0,34,0,57,20,0
885,6,50476,8443,16.0,0,845,0,51,20,0
444,17,38743,53,0.0,0,365,0,64,20,0
59,6,64161,80,2.0,0,0,0,23,20,1
74,6,19634,8443,16.0,0,34,0,57,20,0
393,6,14218,443,24.0,0,353,0,128,20,0
94,6,37667,8443,16.0,0,54,0,60,20,0
1312,6,10489,8443,16.0,0,1272,0,128,20,0
1289,6,15767,22,17.0,0,1249,0,64,20,0
777,6,48888,443,0.0,0,737,0,60,20,0
65,1,0,0,0.0,8,55,0,7,20,1
54,6,62102,443,16.0,0,14,0,52,20,0
51,6,13497,8080,2.0,0,11,0,128,20,0
511,6,21899,80,17.0,0,471,0,58,20,0
66,6,11613,8443,2.0,0,26,0,64,20,0
74,6,12291,8443,16.0,0,34,0,58,20,0
276,17,51869,5432,16.0,0,236,0,128,20,0
180,6,21924,443,17.0,0,140,0,58,20,0
130,6,1288,22,16.0,0,90,0,64,20,0
292,17,55124,53,0.0,0,69,0,128,20,0
717,6,34361,8080,24.0,0,677,0,255,20,0
258,6,48895,22,16.0,0,218,0,64,20,0
66,6,25924,443,16.0,0,26,0,49,20,0
655,6,18959,53,17.0,0,615,0,64,20,0
893,6,26724,8080,2.0,0,853,0,64,20,0
324,17,45919,53,0.0,0,22,0,128,20,0
1253,1,12348,443,0.0,0,1213,0,128,20,0
297,6,35176,443,16.0,0,257,0,49,20,0
77,6,14211,80,17.0,0,37,0,57,20,0
87,6,55902,8000,16.0,0,47,0,255,20,0
586,6,65227,22,16.0,0,546,0,56,20,0
166,6,13064,8080,0.18,0,126,0,57,20,0
66,6,2526,8443,16.0,0,26,0,54,20,0
114,6,43709,22,24.0,0,74,0,64,20,0
49,6,46200,80,2.0,0,0,0,27,20,1
162,6,13176,22,24.0,0,122,0,64,20,0
302,6,36490,80,2.0,0,262,0,58,20,0
311,17,54161,53,0.0,0,192,0,64,20,0
66,6,50791,443,16.0,0,26,0,58,20,0
1091,6,46198,8000,2.0,0,1051,0,64,20,0
315,17,55008,53,0.0,0,305,0,128,20,0
465,6,34931,443,16.0,0,425,0,255,20,0
1209,17,7523,22,0.0,0,1169,0,60,20,0
162,6,51357,22,24.0,0,122,0,128,20,0
1096,6,21972,8080,0.18,0,1056,0,128,20,0
1422,17,22477,118,0.0,0,1143,0,1,20,1
66,6,24572,443,16.0,0,26,0,119,20,0
185,6,32476,8000,17.0,0,145,0,58,20,0
152,17,56983,53,0.0,0,378,0,128,20,0
66,6,62923,22,24.0,0,26,0,64,20,0
125,6,22913,8443,24.0,0,85,0,118,20,0
74,6,13008,443,17.0,0,34,0,51,20,0
189,6,12869,8080,2.0,0,149,0,255,20,0
54,6,2388,443,16.0,0,14,0,54,20,0
944,6,54865,443,24.0,0,904,0,54,20,0
353,6,32482,3306,16.0,0,313,0,60,20,0
1299,6,35809,443,2.0,0,1259,0,58,20,0
51,6,22545,80,2.0,0,0,0,9,20,1
139,6,36919,8000,2.0,0,99,0,57,20,0
76,6,2517,3306,16.0,0,36,0,128,20,0
1146,6,55578,53,16.0,0,1106,0,60,20,0
74,6,40160,443,16.0,0,34,0,128,20,0
1363,6,22379,80,24.0,0,1323,0,255,20,0
1325,6,10849,8443,16.0,0,1285,0,57,20,0
74,6,7592,443,16.0,0,34,0,118,20,0
501,6,64339,53,16.0,0,461,0,56,20,0
74,6,62354,443,18.0,0,34,0,58,20,0
1092,6,59867,22,0.0,0,1052,0,60,20,0
581,6,30515,8080,16.0,0,541,0,56,20,0
66,6,34391,8443,17.0,0,26,0,60,20,0
1277,6,37331,8443,18.0,0,1237,0,51,20,0
90,6,58740,22,24.0,0,50,0,64,20,0
54,6,55502,8443,24.0,0,14,0,119,20,0
74,6,43455,443,18.0,0,34,0,117,20,0
71,6,27245,8000,16.0,0,31,0,128,20,0
575,6,21739,443,16.0,0,535,0,60,20,0
1505,6,54733,8000,17.0,0,1460,0,56,20,0
408,17,60616,53,0.0,0,464,0,128,20,0
894,6,41190,8443,24.0,0,854,0,49,20,0
38,1,0,0,0.0,8,53,0,19,20,1
398,17,51810,53,0.0,0,375,0,128,20,0
98,1,0,0,0.0,8,45,0,10,20,1
94,6,1098,8443,16.0,0,54,0,51,20,0
106,6,50247,80,2.0,0,66,0,56,20,0
130,6,5278,22,16.0,0,90,0,64,20,0
838,6,33112,8443,17.0,0,798,0,60,20,0
1441,1,59260,80,24.0,0,1401,0,255,20,0
41,6,26940,80,2.0,0,0,0,27,20,1
54,6,48345,443,16.0,0,14,0,60,20,0
114,6,5670,22,16.0,0,74,0,64,20,0
1052,17,18348,616,0.0,0,1338,1,8,20,1
1397,6,50328,3306,0.0,0,1357,0,60,20,0
74,6,43979,443,18.0,0,34,0,128,20,0
66,6,46971,8443,16.0,0,26,0,120,20,0
54,6,28632,443,18.0,0,14,0,120,20,0
90,6,29171,22,24.0,0,50,0,64,20,0
74,6,25422,8443,24.0,0,34,0,120,20,0
56,6,33682,33906,2.0,0,0,0,64,20,1
74,6,55541,443,24.0,0,34,0,55,20,0
187,6,9293,443,24.0,0,147,0,128,20,0
54,6,46899,8443,17.0,0,14,0,115,20,0
673,6,47676,8080,16.0,0,633,0,128,20,0
506,17,56737,53,0.0,0,209,0,128,20,0
74,6,19637,8443,16.0,0,34,0,120,20,0
1005,6,50708,53,0.0,0,965,0,60,20,0
54,6,56395,443,17.0,0,14,0,57,20,0
258,6,28298,22,16.0,0,218,0,64,20,0
157,17,10340,53,0.0,0,275,0,128,20,0
258,6,19591,22,16.0,0,218,0,128,20,0
128,6,23445,80,17.0,0,88,0,255,20,0
869,6,58102,8080,0.18,0,829,0,57,20,0
54,6,25334,443,18.0,0,14,0,55,20,0
547,6,24577,22,17.0,0,507,0,60,20,0
74,6,29226,8443,16.0,0,34,0,55,20,0
68,17,37953,53,0.0,0,376,0,64,20,0
44,6,61112,8479,2.0,0,0,0,64,20,1
1310,17,31875,553,0.0,0,1351,1,4,20,1
71,17,51251,53,0.0,0,67,0,64,20,0
508,17,1201,53,0.0,0,101,0,64,20,0
54,6,18482,8443,16.0,0,14,0,60,20,0
132,6,59265,443,16.0,0,92,0,128,20,0
55,6,32059,13072,2.0,0,0,0,64,20,1
258,6,26695,22,16.0,0,218,0,128,20,0
54,6,4033,443,17.0,0,14,0,128,20,0
205,17,39109,53,0.0,0,380,0,128,20,0
1375,17,20323,47,0.0,0,1239,1,1,20,1
1456,17,47812,814,0.0,0,1025,0,9,20,1
853,6,40904,443,0.0,0,813,0,56,20,0
50,6,17770,64177,2.0,0,0,0,64,20,1
68,6,3063,443,16.0,0,28,0,64,20,0
228,6,30838,80,24.0,0,188,0,56,20,0
573,6,33529,22,16.0,0,533,0,56,20,0
646,6,11926,8000,16.0,0,606,0,128,20,0
145,6,34316,80,2.0,0,105,0,128,20,0
70,6,20957,8000,16.0,0,30,0,64,20,0
74,6,43648,8443,16.0,0,34,0,54,20,0
534,17,34720,8080,16.0,0,494,0,255,20,0
186,17,59360,53,0.0,0,284,0,128,20,0
319,17,51470,53,0.0,0,130,0,128,20,0
66,6,1822,8443,24.0,0,26,0,60,20,0
66,6,2776,8443,17.0,0,26,0,54,20,0
162,6,58627,22,24.0,0,122,0,128,20,0
184,6,12276,80,0.18,0,144,0,255,20,0
100,6,20112,8000,2.0,0,60,0,56,20,0
41,6,56365,80,2.0,0,0,0,2,20,1
1209,6,65045,443,24.0,0,1169,0,54,20,0
56,6,45737,80,2.0,0,0,0,3,20,1
473,6,19249,53,0.0,0,433,0,56,20,0
114,6,24042,22,24.0,0,74,0,128,20,0
74,6,38951,8443,17.0,0,34,0,51,20,0
814,6,27297,22,16.0,0,774,0,60,20,0
170,6,59738,8000,0.18,0,130,0,128,20,0
91,6,62739,443,18.0,0,51,0,58,20,0
130,6,48988,22,24.0,0,90,0,64,20,0
55,6,47862,40863,2.0,0,0,0,64,20,1
223,6,42163,8443,17.0,0,183,0,120,20,0
314,17,5826,53,0.0,0,23,0,64,20,0
71,17,45608,53,0.0,0,156,0,64,20,0
880,6,65285,8080,16.0,0,840,0,57,20,0
54,6,23396,443,17.0,0,14,0,120,20,0
216,6,19185,5432,0.0,0,176,0,128,20,0
1213,17,30631,443,2.0,0,1173,0,255,20,0
1115,6,24568,443,16.0,0,1075,0,117,20,0
1240,6,18034,443,16.0,0,1200,0,54,20,0
184,6,57441,22,16.0,0,144,0,64,20,0
110,6,39611,8000,17.0,0,70,0,128,20,0
74,6,54394,443,18.0,0,34,0,60,20,0
54,6,46063,8443,18.0,0,14,0,58,20,0
114,6,33911,22,16.0,0,74,0,64,20,0
114,6,7388,22,24.0,0,74,0,128,20,0
1496,17,55071,134,0.0,0,1009,0,4,20,1
66,6,3661,443,16.0,0,26,0,54,20,0
48,6,12097,47567,2.0,0,0,0,64,20,1
377,17,21917,53,0.0,0,225,0,64,20,0
829,6,29288,8080,2.0,0,789,0,60,20,0
50,6,26782,8454,2.0,0,0,0,64,20,1
49,6,38843,80,2.0,0,0,0,6,20,1
1513,6,8378,443,2.0,0,1460,0,55,20,0
795,17,26615,22,17.0,0,755,0,64,20,0
1394,6,21200,443,16.0,0,1354,0,58,20,0
53,6,58882,41828,2.0,0,0,0,64,20,1
297,6,57054,8443,24.0,0,257,0,117,20,0
88,6,46601,8000,0.18,0,48,0,255,20,0
940,6,38008,5432,0.0,0,900,0,128,20,0
142,17,53425,8080,2.0,0,102,0,128,20,0
146,6,59679,8443,16.0,0,106,0,128,20,0
154,6,44747,8443,2.0,0,114,0,60,20,0
66,6,30111,8443,17.0,0,26,0,64,20,0
90,6,28374,22,24.0,0,50,0,128,20,0
137,17,28227,53,0.0,0,27,0,64,20,0
46,6,10462,80,2.0,0,0,0,7,20,1
59,1,0,0,0.0,8,51,0,13,20,1
92,1,0,0,0.0,8,2,0,15,20,1
204,6,1712,8000,17.0,0,164,0,255,20,0
453,17,20810,53,0.0,0,381,0,128,20,0
189,6,63215,8080,2.0,0,149,0,57,20,0
453,17,54559,53,0.0,0,163,0,128,20,0
165,6,15740,8080,2.0,0,125,0,58,20,0
62,6,46123,80,17.0,0,22,0,255,20,0
1063,17,27372,558,0.0,0,1087,0,8,20,1
114,6,20618,22,16.0,0,74,0,64,20,0
1441,6,29377,22,17.0,0,1401,0,128,20,0
54,6,37794,8443,24.0,0,14,0,117,20,0
130,6,52595,22,16.0,0,90,0,64,20,0
54,6,47924,443,16.0,0,14,0,118,20,0
1011,17,30037,443,0.0,0,971,0,60,20,0
74,6,29374,443,24.0,0,34,0,57,20,0
148,6,25083,8000,16.0,0,108,0,128,20,0
114,6,61359,22,16.0,0,74,0,64,20,0
184,6,24653,22,16.0,0,144,0,64,20,0
1426,6,41305,8080,17.0,0,1386,0,57,20,0
252,17,35197,53,0.0,0,188,0,64,20,0
987,6,64238,80,17.0,0,947,0,56,20,0
54,6,39377,443,24.0,0,14,0,57,20,0
115,17,59928,53,0.0,0,230,0,128,20,0
130,6,13161,22,16.0,0,90,0,64,20,0
49,6,42447,80,2.0,0,0,0,23,20,1
135,6,56261,8080,16.0,0,95,0,255,20,0
226,6,12117,22,2.0,0,186,1,128,20,0
101,6,49046,8080,0.18,0,61,0,64,20,0
28,1,0,0,0.0,8,17,0,5,20,1
72,17,12235,53,0.0,0,371,0,64,20,0
920,6,65408,8443,16.0,0,880,0,57,20,0
66,6,28254,22,16.0,0,26,0,128,20,0
1118,6,40253,8000,2.0,0,1078,0,58,20,0
54,6,17872,443,18.0,0,14,0,115,20,0
365,17,62465,53,0.0,0,214,0,64,20,0
92,6,39780,8000,17.0,0,52,0,56,20,0
130,6,48569,22,24.0,0,90,0,128,20,0
318,6,2108,8000,16.0,0,278,0,56,20,0
609,6,16729,53,17.0,0,569,0,255,20,0
85,17,15876,53,0.0,0,134,0,128,20,0
66,6,21621,443,16.0,0,26,0,52,20,0
1259,6,20505,80,2.0,0,1219,0,255,20,0
74,6,48315,8443,17.0,0,34,0,120,20,0
775,6,19385,8000,16.0,0,735,0,57,20,0
258,6,38203,22,24.0,0,218,0,64,20,0
941,6,39679,80,2.0,0,901,0,58,20,0
906,6,31457,8000,0.18,0,866,0,128,20,0
66,6,32375,8443,2.0,0,26,0,56,20,0
126,6,62744,443,17.0,0,86,0,119,20,0
1381,6,46393,8080,2.0,0,1341,0,64,20,0
54,6,30793,443,16.0,0,14,0,64,20,0
66,6,51601,8443,16.0,0,26,0,60,20,0
74,6,35259,443,24.0,0,34,0,128,20,0
1281,6,31160,443,24.0,0,1241,0,128,20,0
74,6,14885,443,24.0,0,34,0,128,20,0
1114,17,14573,604,0.0,0,994,1,1,20,1
66,6,62716,443,16.0,0,26,0,118,20,0
1194,17,24915,92,0.0,0,1096,0,5,20,1
454,17,6748,53,0.0,0,179,0,64,20,0
982,6,31389,8080,16.0,0,942,0,128,20,0
258,6,54274,22,24.0,0,218,0,128,20,0
148,6,2625,8000,0.18,0,108,0,56,20,0
231,17,31445,53,0.0,0,441,0,128,20,0
1177,6,63265,8080,0.18,0,1137,0,128,20,0
66,6,15398,22,16.0,0,26,0,128,20,0
1123,6,27464,8080,0.18,0,1083,0,56,20,0
66,6,35642,8443,24.0,0,26,0,128,20,0
1415,6,6875,8443,16.0,0,1375,0,58,20,0
280,6,5191,3306,16.0,0,240,0,128,20,0
253,6,58937,8443,24.0,0,213,0,49,20,0
48,6,3916,80,2.0,0,0,0,28,20,1
85,1,0,0,0.0,8,12,0,10,20,1
54,6,46227,443,16.0,0,14,0,58,20,0
74,6,23930,8443,16.0,0,34,0,56,20,0
74,6,17722,443,17.0,0,34,0,119,20,0
74,6,33358,8443,17.0,0,34,0,119,20,0
1312,17,10029,443,16.0,0,1272,0,56,20,0
184,6,5287,22,24.0,0,144,0,128,20,0
269,6,34782,22,0.0,0,229,0,255,20,0
54,6,6539,443,18.0,0,14,0,51,20,0
1145,17,20342,648,0.0,0,1144,0,9,20,1
477,6,53467,8000,0.18,0,437,0,58,20,0
41,6,57737,18131,2.0,0,0,0,64,20,1
66,6,22459,443,18.0,0,26,0,117,20,0
90,6,39940,22,16.0,0,50,0,64,20,0
771,6,25283,8080,17.0,0,731,0,255,20,0
126,6,13940,443,16.0,0,86,0,64,20,0
72,1,0,0,0.0,8,18,0,2,20,1
169,17,12382,53,0.0,0,452,0,64,20,0
54,6,5980,80,2.0,0,0,0,14,20,1
1138,17,18182,637,0.0,0,1001,1,9,20,1
122,6,24610,5432,0.0,0,82,0,56,20,0
734,6,44850,8000,17.0,0,694,0,255,20,0
920,6,25959,80,0.18,0,880,0,128,20,0
53,6,21622,1803,2.0,0,0,0,64,20,1
162,6,40073,22,24.0,0,122,0,128,20,0
964,6,11342,80,17.0,0,924,1,64,20,0
74,6,54398,443,16.0,0,34,0,118,20,0
307,6,29196,80,16.0,0,267,0,56,20,0
54,6,60436,8443,24.0,0,14,0,128,20,0
41,6,60006,80,2.0,0,0,0,5,20,1
54,6,46225,443,24.0,0,14,0,118,20,0
59,1,0,0,0.0,8,53,0,9,20,1
67,6,34721,80,17.0,0,27,0,57,20,0
189,6,19985,80,0.18,0,149,0,255,20,0
1148,1,2491,22,0.0,0,1108,0,56,20,0
55,1,0,0,0.0,8,3,0,4,20,1
1403,17,45526,443,24.0,0,1363,1,255,20,0
758,6,39553,8000,17.0,0,718,0,58,20,0
465,17,26006,53,0.0,0,380,0,64,20,0
66,6,33481,22,16.0,0,26,0,64,20,0
96,6,45172,8443,16.0,0,56,0,57,20,0
1412,17,64198,408,0.0,0,1309,1,7,20,1
74,6,33964,8443,24.0,0,34,0,58,20,0
54,6,38977,443,24.0,0,14,0,115,20,0
1192,17,44129,80,17.0,0,1152,0,60,20,0
59,6,58634,12956,2.0,0,0,0,64,20,1
54,6,63069,8443,16.0,0,14,0,51,20,0
112,6,30351,443,17.0,0,72,0,51,20,0
406,17,1630,53,2.0,0,366,0,128,20,0
66,6,21347,8443,16.0,0,26,0,52,20,0
74,6,18743,8443,16.0,0,34,0,56,20,0
74,6,41760,8443,17.0,0,34,0,118,20,0
301,17,14396,53,0.0,0,242,0,128,20,0
66,6,61570,443,16.0,0,26,0,56,20,0
130,6,64343,22,16.0,0,90,0,128,20,0
55,6,14426,80,2.0,0,0,0,13,20,1
66,6,46319,22,24.0,0,26,0,64,20,0
150,6,24261,8000,0.18,0,110,0,255,20,0
184,6,22502,22,16.0,0,144,0,128,20,0
1374,6,39673,22,2.0,0,1334,0,60,20,0
54,6,5078,443,24.0,0,14,0,55,20,0
395,17,57294,53,0.0,0,366,0,64,20,0
130,17,10713,53,0.0,0,89,0,128,20,0
191,6,50298,80,0.18,0,151,0,64,20,0
184,6,45673,22,24.0,0,144,0,128,20,0
626,6,34450,8080,2.0,0,586,0,128,20,0
210,6,56184,22,16.0,0,170,0,56,20,0
1381,6,4083,80,16.0,0,1341,0,255,20,0
41,6,57861,80,2.0,0,0,0,4,20,1
810,6,12981,443,16.0,0,770,0,49,20,0
258,6,65130,22,16.0,0,218,0,64,20,0
125,6,57867,8080,17.0,0,85,0,57,20,0
247,6,23987,53,0.0,0,207,0,128,20,0
1033,17,24162,121,0.0,0,1422,0,3,20,1
54,6,40577,443,16.0,0,14,0,56,20,0
269,6,27560,443,18.0,0,229,0,60,20,0
178,17,16430,53,0.0,0,39,0,128,20,0
66,6,21770,443,18.0,0,26,0,49,20,0
88,1,0,0,0.0,8,43,0,8,20,1
114,6,1801,22,24.0,0,74,0,128,20,0
1156,6,43396,53,2.0,0,1116,0,60,20,0
74,6,2492,443,16.0,0,34,0,64,20,0
432,6,9246,80,0.18,0,392,0,56,20,0
52,6,10698,80,2.0,0,0,0,2,20,1
345,17,25464,53,0.0,0,411,0,128,20,0
258,6,4292,22,16.0,0,218,0,64,20,0
66,6,37754,443,16.0,0,26,0,118,20,0
554,6,48855,8080,0.18,0,514,0,255,20,0
130,6,62079,22,24.0,0,90,0,64,20,0
74,6,31631,8443,18.0,0,34,0,56,20,0
266,6,30018,8080,17.0,0,226,0,56,20,0
54,6,49152,443,24.0,0,14,0,58,20,0
375,17,54780,53,0.0,0,223,0,128,20,0
269,6,52088,443,24.0,0,229,0,49,20,0
68,1,0,0,0.0,8,21,0,19,20,1
130,6,46576,22,16.0,0,90,0,128,20,0
184,6,50968,22,24.0,0,144,0,64,20,0
66,6,36339,443,24.0,0,26,0,56,20,0
556,6,3679,80,0.0,0,516,0,128,20,0
1249,6,14006,443,16.0,0,1209,0,52,20,0
1118,6,57497,8080,0.18,0,1078,0,128,20,0
428,17,54802,53,0.0,0,230,0,64,20,0
66,6,61559,22,24.0,0,26,0,128,20,0
127,6,10697,443,24.0,0,87,0,120,20,0
200,6,62407,8080,2.0,0,160,0,128,20,0
130,6,42765,22,16.0,0,90,0,128,20,0
1336,6,40079,443,24.0,0,1296,0,64,20,0
1276,6,29448,8080,0.18,0,1236,0,128,20,0
162,6,50031,22,24.0,0,122,0,64,20,0
1464,17,51928,5432,0.0,0,1424,0,128,20,0
714,6,57714,80,2.0,0,674,0,128,20,0
74,6,52820,443,16.0,0,34,0,128,20,0
66,6,50305,8443,2.0,0,26,0,56,20,0
167,6,47829,443,17.0,0,127,0,55,20,0
385,6,28753,8080,16.0,0,345,0,64,20,0
1213,6,62531,443,2.0,0,1173,0,55,20,0
170,6,51546,8000,0.18,0,130,0,255,20,0
184,6,8618,22,24.0,0,144,0,128,20,0
162,6,51658,22,24.0,0,122,0,64,20,0
406,6,2593,5432,24.0,0,366,0,64,20,0
56,1,0,0,0.0,8,14,0,1,20,1
113,6,49415,8080,17.0,0,73,0,255,20,0
380,17,41815,5432,0.0,0,340,0,255,20,0
144,6,24046,80,17.0,0,104,0,255,20,0
1395,17,1409,243,0.0,0,1132,1,7,20,1
1088,6,39531,8443,24.0,0,1048,0,119,20,0
54,6,1859,443,17.0,0,14,0,56,20,0
227,6,52057,8443,17.0,0,187,0,55,20,0
74,6,8373,8443,2.0,0,34,0,118,20,0
1257,6,13503,443,16.0,0,1217,0,115,20,0
132,6,21679,443,24.0,0,92,0,128,20,0
54,6,28451,3823,2.0,0,0,0,64,20,1
580,6,42666,8080,17.0,0,540,0,58,20,0
305,6,39103,80,2.0,0,265,0,128,20,0
74,6,62509,8443,16.0,0,34,0,57,20,0
45,1,0,0,0.0,8,21,0,2,20,1
1029,17,6012,5432,2.0,0,989,0,128,20,0
1361,6,61925,8080,24.0,0,1321,0,128,20,0
66,6,28175,8443,16.0,0,26,0,51,20,0
154,17,35579,53,0.0,0,40,0,64,20,0
683,6,28311,80,0.0,0,643,0,56,20,0
1129,1,52851,5432,2.0,0,1089,0,56,20,0
43,6,50754,30173,2.0,0,0,0,64,20,1
1215,17,46706,443,0.0,0,1175,0,60,20,0
49,6,21392,80,0.18,0,9,0,64,20,0
1002,6,48148,443,16.0,0,962,0,117,20,0
54,6,45372,443,16.0,0,14,0,55,20,0
1452,6,50888,443,17.0,0,1412,0,64,20,0
66,6,6653,8443,17.0,0,26,0,58,20,0
1090,6,36377,443,2.0,0,1050,0,128,20,0
41,6,22921,80,2.0,0,0,0,18,20,1
1369,6,47239,80,17.0,0,1329,0,56,20,0
371,17,38627,53,0.0,0,52,0,128,20,0
68,17,25600,53,0.0,0,403,0,128,20,0
58,6,8696,51923,2.0,0,0,0,64,20,1
125,6,4839,8443,16.0,0,85,0,128,20,0
303,6,25865,3306,2.0,0,263,0,255,20,0
95,6,28542,8443,16.0,0,55,0,128,20,0
1345,6,17402,443,0.0,0,1305,0,56,20,0
130,6,62102,22,24.0,0,90,0,64,20,0
74,6,31157,443,16.0,0,34,0,56,20,0
1409,6,30456,5432,16.0,0,1369,0,128,20,0
1210,17,23935,116,0.0,0,1121,1,1,20,1
252,6,55486,8080,2.0,0,212,0,57,20,0
128,6,53951,80,17.0,0,88,0,60,20,0
66,6,16494,8443,16.0,0,26,0,55,20,0
670,17,58066,53,17.0,0,630,0,56,20,0
1378,17,52266,956,0.0,0,1074,0,7,20,1
90,6,44532,22,16.0,0,50,0,128,20,0
66,6,63835,443,18.0,0,26,0,49,20,0
117,6,19236,80,17.0,0,77,0,57,20,0
953,6,18321,8000,16.0,0,913,0,57,20,0
346,17,63006,53,0.0,0,218,0,128,20,0
54,6,39194,443,16.0,0,14,0,55,20,0
1216,6,53653,80,0.18,0,1176,0,255,20,0
258,6,29501,22,16.0,0,218,0,64,20,0
90,1,0,0,0.0,8,44,0,12,20,1
184,6,50290,22,24.0,0,144,0,64,20,0
434,17,64693,53,0.0,0,445,0,64,20,0
56,6,12275,53748,2.0,0,0,0,64,20,1
464,6,26363,5432,17.0,0,424,0,60,20,0
66,6,29671,22,16.0,0,26,0,64,20,0
258,6,31155,8080,2.0,0,218,0,255,20,0
1060,6,32121,443,24.0,0,1020,0,58,20,0
889,6,60215,80,16.0,0,849,0,64,20,0
597,6,3958,443,24.0,0,557,0,60,20,0
1510,6,37419,443,2.0,0,1460,0,60,20,0
43,1,0,0,0.0,8,21,0,3,20,1
1221,17,14580,45,0.0,0,1281,0,4,20,1
60,17,53864,53,0.0,0,440,0,64,20,0
66,6,11913,8443,16.0,0,26,0,55,20,0
1302,6,15165,8443,18.0,0,1262,0,119,20,0
1326,6,62847,8443,16.0,0,1286,0,49,20,0
43,6,17306,80,2.0,0,0,0,16,20,1
190,6,38558,8443,16.0,0,150,0,57,20,0
54,6,45945,443,24.0,0,14,0,58,20,0
1290,6,52490,8080,17.0,0,1250,0,128,20,0
66,6,13416,8443,24.0,0,26,0,51,20,0
138,6,23784,8080,16.0,0,98,0,64,20,0
74,6,48826,443,16.0,0,34,0,120,20,0
74,6,9094,8443,16.0,0,34,0,54,20,0
74,6,45656,8443,16.0,0,34,0,119,20,0
177,6,23015,8443,2.0,0,137,0,119,20,0
87,6,20133,5432,16.0,0,47,0,56,20,0
54,6,31578,8443,16.0,0,14,0,51,20,0
360,17,8230,53,0.0,0,275,0,64,20,0
54,6,43857,8443,18.0,0,14,0,54,20,0
431,17,29523,53,0.0,0,346,0,64,20,0
162,6,60070,22,24.0,0,122,0,64,20,0
438,6,8304,8080,17.0,0,398,0,56,20,0
160,17,22082,53,0.0,0,170,0,64,20,0
451,17,51131,53,0.0,0,223,0,64,20,0
382,17,1538,3306,16.0,0,342,0,56,20,0
417,17,38903,53,0.0,0,305,0,64,20,0
54,6,40661,80,2.0,0,0,0,2,20,1
1145,6,33761,5432,24.0,0,1105,0,255,20,0
74,6,29877,8443,16.0,0,34,0,57,20,0
139,17,25886,53,0.0,0,161,0,128,20,0
85,1,0,0,0.0,8,11,0,2,20,1
90,17,63956,53,0.0,0,348,0,128,20,0
164,17,41402,53,24.0,0,124,0,255,20,0
118,6,39522,8443,16.0,0,78,0,58,20,0
66,6,38662,22,16.0,0,26,0,64,20,0
66,6,33571,22,16.0,0,26,0,64,20,0
371,17,14914,53,0.0,0,440,0,128,20,0
201,17,41664,53,0.0,0,319,0,64,20,0
377,6,13357,5432,24.0,0,337,0,64,20,0
281,6,26033,8443,18.0,0,241,0,56,20,0
74,6,26105,443,16.0,0,34,0,64,20,0
427,17,1924,53,0.0,0,181,0,128,20,0
277,17,2380,53,0.0,0,76,0,128,20,0
66,17,65087,22,16.0,0,26,0,255,20,0
231,6,16816,443,16.0,0,191,0,58,20,0
74,6,17600,443,16.0,0,34,0,55,20,0
122,6,65412,80,16.0,0,82,0,64,20,0
1405,6,35235,8080,0.18,0,1365,0,58,20,0
66,6,37042,8443,18.0,0,26,0,128,20,0
525,6,17407,8080,16.0,0,485,0,58,20,0
808,6,50489,8080,2.0,0,768,0,255,20,0
184,6,10406,22,16.0,0,144,0,128,20,0
126,6,60843,8000,2.0,0,86,0,56,20,0
1232,17,44539,805,0.0,0,1217,1,8,20,1
956,6,15977,8443,16.0,0,916,0,64,20,0
1353,17,44611,22,17.0,0,1313,0,255,20,0
1471,6,45524,22,24.0,0,1431,0,255,20,0
46,6,6440,62603,2.0,0,0,0,64,20,1
114,6,39613,22,16.0,0,74,0,128,20,0
1257,6,25654,80,17.0,0,1217,0,64,20,0
276,6,33790,443,16.0,0,236,0,52,20,0
54,6,45438,8443,2.0,0,14,0,58,20,0
32,1,0,0,0.0,8,51,0,11,20,1
43,6,50829,47024,2.0,0,0,0,64,20,1
74,6,62589,443,24.0,0,34,0,115,20,0
74,6,14463,8443,18.0,0,34,0,64,20,0
1264,17,13491,256,0.0,0,1081,1,3,20,1
207,6,29153,443,16.0,0,167,0,117,20,0
66,6,42041,443,16.0,0,26,0,128,20,0
1512,6,23433,80,2.0,0,1460,0,58,20,0
66,6,48442,22,16.0,0,26,0,64,20,0
641,6,48628,443,24.0,0,601,0,56,20,0
114,6,59480,22,24.0,0,74,0,128,20,0
74,6,18656,8443,16.0,0,34,0,115,20,0
483,17,33283,53,0.0,0,108,0,64,20,0
65,17,35092,53,0.0,0,287,0,128,20,0
217,6,6041,80,17.0,0,177,0,57,20,0
114,6,60446,22,16.0,0,74,0,128,20,0
321,17,32036,53,0.0,0,421,0,128,20,0
327,17,52079,53,0.0,0,175,0,128,20,0
382,6,43943,53,2.0,0,342,0,255,20,0
1110,6,30787,8080,0.0,0,1070,0,64,20,0
1460,6,36163,8443,16.0,0,1420,0,52,20,0
178,6,27684,443,17.0,0,138,0,56,20,0
54,6,39938,443,17.0,0,14,0,56,20,0
51,6,21549,59682,2.0,0,0,0,64,20,1
276,6,61493,8080,16.0,0,236,0,128,20,0
321,17,62120,53,0.0,0,125,0,128,20,0
84,17,15732,53,0.0,0,96,0,128,20,0
840,6,40715,8443,16.0,0,800,0,56,20,0
1466,17,5395,298,0.0,0,1361,1,7,20,1
108,17,25923,53,0.0,0,125,0,128,20,0
558,1,5469,53,16.0,0,518,0,64,20,0
90,6,24284,22,16.0,0,50,0,128,20,0
243,6,14312,8443,16.0,0,203,0,60,20,0
114,6,61043,22,24.0,0,74,0,64,20,0
224,6,41016,22,16.0,0,184,0,128,20,0
66,6,14021,8443,24.0,0,26,0,51,20,0
150,6,59249,80,16.0,0,110,0,128,20,0
66,6,46784,8443,16.0,0,26,0,57,20,0
490,6,13460,80,0.18,0,450,0,128,20,0
939,17,19005,80,24.0,0,899,0,60,20,0
97,6,32154,80,17.0,0,57,0,255,20,0
54,6,47513,443,16.0,0,14,0,49,20,0
108,17,12180,53,24.0,0,68,0,128,20,0
1052,6,22295,443,17.0,0,1012,0,56,20,0
47,6,19125,80,2.0,0,0,0,11,20,1
66,6,10271,8443,16.0,0,26,0,60,20,0
1499,6,43906,8080,24.0,0,1459,0,255,20,0
90,6,17543,22,16.0,0,50,0,128,20,0
877,6,51275,443,16.0,0,837,0,115,20,0
1260,17,24226,8080,17.0,0,1220,0,64,20,0
1209,6,5861,443,24.0,0,1169,0,118,20,0
74,6,5950,8443,18.0,0,34,0,120,20,0
44,6,30801,80,2.0,0,0,0,3,20,1
258,6,29996,22,16.0,0,218,0,128,20,0
77,6,45203,8000,17.0,0,37,0,255,20,0
499,17,18376,53,0.0,0,234,0,128,20,0
96,6,26271,80,2.0,0,56,0,57,20,0
1029,17,33602,879,0.0,0,1368,0,5,20,1
282,17,20017,53,0.0,0,264,0,128,20,0
1027,1,50886,80,24.0,0,987,0,255,20,0
56,6,38070,44250,2.0,0,0,0,64,20,1
208,6,61532,443,16.0,0,168,0,120,20,0
569,6,61365,22,16.0,0,529,0,56,20,0
114,6,4367,22,16.0,0,74,0,64,20,0
130,6,17320,22,24.0,0,90,0,128,20,0
295,6,29690,8443,16.0,0,255,0,119,20,0
105,6,38273,80,17.0,0,65,0,57,20,0
122,6,46425,8000,2.0,0,82,0,128,20,0
1327,17,38828,868,0.0,0,1024,0,7,20,1
77,1,0,0,0.0,8,10,0,17,20,1
258,6,27658,22,24.0,0,218,0,64,20,0
48,6,57191,43229,2.0,0,0,0,64,20,1
811,6,3740,3306,24.0,0,771,0,56,20,0
1316,6,62514,22,16.0,0,1276,0,255,20,0
54,6,29730,8443,24.0,0,14,0,52,20,0
62,1,0,0,0.0,8,37,0,19,20,1
484,17,42306,53,0.0,0,145,0,64,20,0
66,6,37878,443,17.0,0,26,0,55,20,0
181,6,36257,8000,2.0,0,141,0,58,20,0
456,17,3945,53,0.0,0,240,0,128,20,0
198,17,53084,53,0.0,0,111,0,64,20,0
353,1,6428,53,24.0,0,313,0,60,20,0
55,6,45741,787,2.0,0,0,0,64,20,1
373,6,38654,8000,0.18,0,333,0,64,20,0
840,6,44403,53,24.0,0,800,0,255,20,0
958,6,39768,5432,2.0,0,918,0,128,20,0
1325,6,47740,80,0.18,0,1285,0,58,20,0
66,6,21258,22,24.0,0,26,0,128,20,0
896,6,1669,53,17.0,0,856,0,64,20,0
1312,6,47875,8443,16.0,0,1272,0,119,20,0
1476,17,62532,747,0.0,0,1415,1,9,20,1
637,6,64852,80,2.0,0,597,0,128,20,0
54,6,25728,443,2.0,0,14,0,58,20,0
1313,17,45032,624,0.0,0,1415,1,6,20,1
66,6,31568,8443,16.0,0,26,0,58,20,0
113,6,39493,8080,2.0,0,73,0,57,20,0
89,1,0,0,0.0,8,8,0,16,20,1
66,17,28314,53,0.0,0,418,0,64,20,0
461,6,45471,3306,16.0,0,421,0,60,20,0
54,6,33308,443,17.0,0,14,0,49,20,0
54,6,11410,443,16.0,0,14,0,55,20,0
178,17,43935,53,0.0,0,406,0,64,20,0
215,6,25556,22,0.0,0,175,0,60,20,0
912,6,14131,8443,16.0,0,872,0,128,20,0
114,6,35570,22,16.0,0,74,0,64,20,0
114,6,39426,22,24.0,0,74,0,64,20,0
1428,17,52173,5432,16.0,0,1388,0,255,20,0
141,6,50286,8080,16.0,0,101,0,58,20,0
41,6,58199,80,2.0,0,0,0,3,20,1
880,6,12373,80,24.0,0,840,0,60,20,0
134,6,29271,8000,0.18,0,94,0,57,20,0
93,1,0,0,0.0,8,6,0,1,20,1
362,17,46286,53,0.0,0,63,0,128,20,0
74,6,20905,8443,24.0,0,34,0,118,20,0
79,6,41848,8000,16.0,0,39,0,56,20,0
55,6,47319,80,2.0,0,0,0,10,20,1
54,6,38316,8443,16.0,0,14,0,64,20,0
928,17,13788,443,17.0,0,888,0,255,20,0
43,6,16800,32092,2.0,0,0,0,64,20,1
1104,6,41094,8080,24.0,0,1064,0,255,20,0
117,17,50698,53,0.0,0,176,0,64,20,0
250,17,60825,53,0.0,0,448,0,128,20,0
162,6,54191,22,24.0,0,122,0,64,20,0
619,6,28350,80,0.18,0,579,0,128,20,0
1468,6,8963,8080,2.0,0,1428,0,128,20,0
424,17,3266,53,0.0,0,385,0,64,20,0
114,6,9661,22,16.0,0,74,0,128,20,0
74,6,14404,8443,18.0,0,34,0,55,20,0
1508,17,20036,80,24.0,0,1460,0,56,20,0
227,6,59526,443,24.0,0,187,0,64,20,0
1415,17,42966,5432,17.0,0,1375,0,255,20,0
54,6,23730,443,16.0,0,14,0,54,20,0
607,6,27419,443,17.0,0,567,0,64,20,0
162,6,40942,22,16.0,0,122,0,128,20,0
972,17,36129,22,16.0,0,932,0,56,20,0
74,6,37808,8443,16.0,0,34,0,56,20,0
54,6,18817,443,16.0,0,14,0,56,20,0
49,6,43140,80,2.0,0,0,0,16,20,1
1488,6,46713,8443,16.0,0,1448,0,58,20,0
66,6,22085,8443,16.0,0,26,0,120,20,0
1343,17,48600,574,0.0,0,1400,0,3,20,1
1357,6,2838,443,24.0,0,1317,0,120,20,0
258,6,28174,22,24.0,0,218,0,128,20,0
185,6,7224,22,17.0,0,145,0,255,20,0
1150,17,62051,443,24.0,0,1110,0,64,20,0
107,6,47661,80,2.0,0,67,0,60,20,0
54,6,50688,443,2.0,0,14,0,54,20,0
74,6,43931,8443,16.0,0,34,0,115,20,0
42,6,17896,80,2.0,0,0,0,7,20,1
114,6,16676,22,16.0,0,74,0,128,20,0
258,6,34541,22,24.0,0,218,0,64,20,0
136,17,59779,53,0.0,0,171,0,128,20,0
1101,17,43423,714,0.0,0,1039,0,9,20,1
43,6,8923,80,2.0,0,0,0,8,20,1
74,6,61677,443,16.0,0,34,0,64,20,0
1495,6,63248,8443,17.0,0,1455,0,49,20,0
327,17,53262,53,0.0,0,421,0,128,20,0
56,6,22040,80,2.0,0,0,0,8,20,1
1011,6,26613,53,16.0,0,971,0,128,20,0
41,6,29055,80,2.0,0,0,0,7,20,1
680,6,51408,80,17.0,0,640,0,58,20,0
456,6,47517,3306,0.0,0,416,0,128,20,0
67,6,43226,3306,0.0,0,27,0,255,20,0
54,6,23908,443,17.0,0,14,0,64,20,0
191,6,23092,8080,0.18,0,151,0,58,20,0
395,17,16257,53,0.0,0,85,0,128,20,0
164,6,42470,8000,17.0,0,124,0,57,20,0
126,6,43204,8080,17.0,0,86,0,57,20,0
1433,6,24189,443,16.0,0,1393,0,119,20,0
40,6,22936,48367,2.0,0,0,0,64,20,1
139,6,50440,8000,2.0,0,99,0,57,20,0
1242,6,10705,3306,2.0,0,1202,0,128,20,0
54,6,46746,8443,18.0,0,14,0,54,20,0
82,6,64329,8000,17.0,0,42,0,255,20,0
74,6,43943,8443,16.0,0,34,0,49,20,0
68,6,27979,80,0.18,0,28,0,255,20,0
54,6,44988,8443,16.0,0,14,0,58,20,0
94,17,65451,53,0.0,0,464,0,128,20,0
420,17,13922,53,0.0,0,352,0,64,20,0
92,1,0,0,0.0,8,23,0,15,20,1
1275,6,43985,8080,16.0,0,1235,0,56,20,0
1231,6,9401,8080,17.0,0,1191,0,56,20,0
1265,6,44006,3306,0.0,0,1225,0,128,20,0
130,6,26233,22,16.0,0,90,0,128,20,0
1131,17,58756,157,0.0,0,1088,1,7,20,1
1074,17,10070,443,17.0,0,1034,0,60,20,0
76,6,17275,8080,0.18,0,36,0,64,20,0
130,6,44776,22,16.0,0,90,0,64,20,0
54,6,16211,443,24.0,0,14,0,58,20,0
146,6,49071,8080,2.0,0,106,0,255,20,0
74,6,40065,443,24.0,0,34,0,57,20,0
74,6,38552,443,2.0,0,34,0,117,20,0
54,6,55493,443,17.0,0,14,0,49,20,0
830,6,11961,8080,0.18,0,790,0,56,20,0
841,6,46307,8443,2.0,0,801,0,56,20,0
1226,17,21099,161,0.0,0,1266,0,3,20,1
162,6,61590,22,16.0,0,122,0,64,20,0
44,6,55611,80,2.0,0,0,0,3,20,1
496,17,5008,53,0.0,0,83,0,64,20,0
600,6,12159,53,16.0,0,560,0,56,20,0
1444,6,4285,443,16.0,0,1404,0,255,20,0
161,6,35232,80,2.0,0,121,0,58,20,0
1122,6,9167,3306,2.0,0,1082,0,64,20,0
532,6,40164,80,17.0,0,492,0,57,20,0
50,6,39631,40081,2.0,0,0,0,64,20,1
48,1,0,0,0.0,8,0,0,18,20,1
927,6,8549,5432,17.0,0,887,0,56,20,0
1268,6,27894,443,16.0,0,1228,0,117,20,0
325,6,54955,443,2.0,0,285,0,60,20,0
130,6,2845,22,16.0,0,90,0,64,20,0
87,1,0,0,0.0,8,13,0,19,20,1
1414,6,31490,8080,2.0,0,1374,0,56,20,0
1046,6,2821,80,2.0,0,1006,0,58,20,0
1104,6,27094,80,17.0,0,1064,0,60,20,0
90,6,30052,22,24.0,0,50,0,64,20,0
66,6,46796,8443,16.0,0,26,0,55,20,0
54,6,49377,8443,16.0,0,14,0,52,20,0
615,6,30391,5432,0.0,0,575,0,60,20,0
369,6,5157,8080,17.0,0,329,0,60,20,0
235,6,26691,443,16.0,0,195,0,128,20,0
1094,17,56178,992,0.0,0,1140,1,4,20,1
233,6,24091,8443,16.0,0,193,0,52,20,0
162,6,57602,22,24.0,0,122,0,128,20,0
184,6,39872,8080,24.0,0,144,0,56,20,0
266,17,1892,53,0.0,0,321,0,64,20,0
1350,6,31815,8443,16.0,0,1310,0,64,20,0
183,6,51280,8443,16.0,0,143,0,49,20,0
66,6,5622,8443,24.0,0,26,0,52,20,0
54,6,36675,443,16.0,0,14,0,57,20,0
66,6,18097,22,24.0,0,26,0,64,20,0
1211,17,15289,633,0.0,0,1003,0,3,20,1
66,6,32109,443,24.0,0,26,0,55,20,0
114,6,37146,22,24.0,0,74,0,64,20,0
90,6,46068,22,16.0,0,50,0,128,20,0
54,6,19670,443,24.0,0,14,0,128,20,0
193,17,37443,53,0.0,0,464,0,64,20,0
1053,6,58717,8080,16.0,0,1013,0,58,20,0
90,6,15225,22,24.0,0,50,0,64,20,0
612,6,23702,22,24.0,0,572,0,255,20,0
114,6,55584,22,16.0,0,74,0,64,20,0
1073,17,2068,554,0.0,0,1256,1,1,20,1
1412,6,14040,8443,24.0,0,1372,0,55,20,0
987,17,29954,8080,17.0,0,947,0,60,20,0
295,6,11753,80,16.0,0,255,0,56,20,0
54,6,51209,443,16.0,0,14,0,57,20,0
836,6,14142,8080,2.0,0,796,0,128,20,0
66,6,15351,8443,16.0,0,26,0,128,20,0
187,6,11814,8080,0.18,0,147,0,57,20,0
66,6,36182,22,24.0,0,26,0,128,20,0
258,6,49527,22,24.0,0,218,0,128,20,0
1207,6,6627,8443,16.0,0,1167,0,55,20,0
114,6,62373,22,16.0,0,74,0,64,20,0
74,6,17916,8443,16.0,0,34,0,128,20,0
53,6,5833,8080,2.0,0,13,0,56,20,0
1444,6,19950,8080,2.0,0,1404,0,56,20,0
91,17,9787,53,16.0,0,51,0,128,20,0
74,6,16910,443,24.0,0,34,0,128,20,0
184,6,23036,22,16.0,0,144,0,64,20,0
74,6,6084,8443,16.0,0,34,0,51,20,0
234,17,51147,53,0.0,0,59,0,128,20,0
1339,6,47045,22,17.0,0,1299,0,128,20,0
1191,17,48785,956,0.0,0,1435,1,9,20,1
66,6,35748,8443,16.0,0,26,0,52,20,0
74,6,10861,8443,16.0,0,34,0,51,20,0
195,6,3171,443,16.0,0,155,0,49,20,0
80,6,6526,80,2.0,0,40,0,64,20,0
71,17,40052,53,0.0,0,287,0,64,20,0
1075,6,61609,8080,0.18,0,1035,0,58,20,0
335,17,60155,53,0.0,0,444,0,64,20,0
939,6,20531,80,16.0,0,899,0,58,20,0
225,6,37235,5432,17.0,0,185,0,255,20,0
71,17,55704,53,0.0,0,108,0,128,20,0
66,6,61630,22,16.0,0,26,0,128,20,0
733,17,41122,3306,24.0,0,693,0,56,20,0
66,6,31365,443,16.0,0,26,0,58,20,0
130,6,56361,22,16.0,0,90,0,64,20,0
54,6,47015,443,2.0,0,14,0,58,20,0
87,1,0,0,0.0,8,36,0,8,20,1
54,6,49467,443,16.0,0,14,0,51,20,0
162,6,47340,22,24.0,0,122,0,128,20,0
129,6,33969,22,17.0,0,89,0,60,20,0
1343,17,55850,669,0.0,0,1295,0,8,20,1
384,6,35055,8080,0.18,0,344,0,56,20,0
233,6,47064,8443,16.0,0,193,0,118,20,0
74,6,7755,8443,16.0,0,34,0,119,20,0
763,6,62541,5432,24.0,0,723,0,64,20,0
410,6,19193,53,24.0,0,370,0,255,20,0
184,6,42517,22,16.0,0,144,0,128,20,0
850,6,42160,443,2.0,0,810,0,120,20,0
1257,17,38563,169,0.0,0,1149,1,9,20,1
267,17,54242,8080,16.0,0,227,0,128,20,0
1290,6,58128,443,16.0,0,1250,0,49,20,0
133,17,22429,53,16.0,0,93,0,56,20,0
54,6,32754,8443,16.0,0,14,0,54,20,0
899,6,61647,80,0.18,0,859,0,128,20,0
415,17,62604,53,0.0,0,342,0,64,20,0
368,6,56952,8080,17.0,0,328,0,57,20,0
1403,6,10169,8443,16.0,0,1363,0,51,20,0
1043,6,42463,8443,24.0,0,1003,0,49,20,0
210,17,16027,53,0.0,0,466,0,64,20,0
1115,6,40616,443,24.0,0,1075,0,255,20,0
1488,17,18464,753,0.0,0,1146,1,1,20,1
114,6,22407,22,16.0,0,74,0,128,20,0
130,6,21418,22,16.0,0,90,0,128,20,0
327,17,40720,53,0.0,0,429,0,64,20,0
64,6,38456,8080,16.0,0,24,0,57,20,0
1006,17,21839,855,0.0,0,1143,1,1,20,1
66,6,43103,443,16.0,0,26,0,49,20,0
1499,6,58729,443,16.0,0,1459,0,55,20,0
66,6,44444,8443,24.0,0,26,0,58,20,0
66,6,36457,22,24.0,0,26,0,64,20,0
843,6,6083,53,0.0,0,803,0,255,20,0
74,6,1888,8443,16.0,0,34,0,117,20,0
1357,6,47554,53,16.0,0,1317,0,56,20,0
1134,6,27017,80,2.0,0,1094,0,64,20,0
203,17,46153,53,0.0,0,65,0,64,20,0
278,6,38959,22,0.0,0,238,0,64,20,0
90,6,15243,22,16.0,0,50,0,128,20,0
333,6,3614,8080,0.18,0,293,0,56,20,0
79,1,0,0,0.0,8,18,0,8,20,1
1266,6,28371,53,17.0,0,1226,0,60,20,0
1148,6,49827,443,16.0,0,1108,0,58,20,0
603,17,23004,22,2.0,0,563,0,128,20,0
1383,6,56024,22,24.0,0,1343,0,60,20,0
427,17,13398,53,0.0,0,244,0,64,20,0
1488,17,1669,80,2.0,0,1448,0,56,20,0
344,17,52758,22,16.0,0,304,0,255,20,0
258,6,29895,22,16.0,0,218,0,128,20,0
220,17,50958,53,0.0,0,252,0,64,20,0
1257,6,24108,3306,24.0,0,1217,0,128,20,0
175,17,12371,80,17.0,0,135,0,60,20,0
74,6,45702,443,24.0,0,34,0,118,20,0
82,1,0,0,0.0,8,9,0,18,20,1
149,6,61716,8080,2.0,0,109,0,56,20,0
269,17,38634,53,0.0,0,300,0,128,20,0
274,6,22733,443,18.0,0,234,0,120,20,0
54,6,26413,8443,16.0,0,14,0,55,20,0
90,6,18009,22,16.0,0,50,0,128,20,0
401,17,16926,53,0.0,0,267,0,64,20,0
66,6,3179,443,16.0,0,26,0,52,20,0
165,6,4972,8000,2.0,0,125,0,57,20,0
114,6,40358,22,24.0,0,74,0,64,20,0
74,6,26449,8443,16.0,0,34,0,54,20,0
204,6,22626,8080,17.0,0,164,0,56,20,0
309,6,56024,8080,0.18,0,269,0,57,20,0
74,6,16396,8443,16.0,0,34,0,57,20,0
1088,17,23322,443,0.0,0,1048,0,128,20,0
1319,6,28797,443,18.0,0,1279,0,56,20,0
91,6,35383,8000,17.0,0,51,0,255,20,0
982,6,34600,443,16.0,0,942,0,119,20,0
269,6,33053,8080,17.0,0,229,0,64,20,0
74,6,42326,8443,2.0,0,34,0,52,20,0
162,6,60955,22,24.0,0,122,0,128,20,0
162,17,12968,53,0.0,0,432,0,64,20,0
230,6,34555,8000,16.0,0,190,0,56,20,0
131,17,63418,53,0.0,0,287,0,64,20,0
47,6,50912,80,2.0,0,0,0,16,20,1
239,6,13500,8443,2.0,0,199,0,118,20,0
344,17,26653,53,0.0,0,408,0,64,20,0
1275,6,52357,443,16.0,0,1235,0,49,20,0
54,6,42469,8443,18.0,0,14,0,58,20,0
66,6,1167,443,16.0,0,26,0,49,20,0
1453,6,15573,443,2.0,0,1413,0,57,20,0
77,6,24330,8080,16.0,0,37,0,255,20,0
54,6,47039,8443,24.0,0,14,0,64,20,0
49,6,9910,80,2.0,0,0,0,28,20,1
121,17,62869,53,0.0,0,166,0,64,20,0
904,6,32993,22,17.0,0,864,0,64,20,0
68,1,0,0,0.0,8,50,0,4,20,1
1462,17,62664,454,0.0,0,989,1,8,20,1
66,6,63556,443,16.0,0,26,0,58,20,0
1045,6,59495,8000,0.18,0,1005,0,57,20,0
1494,6,33583,443,16.0,0,1454,0,255,20,0
189,6,57212,8080,17.0,0,149,0,58,20,0
74,6,62216,8443,16.0,0,34,0,58,20,0
1509,6,47069,443,16.0,0,1460,0,119,20,0
115,6,4538,8000,0.18,0,75,0,56,20,0
66,6,5497,22,24.0,0,26,0,64,20,0
54,6,32446,8443,24.0,0,14,0,120,20,0
1499,17,47331,555,0.0,0,1160,1,6,20,1
189,6,20875,8080,2.0,0,149,0,255,20,0
130,6,2674,22,16.0,0,90,0,128,20,0
58,6,28015,49859,2.0,0,0,0,64,20,1
184,6,61976,22,24.0,0,144,0,64,20,0
215,6,28224,443,18.0,0,175,0,118,20,0
162,6,33685,22,16.0,0,122,0,128,20,0
54,6,61126,443,16.0,0,14,0,60,20,0
61,1,0,0,0.0,8,17,0,10,20,1
114,6,35067,22,24.0,0,74,0,128,20,0
299,6,16951,8443,16.0,0,259,0,119,20,0
1384,6,50192,80,0.18,0,1344,0,57,20,0
114,6,1034,22,24.0,0,74,0,128,20,0
54,6,8038,55818,2.0,0,0,0,64,20,1
114,6,14778,22,24.0,0,74,0,128,20,0
237,6,55554,8443,18.0,0,197,0,115,20,0
121,6,43261,3306,17.0,0,81,0,128,20,0
66,6,63898,443,17.0,0,26,0,55,20,0
74,6,64777,443,24.0,0,34,0,56,20,0
487,17,63758,53,0.0,0,396,0,128,20,0
293,6,46250,443,16.0,0,253,0,58,20,0
66,6,41121,443,16.0,0,26,0,119,20,0
412,17,15703,53,0.0,0,413,0,64,20,0
240,6,46954,8000,16.0,0,200,0,128,20,0
683,17,12742,53,17.0,0,643,0,255,20,0
1434,6,14417,443,16.0,0,1394,0,60,20,0
91,6,21295,8000,2.0,0,51,0,128,20,0
210,17,30594,53,0.0,0,385,0,64,20,0
39,1,0,0,0.0,8,13,0,19,20,1
162,6,12873,22,24.0,0,122,0,64,20,0
481,6,25225,5432,2.0,0,441,0,255,20,0
430,17,48359,53,0.0,0,397,0,128,20,0
74,6,41742,443,16.0,0,34,0,60,20,0
66,6,35109,443,2.0,0,26,0,120,20,0
182,6,32440,443,24.0,0,142,0,52,20,0
54,1,0,0,0.0,8,23,0,10,20,1
168,6,5611,8000,2.0,0,128,0,255,20,0
54,6,29432,443,18.0,0,14,0,120,20,0
32,1,0,0,0.0,8,47,0,17,20,1
1149,6,6221,8443,16.0,0,1109,0,64,20,0
1416,6,37298,8080,0.0,0,1376,0,56,20,0
91,1,0,0,0.0,8,53,0,8,20,1
1358,17,15566,53,16.0,0,1318,0,60,20,0
874,6,7236,8080,17.0,0,834,0,255,20,0
1147,6,31398,8000,0.18,0,1107,0,56,20,0
66,6,40428,443,16.0,0,26,0,55,20,0
67,6,33465,80,17.0,0,27,0,56,20,0
82,1,0,0,0.0,8,40,0,6,20,1
54,6,2633,8443,24.0,0,14,0,49,20,0
950,6,31619,8443,16.0,0,910,0,57,20,0
258,6,17994,22,16.0,0,218,0,128,20,0
128,6,38211,3306,16.0,0,88,0,56,20,0
825,6,26674,443,18.0,0,785,0,51,20,0
366,6,19968,8000,17.0,0,326,0,58,20,0
52,6,44483,30138,2.0,0,0,0,64,20,1
151,17,14517,53,0.0,0,438,0,64,20,0
90,6,2141,22,24.0,0,50,0,128,20,0
162,6,38509,22,24.0,0,122,0,64,20,0
90,6,36983,22,24.0,0,50,0,128,20,0
66,6,29537,443,18.0,0,26,0,117,20,0
206,17,57403,53,0.0,0,419,0,128,20,0
458,6,52094,8080,0.18,0,418,0,255,20,0
40,6,14318,80,2.0,0,0,0,13,20,1
369,6,52327,80,16.0,0,329,0,64,20,0
968,6,50749,443,16.0,0,928,0,64,20,0
1101,6,64518,443,18.0,0,1061,0,119,20,0
65,6,61887,8080,0.18,0,25,0,56,20,0
184,6,3972,22,16.0,0,144,0,64,20,0
74,6,4364,8443,16.0,0,34,0,117,20,0
1093,17,20836,53,0.0,0,1053,0,64,20,0
1006,6,54787,443,18.0,0,966,0,128,20,0
877,6,26763,443,16.0,0,837,0,60,20,0
429,6,38566,22,17.0,0,389,0,255,20,0
53,6,9085,80,2.0,0,0,0,23,20,1
151,6,23876,443,24.0,0,111,0,51,20,0
386,17,20352,53,0.0,0,244,0,64,20,0
1164,6,55824,8443,24.0,0,1124,0,58,20,0
1382,1,53225,22,17.0,0,1342,0,60,20,0
882,17,29290,53,16.0,0,842,0,128,20,0
184,6,22092,22,24.0,0,144,0,64,20,0
407,6,34162,22,17.0,0,367,0,60,20,0
93,1,0,0,0.0,8,21,0,17,20,1
406,17,35891,53,0.0,0,68,0,128,20,0
112,6,14367,80,0.18,0,72,0,58,20,0
238,17,64131,53,0.0,0,201,0,128,20,0
904,6,55821,443,16.0,0,864,0,49,20,0
324,17,17145,53,0.0,0,281,0,64,20,0
1259,6,25351,8443,16.0,0,1219,0,52,20,0
258,17,7194,80,24.0,0,218,0,255,20,0
54,6,65351,8443,16.0,0,14,0,56,20,0
980,6,31807,3306,24.0,0,940,0,64,20,0
148,6,39855,8000,2.0,0,108,0,57,20,0
130,6,28502,22,16.0,0,90,0,64,20,0
54,6,34965,8443,16.0,0,14,0,51,20,0
123,17,63549,53,0.0,0,376,0,128,20,0
316,17,41455,53,0.0,0,273,0,128,20,0
99,1,0,0,0.0,8,23,0,3,20,1
552,17,41747,22,16.0,0,512,0,60,20,0
979,17,41222,53,0.0,0,939,0,64,20,0
114,6,15817,22,16.0,0,74,0,64,20,0
832,17,22625,443,17.0,0,792,0,128,20,0
459,6,48449,5432,17.0,0,419,0,255,20,0
66,6,63358,8443,16.0,0,26,0,120,20,0
130,6,50055,22,16.0,0,90,0,128,20,0
41,6,8965,80,2.0,0,0,0,11,20,1
1149,6,21758,8080,0.18,0,1109,0,255,20,0
91,17,15031,53,0.0,0,208,0,64,20,0
35,1,0,0,0.0,8,30,0,12,20,1
1002,17,49125,63,0.0,0,1432,0,8,20,1
922,17,34369,5432,24.0,0,882,0,56,20,0
1225,17,43272,687,0.0,0,1324,1,9,20,1
1098,17,24253,8080,16.0,0,1058,0,255,20,0
1388,6,35567,8000,16.0,0,1348,0,56,20,0
82,6,42405,8443,16.0,0,42,0,49,20,0
1264,6,8571,5432,2.0,0,1224,0,64,20,0
441,17,14343,53,16.0,0,401,0,64,20,0
56,6,43147,48408,2.0,0,0,0,64,20,1
466,17,10986,53,0.0,0,151,0,128,20,0
111,6,8149,443,24.0,0,71,0,64,20,0
66,6,16662,22,24.0,0,26,0,128,20,0
333,6,64266,22,24.0,0,293,0,255,20,0
54,6,22715,8443,16.0,0,14,0,54,20,0
184,6,6315,22,16.0,0,144,0,64,20,0
82,1,0,0,0.0,8,33,0,11,20,1
336,17,44822,53,0.0,0,272,0,128,20,0
54,6,27164,8443,18.0,0,14,0,56,20,0
165,17,39498,53,0.0,0,267,0,64,20,0
1156,6,57694,443,16.0,0,1116,0,60,20,0
48,6,26632,80,2.0,0,0,0,27,20,1
125,17,17572,53,0.0,0,70,0,128,20,0
51,6,2079,3646,2.0,0,0,0,64,20,1
331,17,24795,53,0.0,0,292,0,64,20,0
59,6,28591,27979,2.0,0,0,0,64,20,1
132,6,26673,8000,0.18,0,92,0,255,20,0
66,6,29766,8443,2.0,0,26,0,57,20,0
50,6,48716,80,2.0,0,0,0,22,20,1
249,17,37800,443,16.0,0,209,0,255,20,0
1488,6,4581,8443,16.0,0,1448,0,51,20,0
1134,6,19849,443,16.0,0,1094,0,115,20,0
640,6,10316,80,17.0,0,600,0,64,20,0
90,6,26422,22,16.0,0,50,0,128,20,0
239,17,27985,53,0.0,0,402,0,64,20,0
173,17,11903,53,0.0,0,129,0,128,20,0
66,6,56953,22,24.0,0,26,0,64,20,0
90,6,44348,22,24.0,0,50,0,128,20,0
154,6,41400,80,16.0,0,114,0,64,20,0
74,6,16503,443,16.0,0,34,0,60,20,0
68,6,31293,8080,17.0,0,28,0,57,20,0
1102,17,49169,80,24.0,0,1062,0,56,20,0
54,6,50755,443,17.0,0,14,0,56,20,0
42,1,0,0,0.0,8,45,0,11,20,1
56,6,22500,80,2.0,0,0,0,9,20,1
57,6,31825,60017,2.0,0,0,0,64,20,1
1274,17,11858,64,0.0,0,1183,0,2,20,1
901,6,42237,8443,24.0,0,861,0,56,20,0
359,6,40462,8080,16.0,0,319,0,60,20,0
92,17,55921,53,0.0,0,306,0,128,20,0
184,6,26175,22,16.0,0,144,0,128,20,0
66,6,37507,443,16.0,0,26,0,128,20,0
162,6,16775,22,24.0,0,122,0,128,20,0
705,17,46341,5432,2.0,0,665,0,56,20,0
193,6,44251,8000,0.18,0,153,0,56,20,0
394,6,51741,8080,16.0,0,354,0,64,20,0
49,6,6528,80,2.0,0,0,0,9,20,1
1491,6,52846,8443,24.0,0,1451,0,118,20,0
40,6,26649,8125,2.0,0,0,0,64,20,1
156,6,55110,80,2.0,0,116,0,57,20,0
162,6,49918,22,24.0,0,122,0,64,20,0
66,6,6233,22,24.0,0,26,0,64,20,0
49,6,26698,80,2.0,0,0,0,22,20,1
1346,6,18475,443,16.0,0,1306,0,49,20,0
66,6,50644,22,24.0,0,26,0,64,20,0
66,6,31521,443,2.0,0,26,0,115,20,0
1500,6,35196,80,0.0,0,1460,0,60,20,0
74,6,39674,443,16.0,0,34,0,60,20,0
558,6,57554,8080,0.18,0,518,0,255,20,0
434,6,56445,53,17.0,0,394,0,64,20,0
176,17,7664,53,0.0,0,66,0,128,20,0
76,6,24976,8000,17.0,0,36,0,58,20,0
525,6,24960,3306,17.0,0,485,0,56,20,0
66,6,23422,8443,16.0,0,26,0,49,20,0
90,6,33374,22,24.0,0,50,0,128,20,0
147,17,39414,53,0.0,0,444,0,64,20,0
54,6,15450,8080,2.0,0,14,0,64,20,0
95,17,49464,53,0.0,0,420,0,128,20,0
117,17,41396,53,0.0,0,465,0,64,20,0
66,6,27056,22,16.0,0,26,0,128,20,0
66,6,53385,443,24.0,0,26,0,54,20,0
453,1,55401,53,0.0,0,413,0,64,20,0
1386,6,42688,53,0.0,0,1346,0,60,20,0
73,6,60700,80,16.0,0,33,0,64,20,0
184,6,10758,22,16.0,0,144,0,64,20,0
934,6,17781,80,17.0,0,894,0,255,20,0
81,1,0,0,0.0,8,39,0,4,20,1
1252,6,8179,5432,0.0,0,1212,0,60,20,0
1344,6,5500,8000,17.0,0,1304,0,57,20,0
130,6,9719,8443,18.0,0,90,0,55,20,0
114,6,8570,22,16.0,0,74,0,128,20,0
678,6,4432,53,2.0,0,638,0,255,20,0
97,6,42609,80,17.0,0,57,0,128,20,0
254,6,2486,8443,16.0,0,214,0,118,20,0
90,1,0,0,0.0,8,26,0,14,20,1
66,6,37468,8443,24.0,0,26,0,64,20,0
55,6,61251,443,0.0,0,15,0,60,20,0
48,6,13391,80,2.0,0,0,0,19,20,1
145,6,10938,8080,0.0,0,105,0,60,20,0
172,6,22136,8080,0.0,0,132,0,60,20,0
623,6,2382,443,17.0,0,583,0,128,20,0
269,17,20559,3306,17.0,0,229,0,128,20,0
90,6,40606,22,16.0,0,50,0,128,20,0
123,17,23227,53,0.0,0,163,0,64,20,0
215,17,19565,53,0.0,0,324,0,64,20,0
141,6,21032,443,18.0,0,101,0,51,20,0
74,6,12796,443,18.0,0,34,0,115,20,0
258,6,55503,22,16.0,0,218,0,128,20,0
54,6,51961,80,2.0,0,0,0,28,20,1
74,6,45411,8443,16.0,0,34,0,55,20,0
247,6,11412,53,2.0,0,207,0,56,20,0
1243,1,61804,53,24.0,0,1203,0,56,20,0
238,17,8628,53,0.0,0,442,0,128,20,0
54,6,16140,8443,16.0,0,14,0,117,20,0
1466,6,16887,80,16.0,0,1426,0,58,20,0
54,6,20211,443,16.0,0,14,0,56,20,0
1466,6,61449,53,16.0,0,1426,0,128,20,0
258,17,25386,53,0.0,0,273,0,128,20,0
933,6,28673,8080,2.0,0,893,0,57,20,0
117,6,64416,8000,16.0,0,77,0,64,20,0
1469,6,21264,53,17.0,0,1429,0,56,20,0
54,6,64437,443,16.0,0,14,0,115,20,0
74,6,63455,443,24.0,0,34,0,52,20,0
48,6,45047,8000,0.18,0,8,0,56,20,0
1412,17,15846,445,0.0,0,1106,1,8,20,1
44,6,58353,80,2.0,0,0,0,9,20,1
74,6,57073,443,17.0,0,34,0,51,20,0
54,6,41659,443,2.0,0,14,0,118,20,0
954,6,25478,53,2.0,0,914,0,60,20,0
114,6,54981,22,16.0,0,74,0,128,20,0
1095,6,46822,80,0.18,0,1055,0,64,20,0
76,17,1681,5432,16.0,0,36,0,56,20,0
199,17,50897,53,0.0,0,437,0,64,20,0
184,6,51549,22,16.0,0,144,0,64,20,0
517,17,35964,80,16.0,0,477,0,64,20,0
1127,6,56513,8443,16.0,0,1087,0,52,20,0
66,6,39107,443,24.0,0,26,0,115,20,0
173,6,34460,8000,2.0,0,133,0,58,20,0
74,6,38368,443,17.0,0,34,0,117,20,0
64,1,0,0,0.0,8,44,0,5,20,1
42,6,35694,5368,2.0,0,0,0,64,20,1
258,6,57433,8443,16.0,0,218,0,52,20,0
114,6,40636,22,16.0,0,74,0,64,20,0
258,6,29966,22,24.0,0,218,0,64,20,0
477,17,51973,53,0.0,0,437,0,128,20,0
954,6,28200,8000,17.0,0,914,0,57,20,0
1309,6,52321,443,24.0,0,1269,0,64,20,0
1235,17,62546,924,0.0,0,999,0,3,20,1
475,17,24467,3306,17.0,0,435,0,255,20,0
54,6,35659,443,16.0,0,14,0,51,20,0
133,17,26682,53,0.0,0,247,0,128,20,0
162,6,20889,22,16.0,0,122,0,128,20,0
126,17,50918,443,24.0,0,86,0,255,20,0
1088,6,46272,53,17.0,0,1048,0,64,20,0
807,6,24089,8443,18.0,0,767,0,57,20,0
833,6,2889,8080,2.0,0,793,0,128,20,0
126,6,47889,80,17.0,0,86,0,56,20,0
557,6,60043,80,0.0,0,517,0,60,20,0
364,6,10243,80,17.0,0,324,0,64,20,0
278,17,4502,53,0.0,0,199,0,128,20,0
297,17,34019,53,0.0,0,251,0,128,20,0
913,1,39978,5432,0.0,0,873,0,64,20,0
1028,6,6754,8443,16.0,0,988,0,56,20,0
430,6,35002,8080,2.0,0,390,0,56,20,0
496,6,6340,3306,17.0,0,456,0,64,20,0
269,17,18821,5432,16.0,0,229,0,64,20,0
184,6,53334,22,16.0,0,144,0,128,20,0
331,17,21441,53,0.0,0,402,0,64,20,0
162,6,24271,22,16.0,0,122,0,128,20,0
74,6,4751,443,16.0,0,34,0,128,20,0
223,6,17569,53,16.0,0,183,0,64,20,0
382,6,35932,443,0.0,0,342,0,128,20,0
317,17,52604,53,0.0,0,376,0,64,20,0
101,17,32509,53,0.0,0,274,0,128,20,0
184,6,57175,22,16.0,0,144,0,128,20,0
114,6,28452,22,16.0,0,74,0,64,20,0
1490,6,36009,8080,2.0,0,1450,0,255,20,0
130,6,15158,22,16.0,0,90,0,128,20,0
123,17,40839,53,0.0,0,401,0,128,20,0
111,17,5738,443,2.0,0,71,0,56,20,0
42,6,62564,80,2.0,0,0,0,21,20,1
711,6,64819,80,24.0,0,671,0,128,20,0
80,6,18423,8000,2.0,0,40,0,64,20,0
66,6,23392,8443,18.0,0,26,0,56,20,0
393,17,6386,53,0.0,0,450,0,128,20,0
1154,17,38863,847,0.0,0,1164,1,9,20,1
66,6,9446,22,16.0,0,26,0,128,20,0
436,17,44679,53,0.0,0,80,0,128,20,0
1210,6,10119,443,16.0,0,1170,0,120,20,0
66,6,52829,22,24.0,0,26,0,128,20,0
1236,6,8091,8443,16.0,0,1196,0,52,20,0
236,6,5091,8443,18.0,0,196,0,118,20,0
55,6,24007,37125,2.0,0,0,0,64,20,1
1265,6,27302,53,24.0,0,1225,0,56,20,0
1331,17,63253,113,0.0,0,1173,0,7,20,1
1291,17,3979,738,0.0,0,1079,1,3,20,1
162,6,53254,22,16.0,0,122,0,64,20,0
54,6,29253,443,16.0,0,14,0,54,20,0
54,6,46833,8443,16.0,0,14,0,52,20,0
614,6,1433,5432,2.0,0,574,0,64,20,0
974,6,44413,443,24.0,0,934,0,128,20,0
122,6,1448,8000,17.0,0,82,0,58,20,0
219,1,16252,8080,2.0,0,179,0,56,20,0
74,6,13758,443,16.0,0,34,0,120,20,0
70,1,0,0,0.0,8,36,0,2,20,1
359,17,60849,80,16.0,0,319,0,60,20,0
794,6,28576,443,24.0,0,754,0,64,20,0
258,6,8849,22,24.0,0,218,0,128,20,0
51,6,31176,80,2.0,0,0,0,28,20,1
625,6,61907,80,16.0,0,585,0,64,20,0
54,6,39891,8443,16.0,0,14,0,58,20,0
1365,6,58338,80,16.0,0,1325,0,255,20,0
607,6,52027,443,16.0,0,567,0,56,20,0
1266,17,35270,480,0.0,0,1004,1,7,20,1
199,17,2541,53,0.0,0,158,0,64,20,0
39,1,0,0,0.0,8,54,0,2,20,1
744,6,63331,8080,24.0,0,704,0,64,20,0
54,6,16905,443,16.0,0,14,0,64,20,0
28,1,0,0,0.0,8,5,0,14,20,1
1080,17,54130,878,0.0,0,969,0,5,20,1
1277,17,26779,854,0.0,0,1216,1,9,20,1
1338,17,23395,53,0.0,0,1298,0,60,20,0
131,6,31453,443,24.0,0,91,0,60,20,0
110,6,51873,8080,2.0,0,70,0,58,20,0
176,6,3584,80,0.18,0,136,0,255,20,0
1171,1,63474,8080,24.0,0,1131,0,128,20,0
756,6,3823,443,24.0,0,716,0,64,20,0
1171,6,55361,443,18.0,0,1131,0,118,20,0
74,6,36709,8443,17.0,0,34,0,60,20,0
1232,6,55989,3306,24.0,0,1192,0,255,20,0
74,6,7104,443,24.0,0,34,0,56,20,0
1071,6,8116,22,24.0,0,1031,0,255,20,0
1335,17,38466,3306,24.0,0,1295,0,128,20,0
1504,6,46920,443,2.0,0,1460,0,128,20,0
74,6,3865,443,18.0,0,34,0,58,20,0
90,6,39778,22,16.0,0,50,0,64,20,0
242,6,36040,443,17.0,0,202,0,119,20,0
258,6,24715,22,16.0,0,218,0,64,20,0
51,6,13731,80,16.0,0,11,0,128,20,0
1017,6,62444,3306,2.0,0,977,0,255,20,0
368,6,2534,80,16.0,0,328,0,255,20,0
56,6,51392,80,2.0,0,0,0,7,20,1
1460,17,52248,216,0.0,0,1098,0,3,20,1
52,6,41683,728,2.0,0,0,0,64,20,1
1176,6,41668,443,2.0,0,1136,0,55,20,0
74,6,2490,8443,16.0,0,34,0,52,20,0
93,6,22963,8443,17.0,0,53,0,60,20,0
258,6,39961,22,24.0,0,218,0,128,20,0
1228,6,15360,8443,16.0,0,1188,0,55,20,0
386,17,45247,53,0.0,0,55,0,128,20,0
402,17,40895,53,0.0,0,377,0,64,20,0
154,6,63958,80,2.0,0,114,0,56,20,0
128,6,24891,8080,2.0,0,88,0,58,20,0
43,6,27389,53005,2.0,0,0,0,64,20,1
54,6,1426,443,16.0,0,14,0,55,20,0
130,6,52110,22,24.0,0,90,0,64,20,0
114,6,12456,22,16.0,0,74,0,128,20,0
931,6,19181,443,17.0,0,891,0,54,20,0
360,17,29636,53,0.0,0,419,0,64,20,0
221,6,19374,443,2.0,0,181,0,60,20,0
54,6,58815,28804,2.0,0,0,0,64,20,1
74,6,27135,443,17.0,0,34,0,64,20,0
140,6,7806,8443,16.0,0,100,0,120,20,0
1489,17,24850,263,0.0,0,1010,1,7,20,1
113,1,56647,53,2.0,0,73,0,128,20,0
66,6,21942,443,16.0,0,26,0,60,20,0
114,6,12889,22,16.0,0,74,0,64,20,0
58,6,46633,80,2.0,0,0,0,15,20,1
66,6,25682,443,16.0,0,26,0,54,20,0
1171,6,59259,80,24.0,0,1131,0,128,20,0
74,6,28429,443,16.0,0,34,0,115,20,0
791,6,9128,3306,17.0,0,751,0,255,20,0
66,6,34290,8443,16.0,0,26,0,56,20,0
66,6,42049,443,24.0,0,26,0,52,20,0
862,6,3965,8443,16.0,0,822,0,54,20,0
408,17,60060,53,0.0,0,292,0,128,20,0
381,6,28602,3306,17.0,0,341,0,255,20,0
72,6,32443,8000,17.0,0,32,0,58,20,0
162,6,45293,22,16.0,0,122,0,64,20,0
789,6,51721,8000,2.0,0,749,0,57,20,0
74,6,11924,443,16.0,0,34,0,57,20,0
54,6,37725,8443,24.0,0,14,0,49,20,0
59,1,0,0,0.0,8,16,0,13,20,1
1139,6,18021,22,16.0,0,1099,0,64,20,0
1400,6,57380,443,17.0,0,1360,0,115,20,0
445,17,19876,53,0.0,0,219,0,64,20,0
258,6,8575,22,16.0,0,218,0,128,20,0
74,6,5787,443,17.0,0,34,0,49,20,0
48,6,10833,80,2.0,0,0,0,21,20,1
66,6,64293,8443,24.0,0,26,0,57,20,0
44,17,65476,22,16.0,0,4,0,60,20,0
1303,6,41743,443,24.0,0,1263,0,64,20,0
997,6,55276,443,24.0,0,957,0,56,20,0
258,6,22706,22,24.0,0,218,0,64,20,0
162,6,53372,22,16.0,0,122,0,64,20,0
287,6,49823,80,17.0,0,247,0,60,20,0
90,6,27695,22,24.0,0,50,0,128,20,0
74,6,40911,8443,16.0,0,34,0,115,20,0
1239,6,44691,8080,16.0,0,1199,0,57,20,0
61,6,31830,8000,2.0,0,21,0,128,20,0
1007,6,63933,8080,17.0,0,967,0,58,20,0
54,6,44478,443,24.0,0,14,0,55,20,0
458,17,45121,53,0.0,0,86,0,64,20,0
611,6,62549,5432,0.0,0,571,0,56,20,0
1006,6,46402,8000,2.0,0,966,0,128,20,0
395,17,44945,8080,2.0,0,355,0,56,20,0
1449,6,12642,8443,16.0,0,1409,0,118,20,0
858,6,42248,80,17.0,0,818,0,255,20,0
1274,17,52656,5432,17.0,0,1234,0,60,20,0
74,6,63071,443,24.0,0,34,0,117,20,0
66,6,16828,443,16.0,0,26,0,60,20,0
297,17,46961,53,0.0,0,156,0,64,20,0
66,6,47570,8443,18.0,0,26,0,57,20,0
54,6,14427,443,16.0,0,14,0,52,20,0
403,17,36216,53,0.0,0,31,0,128,20,0
94,1,0,0,0.0,8,22,0,15,20,1
428,17,43692,53,0.0,0,221,0,64,20,0
1503,6,57602,8080,24.0,0,1460,0,56,20,0
184,6,4184,22,24.0,0,144,0,128,20,0
52,6,15288,80,2.0,0,0,0,24,20,1
74,6,51365,8443,24.0,0,34,0,64,20,0
66,6,44516,443,18.0,0,26,0,118,20,0
104,6,39787,53,2.0,0,64,0,56,20,0
1433,17,22287,717,0.0,0,1334,0,3,20,1
1351,6,7431,53,0.0,0,1311,0,255,20,0
130,6,32472,22,24.0,0,90,0,128,20,0
184,6,48511,22,24.0,0,144,0,64,20,0
50,6,28662,80,2.0,0,0,0,17,20,1
1389,6,60119,8443,17.0,0,1349,0,64,20,0
146,17,14662,53,0.0,0,362,0,128,20,0
1345,6,46280,443,16.0,0,1305,0,119,20,0
307,1,55611,5432,16.0,0,267,0,128,20,0
180,6,34323,8000,17.0,0,140,0,255,20,0
1379,17,19701,5432,17.0,0,1339,0,255,20,0
66,6,51399,443,24.0,0,26,0,56,20,0
486,6,30615,5432,2.0,0,446,0,60,20,0
268,6,51145,8443,24.0,0,228,0,56,20,0
418,17,9118,53,0.0,0,440,0,64,20,0
66,6,21080,443,24.0,0,26,0,58,20,0
278,17,48698,53,0.0,0,224,0,128,20,0
54,6,44153,443,16.0,0,14,0,128,20,0
1381,6,8445,80,0.0,0,1341,0,255,20,0
396,17,50107,443,16.0,0,356,0,60,20,0
54,6,36474,443,24.0,0,14,0,49,20,0
976,6,32922,8443,16.0,0,936,0,64,20,0
298,17,9012,53,0.0,0,68,0,128,20,0
1479,17,46845,3306,16.0,0,1439,0,255,20,0
66,6,27245,22,16.0,0,26,0,128,20,0
126,17,21728,53,0.0,0,423,0,64,20,0
385,6,57423,80,17.0,0,345,0,58,20,0
1280,17,25078,53,16.0,0,1240,0,64,20,0
47,6,55347,80,2.0,0,0,0,29,20,1
1125,17,57184,862,0.0,0,1197,1,8,20,1
66,6,49738,443,16.0,0,26,0,57,20,0
162,6,5698,22,16.0,0,122,0,64,20,0
355,6,3836,80,17.0,0,315,0,64,20,0
66,6,22827,22,16.0,0,26,0,64,20,0
202,17,56085,53,0.0,0,360,0,128,20,0
130,6,27134,22,24.0,0,90,0,128,20,0
74,6,41899,443,16.0,0,34,0,56,20,0
74,6,52168,8443,18.0,0,34,0,51,20,0
672,6,34196,8080,24.0,0,632,0,128,20,0
74,6,36814,8443,24.0,0,34,0,49,20,0
130,17,52432,53,0.0,0,349,0,64,20,0
79,1,0,0,0.0,8,32,0,4,20,1
74,6,34485,8443,24.0,0,34,0,60,20,0
748,6,3509,53,0.0,0,708,0,128,20,0
101,17,12109,53,0.0,0,77,0,128,20,0
74,6,31411,8000,16.0,0,34,0,255,20,0
90,6,1145,22,16.0,0,50,0,128,20,0
177,6,55063,8000,16.0,0,137,0,56,20,0
750,17,52699,5432,17.0,0,710,0,255,20,0
1411,17,29581,53,0.0,0,1371,0,64,20,0
100,6,5610,443,2.0,0,60,0,118,20,0
1089,17,57509,321,0.0,0,998,0,9,20,1
1288,17,61050,443,0.0,0,1248,0,64,20,0
1335,6,62179,443,24.0,0,1295,0,255,20,0
137,6,51362,443,24.0,0,97,0,56,20,0
130,6,24268,22,24.0,0,90,0,64,20,0
184,6,37980,22,16.0,0,144,0,128,20,0
1235,6,62241,22,16.0,0,1195,0,64,20,0
185,6,36030,8080,17.0,0,145,0,57,20,0
610,6,17941,80,16.0,0,570,0,255,20,0
145,6,59666,8080,0.18,0,105,0,64,20,0
1127,6,26119,22,2.0,0,1087,0,128,20,0
1019,17,63446,842,0.0,0,1234,1,4,20,1
1300,6,63877,80,17.0,0,1260,0,60,20,0
734,6,11349,5432,2.0,0,694,0,128,20,0
679,6,21805,8000,16.0,0,639,0,128,20,0
426,17,44567,53,0.0,0,342,0,128,20,0
876,6,55902,5432,2.0,0,836,0,60,20,0
114,6,59540,22,16.0,0,74,0,64,20,0
54,6,41049,8443,16.0,0,14,0,119,20,0
202,6,53227,80,2.0,0,162,0,128,20,0
187,6,6127,8000,17.0,0,147,0,56,20,0
784,6,31087,80,16.0,0,744,0,56,20,0
54,6,61917,61238,2.0,0,0,0,64,20,1
1170,17,39107,339,0.0,0,1267,1,9,20,1
1469,17,47778,443,16.0,0,1429,0,60,20,0
1184,17,23597,487,0.0,0,1096,0,8,20,1
132,6,24454,80,16.0,0,92,0,56,20,0
72,6,59998,443,24.0,0,32,0,128,20,0
183,6,5199,443,24.0,0,143,0,64,20,0
54,6,62007,443,17.0,0,14,0,55,20,0
41,6,12020,80,2.0,0,0,0,13,20,1
443,17,25634,53,0.0,0,319,0,64,20,0
54,6,29950,443,16.0,0,14,0,49,20,0
1128,17,31849,454,0.0,0,1276,1,9,20,1
72,1,0,0,0.0,8,27,0,2,20,1
1311,6,47257,8443,24.0,0,1271,0,49,20,0
54,6,41002,443,16.0,0,14,0,51,20,0
66,6,64247,22,16.0,0,26,0,64,20,0
54,6,25884,443,2.0,0,14,0,119,20,0
58,6,60045,80,2.0,0,0,0,24,20,1
166,6,22592,80,0.18,0,126,0,56,20,0
1271,17,10382,22,17.0,0,1231,0,56,20,0
130,6,36651,22,24.0,0,90,0,64,20,0
51,6,23064,80,2.0,0,0,0,13,20,1
66,6,40815,8443,17.0,0,26,0,54,20,0
46,1,0,0,0.0,8,47,0,6,20,1
1193,6,25288,8080,24.0,0,1153,0,60,20,0
312,17,22481,53,0.0,0,384,0,128,20,0
216,6,11140,443,24.0,0,176,0,56,20,0
196,17,16515,53,0.0,0,183,0,64,20,0
1066,17,45240,736,0.0,0,1325,0,1,20,1
183,17,26575,53,0.0,0,305,0,64,20,0
74,6,55411,8443,16.0,0,34,0,115,20,0
407,6,33841,5432,0.0,0,367,0,56,20,0
41,6,4479,46529,2.0,0,0,0,64,20,1
575,17,32959,22,0.0,0,535,0,60,20,0
84,6,58376,8000,2.0,0,44,0,56,20,0
472,17,50580,53,0.0,0,49,0,64,20,0
92,6,30595,443,18.0,0,52,0,58,20,0
90,6,28693,22,16.0,0,50,0,64,20,0
56,6,42774,80,2.0,0,0,0,21,20,1
59,1,0,0,0.0,8,48,0,3,20,1
883,6,29845,80,17.0,0,843,0,64,20,0
617,6,58989,443,17.0,0,577,0,128,20,0
74,6,46270,443,16.0,0,34,0,120,20,0
50,6,56672,26458,2.0,0,0,0,64,20,1
45,6,6130,47853,2.0,0,0,0,64,20,1
918,6,33265,3306,16.0,0,878,0,255,20,0
1423,6,30831,8080,0.18,0,1383,0,56,20,0
504,17,42869,53,2.0,0,464,0,255,20,0
1257,6,10146,8000,0.18,0,1217,0,58,20,0
1082,6,43956,443,16.0,0,1042,0,58,20,0
42,1,0,0,0.0,8,31,0,8,20,1
157,6,61690,80,17.0,0,117,0,57,20,0
338,6,50155,8080,16.0,0,298,0,128,20,0
1058,6,27593,443,18.0,0,1018,0,120,20,0
1323,17,8469,899,0.0,0,1093,1,5,20,1
1508,6,47313,8443,2.0,0,1460,0,57,20,0
180,6,26216,8000,2.0,0,140,0,128,20,0
176,6,7488,8443,16.0,0,136,0,60,20,0
258,6,11470,22,16.0,0,218,0,128,20,0
399,17,21135,53,0.0,0,173,0,128,20,0
48,6,59046,11802,2.0,0,0,0,64,20,1
54,6,31954,443,16.0,0,14,0,52,20,0
1306,6,47729,443,2.0,0,1266,0,54,20,0
1320,6,54487,8443,16.0,0,1280,0,117,20,0
904,6,57733,8080,17.0,0,864,0,56,20,0
66,6,50276,443,16.0,0,26,0,118,20,0
102,6,17019,8443,24.0,0,62,0,55,20,0
788,6,19005,8080,0.18,0,748,0,58,20,0
1146,6,14875,443,16.0,0,1106,0,60,20,0
66,6,7321,443,24.0,0,26,0,115,20,0
1473,6,10286,80,2.0,0,1433,0,57,20,0
130,6,20428,22,16.0,0,90,0,128,20,0
72,17,59724,53,16.0,0,32,0,56,20,0
184,6,39682,22,24.0,0,144,0,128,20,0
54,6,13877,443,16.0,0,14,0,128,20,0
101,6,37161,8080,0.18,0,61,0,58,20,0
1166,17,39534,899,0.0,0,1037,1,4,20,1
257,6,23658,8443,17.0,0,217,0,118,20,0
1311,6,13743,80,2.0,0,1271,0,60,20,0
1060,6,5301,53,17.0,0,1020,0,60,20,0
130,6,48138,22,16.0,0,90,0,128,20,0
66,6,14353,8443,16.0,0,26,0,54,20,0
1499,6,62576,53,17.0,0,1459,0,56,20,0
106,6,42454,8080,16.0,0,66,0,255,20,0
49,1,0,0,0.0,8,31,0,18,20,1
162,6,48845,22,16.0,0,122,0,64,20,0
1428,6,30289,8443,18.0,0,1388,0,64,20,0
77,17,38933,53,0.0,0,403,0,64,20,0
54,6,11749,443,16.0,0,14,0,115,20,0
1309,17,28343,374,0.0,0,1333,0,1,20,1
54,6,55338,8443,17.0,0,14,0,120,20,0
155,6,60984,80,16.0,0,115,0,58,20,0
157,6,46641,8000,17.0,0,117,0,255,20,0
41,6,41476,27246,2.0,0,0,0,64,20,1
693,6,28146,80,0.0,0,653,0,128,20,0
70,17,52991,53,0.0,0,262,0,128,20,0
414,17,41321,53,0.0,0,305,0,128,20,0
304,17,4884,53,0.0,0,80,0,128,20,0
88,1,0,0,0.0,8,29,0,12,20,1
102,6,31048,8443,16.0,0,62,0,64,20,0
32,1,0,0,0.0,8,13,0,15,20,1
205,6,52881,8443,16.0,0,165,0,52,20,0
48,6,28914,30448,2.0,0,0,0,64,20,1
74,6,43049,8443,17.0,0,34,0,120,20,0
66,1,0,0,0.0,8,36,0,4,20,1
1389,6,5573,8000,2.0,0,1349,0,128,20,0
1285,17,31132,128,0.0,0,1367,1,9,20,1
1379,6,64235,8080,16.0,0,1339,0,255,20,0
474,6,11933,80,16.0,0,434,0,57,20,0
46,6,22382,80,2.0,0,0,0,23,20,1
89,17,33083,53,0.0,0,415,0,64,20,0
1494,6,31388,80,16.0,0,1454,0,58,20,0
608,6,44437,53,0.0,0,568,0,64,20,0
74,6,59256,443,16.0,0,34,0,49,20,0
124,6,8335,80,17.0,0,84,0,56,20,0
66,6,23762,8443,2.0,0,26,0,115,20,0
1365,6,64561,8000,17.0,0,1325,0,56,20,0
1475,17,60089,22,17.0,0,1435,0,56,20,0
45,6,17940,80,2.0,0,0,0,15,20,1
114,6,63622,22,16.0,0,74,0,64,20,0
66,6,64342,8443,18.0,0,26,0,49,20,0
1152,6,56202,8000,2.0,0,1112,0,255,20,0
889,6,21565,443,2.0,0,849,0,57,20,0
129,6,36066,80,2.0,0,89,0,56,20,0
851,6,43400,3306,2.0,0,811,0,128,20,0
90,6,21471,22,16.0,0,50,0,64,20,0
90,6,23050,22,24.0,0,50,0,128,20,0
130,6,37309,22,16.0,0,90,0,64,20,0
114,6,8534,22,16.0,0,74,0,128,20,0
66,6,32653,443,2.0,0,26,0,51,20,0
338,6,36501,5432,2.0,0,298,0,56,20,0
296,6,18256,443,24.0,0,256,0,119,20,0
65,1,0,0,0.0,8,35,0,19,20,1
1361,6,54354,53,16.0,0,1321,1,60,20,0
174,6,14784,8000,17.0,0,134,0,128,20,0
74,6,45124,443,16.0,0,34,0,119,20,0
994,6,54200,80,24.0,0,954,0,60,20,0
54,6,65176,8443,16.0,0,14,0,56,20,0
275,17,26554,53,0.0,0,363,0,64,20,0
116,6,20599,8000,0.18,0,76,0,255,20,0
1054,6,54309,80,17.0,0,1014,0,57,20,0
56,6,45535,43791,2.0,0,0,0,64,20,1
320,17,44444,53,0.0,0,373,0,64,20,0
463,6,50943,80,0.18,0,423,0,58,20,0
74,6,7583,443,16.0,0,34,0,117,20,0
168,6,61139,8000,2.0,0,128,0,128,20,0
600,6,3536,8080,2.0,0,560,0,56,20,0
1001,6,12434,8080,16.0,0,961,0,64,20,0
54,6,24445,42455,2.0,0,0,0,64,20,1
66,6,38753,8443,16.0,0,26,0,51,20,0
74,6,12583,8443,2.0,0,34,0,58,20,0
42,6,40574,80,2.0,0,0,0,12,20,1
493,17,7272,53,0.0,0,138,0,128,20,0
54,6,14234,443,16.0,0,14,0,51,20,0
90,6,12861,22,16.0,0,50,0,64,20,0
956,17,3930,22,16.0,0,916,0,64,20,0
52,6,20639,80,2.0,0,0,0,23,20,1
1171,17,46293,582,0.0,0,1181,0,1,20,1
192,6,15181,443,16.0,0,152,0,54,20,0
74,6,27660,8443,17.0,0,34,0,120,20,0
182,6,16692,80,16.0,0,142,0,56,20,0
93,6,26768,3306,24.0,0,53,0,56,20,0
54,6,47160,443,18.0,0,14,0,52,20,0
92,6,11092,443,24.0,0,52,0,117,20,0
66,6,57856,8443,16.0,0,26,0,128,20,0
1175,6,26587,3306,24.0,0,1135,0,64,20,0
1401,17,54180,64,0.0,0,1254,0,9,20,1
90,6,12108,22,24.0,0,50,0,64,20,0
401,17,14614,53,24.0,0,361,0,60,20,0
273,1,62050,3306,17.0,0,233,0,60,20,0
54,6,33451,443,24.0,0,14,0,64,20,0
812,6,40312,443,16.0,0,772,0,54,20,0
66,6,35786,22,24.0,0,26,0,64,20,0
54,6,61710,443,2.0,0,14,0,54,20,0
134,6,28029,3306,24.0,0,94,0,60,20,0
435,17,24537,53,0.0,0,186,0,64,20,0
259,6,7245,8443,18.0,0,219,0,54,20,0
877,6,40188,8443,16.0,0,837,0,52,20,0
59,6,47002,80,2.0,0,0,0,24,20,1
296,6,31086,8443,16.0,0,256,0,52,20,0
66,6,44218,8443,16.0,0,26,0,54,20,0
1240,6,55684,8000,2.0,0,1200,0,255,20,0
1308,6,8025,5432,24.0,0,1268,0,128,20,0
245,6,7743,443,18.0,0,205,0,49,20,0
307,17,30941,53,0.0,0,132,0,64,20,0
1091,6,4683,8443,24.0,0,1051,0,60,20,0
62,1,0,0,0.0,8,7,0,17,20,1
114,6,39792,22,16.0,0,74,0,128,20,0
90,6,23557,22,24.0,0,50,0,64,20,0
99,17,36729,53,0.0,0,290,0,64,20,0
196,17,50483,53,0.0,0,212,0,64,20,0
1188,17,14050,368,0.0,0,1141,1,8,20,1
45,6,29118,21561,2.0,0,0,0,64,20,1
719,6,11998,80,17.0,0,679,0,58,20,0
54,6,31087,8443,16.0,0,14,0,58,20,0
1023,6,18888,443,16.0,0,983,0,58,20,0
130,17,23462,53,0.0,0,419,0,128,20,0
55,6,58431,35240,2.0,0,0,0,64,20,1
1474,17,39983,60,0.0,0,1053,0,2,20,1
74,6,51014,443,16.0,0,34,0,118,20,0
357,17,64558,53,0.0,0,182,0,128,20,0
983,6,3935,443,17.0,0,943,0,58,20,0
70,6,41701,3306,17.0,0,30,0,128,20,0
74,6,25490,8443,16.0,0,34,0,54,20,0
184,6,10467,22,16.0,0,144,0,64,20,0
898,6,22066,8443,16.0,0,858,0,56,20,0
299,6,56735,8443,2.0,0,259,0,57,20,0
560,6,38256,80,16.0,0,520,0,58,20,0
114,6,26927,22,16.0,0,74,0,64,20,0
66,6,8321,8443,24.0,0,26,0,119,20,0
70,1,0,0,0.0,8,0,0,8,20,1
186,17,51797,53,0.0,0,381,0,128,20,0
127,6,1784,8080,2.0,0,87,0,56,20,0
146,6,15018,443,16.0,0,106,0,56,20,0
74,6,50646,8443,16.0,0,34,0,128,20,0
1508,6,63809,443,16.0,0,1460,0,118,20,0
43,6,62434,80,2.0,0,0,0,4,20,1
435,17,56195,53,0.0,0,167,0,128,20,0
66,6,42580,443,16.0,0,26,0,120,20,0
620,6,31893,8080,2.0,0,580,0,57,20,0
162,6,50047,22,24.0,0,122,0,64,20,0
385,6,63943,443,16.0,0,345,0,56,20,0
54,6,32575,8443,17.0,0,14,0,119,20,0
714,17,13021,53,16.0,0,674,0,128,20,0
162,6,16026,22,16.0,0,122,0,64,20,0
1094,17,55542,3306,2.0,0,1054,0,128,20,0
871,6,42767,8443,16.0,0,831,0,115,20,0
77,6,27879,8000,0.18,0,37,0,128,20,0
87,1,0,0,0.0,8,22,0,3,20,1
1195,6,28936,443,16.0,0,1155,0,64,20,0
184,6,53581,22,24.0,0,144,0,128,20,0
66,6,23116,8443,16.0,0,26,0,120,20,0
230,6,21131,443,24.0,0,190,0,54,20,0
1431,6,61370,80,17.0,0,1391,0,56,20,0
1090,17,6720,149,0.0,0,1364,1,4,20,1
220,6,55951,443,2.0,0,180,0,60,20,0
173,6,5142,8080,17.0,0,133,0,128,20,0
45,6,6708,1503,2.0,0,0,0,64,20,1
319,17,60027,53,0.0,0,99,0,64,20,0
47,6,9728,16098,2.0,0,0,0,64,20,1
184,6,48336,22,24.0,0,144,0,128,20,0
279,6,40263,5432,17.0,0,239,0,60,20,0
213,6,3097,8443,24.0,0,173,0,60,20,0
54,6,14460,443,16.0,0,14,0,64,20,0
267,6,15594,8080,17.0,0,227,0,255,20,0
184,6,42104,22,24.0,0,144,0,64,20,0
52,6,17372,80,2.0,0,0,0,19,20,1
840,17,1062,443,17.0,0,800,0,255,20,0
180,6,3240,8000,0.18,0,140,0,56,20,0
99,6,42728,80,17.0,0,59,0,56,20,0
177,17,35053,53,0.0,0,147,0,128,20,0
44,6,1993,80,2.0,0,0,0,17,20,1
209,6,14690,8443,16.0,0,169,0,120,20,0
66,6,38524,443,16.0,0,26,0,49,20,0
139,6,30499,8443,16.0,0,99,0,51,20,0
500,6,13525,80,0.18,0,460,0,56,20,0
51,6,1763,80,2.0,0,0,0,24,20,1
131,6,8892,8443,16.0,0,91,0,64,20,0
546,6,20753,8000,2.0,0,506,0,56,20,0
66,6,24841,8443,16.0,0,26,0,118,20,0
88,1,0,0,0.0,8,9,0,4,20,1
130,6,6131,22,16.0,0,90,0,64,20,0
184,6,53944,22,24.0,0,144,0,64,20,0
67,1,0,0,0.0,8,29,0,10,20,1
641,6,49470,3306,16.0,0,601,0,128,20,0
1294,6,15126,80,0.18,0,1254,0,56,20,0
54,6,22996,443,16.0,0,14,0,117,20,0
184,6,15573,22,24.0,0,144,0,64,20,0
409,17,23918,53,0.0,0,311,0,64,20,0
258,6,6545,22,16.0,0,218,0,128,20,0
440,6,45097,8000,16.0,0,400,0,128,20,0
929,6,18195,8000,2.0,0,889,0,57,20,0
401,6,52908,8080,2.0,0,361,0,56,20,0
114,6,63987,22,24.0,0,74,0,64,20,0
90,6,34383,22,16.0,0,50,0,64,20,0
164,6,38035,443,16.0,0,124,0,55,20,0
325,1,10641,80,24.0,0,285,0,255,20,0
91,6,1917,8443,17.0,0,51,0,117,20,0
160,17,6331,53,0.0,0,447,0,128,20,0
795,6,37288,8080,17.0,0,755,0,60,20,0
1462,17,54243,5432,16.0,0,1422,0,56,20,0
90,6,1267,22,16.0,0,50,0,128,20,0
74,6,45351,443,2.0,0,34,0,52,20,0
74,6,20348,8443,16.0,0,34,0,128,20,0
66,6,1741,443,17.0,0,26,0,55,20,0
66,6,32850,8443,16.0,0,26,0,120,20,0
523,6,9326,8000,16.0,0,483,0,58,20,0
1244,17,37442,1008,0.0,0,1427,0,5,20,1
1441,6,57621,8443,16.0,0,1401,0,119,20,0
1205,6,61511,53,17.0,0,1165,0,128,20,0
77,1,0,0,0.0,8,17,0,13,20,1
184,6,62568,22,16.0,0,144,0,64,20,0
1274,6,9472,443,24.0,0,1234,0,117,20,0
226,6,3335,8443,16.0,0,186,0,56,20,0
1236,6,46418,8080,2.0,0,1196,0,64,20,0
184,6,35623,22,16.0,0,144,0,128,20,0
511,17,12363,53,0.0,0,382,0,64,20,0
1345,6,43957,5432,0.0,0,1305,0,56,20,0
94,6,26717,8443,16.0,0,54,0,51,20,0
184,6,8647,22,16.0,0,144,0,128,20,0
844,6,43108,3306,0.0,0,804,0,64,20,0
162,6,46047,22,16.0,0,122,0,128,20,0
61,1,0,0,0.0,8,15,0,5,20,1
741,17,20793,8080,2.0,0,701,0,64,20,0
508,17,18107,53,0.0,0,400,0,64,20,0
140,6,3026,80,16.0,0,100,0,128,20,0
369,17,55799,53,0.0,0,377,0,128,20,0
920,6,29855,80,0.18,0,880,0,64,20,0
74,6,49256,443,2.0,0,34,0,54,20,0
1492,6,1965,22,0.0,0,1452,0,64,20,0
909,6,5634,53,24.0,0,869,0,128,20,0
595,17,44662,3306,2.0,0,555,0,128,20,0
484,6,38701,5432,16.0,0,444,0,128,20,0
466,17,14433,53,0.0,0,78,0,64,20,0
534,6,5949,22,16.0,0,494,0,64,20,0
880,6,40803,8443,16.0,0,840,0,55,20,0
30,1,0,0,0.0,8,40,0,13,20,1
68,17,63797,53,0.0,0,109,0,64,20,0
55,6,20347,80,2.0,0,0,0,2,20,1
114,6,2425,22,16.0,0,74,0,64,20,0
54,6,15398,8443,16.0,0,14,0,57,20,0
184,6,11403,22,24.0,0,144,0,64,20,0
1439,17,28004,223,0.0,0,1432,0,8,20,1
576,6,5255,8080,17.0,0,536,0,60,20,0
66,6,35792,443,17.0,0,26,0,64,20,0
125,6,28766,8080,2.0,0,85,0,57,20,0
185,17,59876,53,0.0,0,160,0,128,20,0
287,6,62108,443,24.0,0,247,0,128,20,0
128,6,46950,8443,24.0,0,88,0,117,20,0
476,6,51269,8000,16.0,0,436,0,57,20,0
422,6,31779,8000,0.18,0,382,0,128,20,0
1144,6,8673,8000,0.18,0,1104,0,64,20,0
1355,6,8819,8080,0.18,0,1315,0,58,20,0
224,6,4227,443,18.0,0,184,0,52,20,0
920,6,22107,3306,24.0,0,880,0,255,20,0
82,6,14728,8000,16.0,0,42,0,64,20,0
42,17,23873,80,0.0,0,2,0,56,20,0
184,6,12343,22,24.0,0,144,0,64,20,0
918,17,55058,5432,0.0,0,878,0,128,20,0
1000,6,39760,8443,16.0,0,960,0,49,20,0
74,6,59557,443,16.0,0,34,0,55,20,0
66,6,43446,8443,16.0,0,26,0,118,20,0
1148,17,18941,22,2.0,0,1108,0,56,20,0
1074,17,25503,842,0.0,0,1024,1,2,20,1
205,17,18905,53,0.0,0,196,0,128,20,0
1100,6,45673,8080,17.0,0,1060,0,56,20,0
46,6,23250,46428,2.0,0,0,0,64,20,1
155,6,3957,8443,17.0,0,115,0,118,20,0
54,6,6626,443,24.0,0,14,0,120,20,0
1117,6,61648,443,16.0,0,1077,0,60,20,0
1322,6,54965,8080,2.0,0,1282,0,56,20,0
313,17,48842,53,0.0,0,435,0,128,20,0
68,17,59606,53,0.0,0,426,0,64,20,0
147,6,3196,8443,2.0,0,107,0,119,20,0
686,6,44653,443,0.0,0,646,0,60,20,0
114,6,10066,22,16.0,0,74,0,128,20,0
114,6,11455,22,16.0,0,74,0,64,20,0
114,6,42587,22,24.0,0,74,0,128,20,0
74,6,17702,8443,18.0,0,34,0,115,20,0
54,6,56077,8443,16.0,0,14,0,119,20,0
1152,1,32701,8080,24.0,0,1112,0,128,20,0
214,6,50127,443,17.0,0,174,0,119,20,0
74,6,19691,443,17.0,0,34,0,51,20,0
407,17,53374,53,0.0,0,318,0,128,20,0
57,6,2651,80,2.0,0,0,0,23,20,1
101,6,33758,8080,17.0,0,61,0,58,20,0
54,6,32395,443,24.0,0,14,0,119,20,0
184,6,59606,22,24.0,0,144,0,128,20,0
1339,6,31749,8443,2.0,0,1299,0,60,20,0
413,6,36195,443,17.0,0,373,0,64,20,0
171,17,48633,53,0.0,0,311,0,64,20,0
794,6,35747,8000,0.18,0,754,0,255,20,0
576,6,3479,3306,0.0,0,536,0,60,20,0
1164,6,42224,22,24.0,0,1124,0,64,20,0
964,6,57505,8443,16.0,0,924,0,117,20,0
130,6,40521,22,16.0,0,90,0,128,20,0
66,6,23802,8443,18.0,0,26,0,55,20,0
66,6,19198,443,16.0,0,26,0,57,20,0
581,6,5162,8080,0.18,0,541,0,128,20,0
1027,6,47549,8443,16.0,0,987,0,119,20,0
258,6,14894,22,16.0,0,218,0,128,20,0
54,6,64167,8443,16.0,0,14,0,64,20,0
445,6,41995,443,17.0,0,405,0,60,20,0
433,17,46048,53,0.0,0,115,0,64,20,0
54,6,23351,80,17.0,0,14,0,58,20,0
53,6,1701,41921,2.0,0,0,0,64,20,1
74,6,52083,443,24.0,0,34,0,118,20,0
1245,6,15225,443,16.0,0,1205,0,55,20,0
66,6,43903,8443,2.0,0,26,0,118,20,0
41,6,4562,12488,2.0,0,0,0,64,20,1
726,6,57908,8080,0.18,0,686,0,255,20,0
74,6,36779,443,16.0,0,34,0,128,20,0
246,6,49593,22,17.0,0,206,0,56,20,0
1169,17,13408,443,17.0,0,1129,0,64,20,0
481,6,10965,5432,24.0,0,441,0,56,20,0
277,6,35517,443,17.0,0,237,0,51,20,0
383,6,49440,22,2.0,0,343,0,56,20,0
1191,6,59950,443,16.0,0,1151,0,128,20,0
74,6,56068,443,16.0,0,34,0,60,20,0
52,6,19850,12309,2.0,0,0,0,64,20,1
1017,6,3491,5432,17.0,0,977,0,56,20,0
908,6,47391,8080,17.0,0,868,0,64,20,0
738,6,61780,22,0.0,0,698,0,64,20,0
134,17,20123,53,0.0,0,310,0,64,20,0
54,6,56525,8443,16.0,0,14,0,54,20,0
171,6,2232,8080,0.18,0,131,0,58,20,0
660,6,18168,22,16.0,0,620,0,60,20,0
1406,6,63966,22,24.0,0,1366,0,64,20,0
293,17,25331,53,0.0,0,435,0,128,20,0
199,6,15640,8443,16.0,0,159,0,49,20,0
1466,6,19589,5432,24.0,0,1426,0,56,20,0
296,6,51251,443,18.0,0,256,0,120,20,0
695,1,47634,80,2.0,0,655,0,56,20,0
258,6,60310,22,24.0,0,218,0,64,20,0
74,6,22142,443,2.0,0,34,0,120,20,0
178,6,48382,80,16.0,0,138,0,64,20,0
1434,6,56677,8080,17.0,0,1394,0,128,20,0
73,1,0,0,0.0,8,6,0,4,20,1
66,6,22517,443,16.0,0,26,0,54,20,0
958,6,61301,8443,16.0,0,918,0,55,20,0
58,6,22451,21258,2.0,0,0,0,64,20,1
114,6,24415,22,16.0,0,74,0,128,20,0
86,17,8091,53,0.0,0,86,0,128,20,0
317,17,37759,53,0.0,0,278,0,64,20,0
1120,6,31188,80,17.0,0,1080,0,60,20,0
49,6,15314,80,2.0,0,0,0,19,20,1
194,6,20488,8000,2.0,0,154,0,255,20,0
271,6,64374,443,2.0,0,231,0,52,20,0
1063,6,22000,5432,24.0,0,1023,0,64,20,0
66,6,11167,443,2.0,0,26,0,119,20,0
472,17,15144,53,0.0,0,152,0,128,20,0
583,6,6870,3306,2.0,0,543,0,64,20,0
217,6,42869,8080,17.0,0,177,0,58,20,0
337,6,18511,5432,17.0,0,297,0,60,20,0
45,6,30398,8080,16.0,0,5,0,255,20,0
810,6,28459,80,2.0,0,770,0,128,20,0
66,6,30992,8443,16.0,0,26,0,56,20,0
51,6,50261,8000,16.0,0,11,0,57,20,0
234,17,40755,53,0.0,0,200,0,64,20,0
544,6,30128,8000,2.0,0,504,0,58,20,0
784,17,23424,443,16.0,0,744,0,128,20,0
639,6,7591,3306,16.0,0,599,0,56,20,0
66,6,13540,8443,18.0,0,26,0,55,20,0
1422,6,24135,80,0.0,0,1382,0,60,20,0
58,6,3036,50501,2.0,0,0,0,64,20,1
33,1,0,0,0.0,8,21,0,11,20,1
68,17,49853,53,0.0,0,217,0,128,20,0
561,6,2579,8080,2.0,0,521,0,64,20,0
66,6,54857,22,16.0,0,26,0,64,20,0
1214,6,39175,22,24.0,0,1174,0,60,20,0
110,6,32457,8080,16.0,0,70,0,128,20,0
184,6,46566,22,16.0,0,144,0,64,20,0
54,6,24619,8443,2.0,0,14,0,60,20,0
141,6,58249,8000,17.0,0,101,0,128,20,0
172,6,11110,80,0.18,0,132,0,57,20,0
118,6,62102,8443,18.0,0,78,0,55,20,0
66,6,11574,443,17.0,0,26,0,60,20,0
184,6,17861,22,24.0,0,144,0,64,20,0
54,6,58086,443,16.0,0,14,0,115,20,0
60,1,0,0,0.0,8,27,0,7,20,1
433,17,5545,53,0.0,0,43,0,64,20,0
991,6,21781,443,0.0,0,951,0,56,20,0
64,6,36208,80,17.0,0,24,0,255,20,0
54,6,55994,443,2.0,0,14,0,52,20,0
359,6,63631,8000,17.0,0,319,0,58,20,0
110,6,38922,8000,2.0,0,70,0,56,20,0
458,17,30131,53,0.0,0,288,0,128,20,0
54,6,14924,8443,16.0,0,14,0,51,20,0
83,6,6954,8443,16.0,0,43,0,120,20,0
54,6,2769,8000,2.0,0,14,0,128,20,0
66,6,22661,443,16.0,0,26,0,60,20,0
398,17,33007,53,0.0,0,106,0,128,20,0
192,17,61895,53,0.0,0,205,0,64,20,0
1169,17,44991,53,16.0,0,1129,0,255,20,0
427,17,14623,53,0.0,0,214,0,128,20,0
1258,6,63668,8443,16.0,0,1218,0,57,20,0
882,17,28907,3306,24.0,0,842,0,56,20,0
130,6,10365,22,24.0,0,90,0,128,20,0
66,6,21269,8443,16.0,0,26,0,57,20,0
84,6,55563,8000,16.0,0,44,0,128,20,0
446,6,35460,3306,16.0,0,406,0,60,20,0
54,6,2767,80,2.0,0,0,0,18,20,1
42,6,17183,38182,2.0,0,0,0,64,20,1
1168,6,20435,443,17.0,0,1128,0,64,20,0
207,6,2569,443,24.0,0,167,0,51,20,0
114,6,35416,22,16.0,0,74,0,64,20,0
359,17,22669,53,0.0,0,413,0,64,20,0
201,6,15694,8443,16.0,0,161,0,54,20,0
1456,6,14950,80,2.0,0,1416,0,64,20,0
368,6,3436,80,17.0,0,328,0,56,20,0
114,6,19351,22,16.0,0,74,0,64,20,0
525,6,1581,8000,0.18,0,485,0,58,20,0
44,6,61575,31480,2.0,0,0,0,64,20,1
52,6,13929,80,2.0,0,0,0,7,20,1
248,6,62739,443,16.0,0,208,0,60,20,0
63,6,50683,22,2.0,0,23,0,60,20,0
1365,17,12031,829,0.0,0,1412,0,8,20,1
54,6,40643,8443,16.0,0,14,0,58,20,0
113,6,27833,8080,17.0,0,73,0,255,20,0
113,17,12534,53,0.0,0,191,0,64,20,0
839,6,6532,5432,16.0,0,799,0,64,20,0
591,6,18881,80,0.18,0,551,0,64,20,0
94,17,42502,53,0.0,0,88,0,64,20,0
152,6,36311,8080,2.0,0,112,0,128,20,0
676,6,5594,8000,17.0,0,636,0,56,20,0
1393,17,60845,53,17.0,0,1353,0,64,20,0
74,6,61380,443,24.0,0,34,0,120,20,0
66,6,31392,22,16.0,0,26,0,128,20,0
66,6,41959,443,16.0,0,26,0,56,20,0
54,6,47748,443,18.0,0,14,0,118,20,0
66,6,61732,443,16.0,0,26,0,55,20,0
759,6,19039,5432,16.0,0,719,0,128,20,0
228,17,6930,53,0.0,0,241,0,128,20,0
1432,6,11296,8080,0.18,0,1392,0,255,20,0
1479,17,39300,71,0.0,0,1286,1,8,20,1
71,1,0,0,0.0,8,25,0,5,20,1
116,6,17291,8000,16.0,0,76,0,64,20,0
664,6,49583,443,24.0,0,624,0,56,20,0
145,6,50540,80,16.0,0,105,0,64,20,0
1148,6,34485,8000,16.0,0,1108,0,255,20,0
66,6,15057,443,24.0,0,26,0,115,20,0
47,6,35065,80,2.0,0,0,0,28,20,1
71,6,61883,80,16.0,0,31,0,64,20,0
1157,17,9127,562,0.0,0,1328,1,9,20,1
771,17,37525,53,0.0,0,731,0,56,20,0
212,17,53826,80,16.0,0,172,0,64,20,0
756,6,3876,80,16.0,0,716,0,57,20,0
177,6,38778,22,16.0,0,137,0,64,20,0
194,17,43906,53,0.0,0,240,0,128,20,0
127,6,8471,8000,16.0,0,87,0,255,20,0
258,6,53012,22,24.0,0,218,0,64,20,0
49,6,31074,80,2.0,0,0,0,16,20,1
55,6,59538,45074,2.0,0,0,0,64,20,1
74,6,12464,443,16.0,0,34,0,55,20,0
66,6,5756,443,16.0,0,26,0,54,20,0
97,6,31990,8443,16.0,0,57,0,60,20,0
258,6,29365,22,16.0,0,218,0,64,20,0
890,6,64910,8080,16.0,0,850,0,56,20,0
66,6,14995,8443,2.0,0,26,0,58,20,0
40,6,18431,80,2.0,0,0,0,22,20,1
873,6,6293,53,2.0,0,833,0,60,20,0
1129,6,31554,53,24.0,0,1089,0,255,20,0
66,6,54388,443,16.0,0,26,0,55,20,0
258,6,12031,22,24.0,0,218,0,64,20,0
864,17,29442,3306,24.0,0,824,0,255,20,0
165,6,53452,8443,24.0,0,125,0,54,20,0
74,6,41684,8443,16.0,0,34,0,120,20,0
66,6,12235,8443,16.0,0,26,0,117,20,0
1230,6,28550,8443,16.0,0,1190,0,118,20,0
539,6,8545,443,0.0,0,499,0,64,20,0
320,17,51013,53,0.0,0,235,0,64,20,0
63,17,49934,53,0.0,0,98,0,128,20,0
434,17,37783,53,0.0,0,228,0,128,20,0
153,6,2796,80,2.0,0,113,0,255,20,0
198,17,44382,53,0.0,0,242,0,128,20,0
993,6,58953,80,17.0,0,953,0,255,20,0
417,17,62589,53,0.0,0,461,0,64,20,0
214,17,11133,53,0.0,0,348,0,128,20,0
1367,6,32094,8080,2.0,0,1327,0,64,20,0
48,6,43960,80,2.0,0,0,0,25,20,1
1234,6,1715,8443,16.0,0,1194,0,115,20,0
508,17,27173,53,0.0,0,256,0,128,20,0
66,6,2215,443,24.0,0,26,0,56,20,0
45,6,12653,27193,2.0,0,0,0,64,20,1
916,6,34446,8443,2.0,0,876,0,64,20,0
738,6,53221,22,17.0,0,698,0,60,20,0
266,6,53659,443,16.0,0,226,0,51,20,0
162,6,13301,22,24.0,0,122,0,64,20,0
90,6,40117,22,24.0,0,50,0,128,20,0
451,6,60002,3306,16.0,0,411,0,64,20,0
322,6,33085,53,17.0,0,282,0,64,20,0
1069,6,57773,5432,24.0,0,1029,0,56,20,0
1248,6,7113,8443,16.0,0,1208,0,128,20,0
66,6,22078,443,18.0,0,26,0,60,20,0
130,17,31195,53,0.0,0,211,0,64,20,0
162,6,1682,22,24.0,0,122,0,64,20,0
66,6,26198,443,17.0,0,26,0,52,20,0
1062,6,35337,8000,0.18,0,1022,0,64,20,0
114,6,1564,22,24.0,0,74,0,64,20,0
54,6,1763,443,16.0,0,14,0,55,20,0
179,6,35099,80,0.0,0,139,1,56,20,0
299,6,41493,8443,24.0,0,259,0,119,20,0
116,6,10967,443,16.0,0,76,0,52,20,0
724,6,19965,80,16.0,0,684,0,60,20,0
44,6,31132,12594,2.0,0,0,0,64,20,1
1290,6,49455,8080,17.0,0,1250,0,57,20,0
74,6,25362,8443,17.0,0,34,0,51,20,0
114,6,32038,22,16.0,0,74,0,128,20,0
1291,6,37389,8000,2.0,0,1251,0,58,20,0
74,6,41461,443,16.0,0,34,0,54,20,0
47,6,40339,80,2.0,0,0,0,5,20,1
1083,17,30773,80,17.0,0,1043,0,128,20,0
170,17,13260,53,0.0,0,374,0,64,20,0
742,6,62521,3306,16.0,0,702,0,128,20,0
103,6,54669,443,17.0,0,63,0,54,20,0
1102,6,29211,80,17.0,0,1062,0,128,20,0
1472,6,14950,22,24.0,0,1432,0,60,20,0
171,17,62170,53,0.0,0,148,0,64,20,0
53,6,63883,80,2.0,0,0,0,5,20,1
1495,6,13625,443,2.0,0,1455,0,119,20,0
66,6,52224,8443,17.0,0,26,0,54,20,0
54,6,21494,8443,16.0,0,14,0,51,20,0
114,6,18405,22,16.0,0,74,0,128,20,0
1187,17,52699,615,0.0,0,1152,0,2,20,1
141,17,51099,53,0.0,0,433,0,128,20,0
258,6,10771,22,16.0,0,218,0,64,20,0
66,6,9370,8443,24.0,0,26,0,117,20,0
54,6,53999,8443,17.0,0,14,0,60,20,0
721,6,49524,53,0.0,0,681,0,255,20,0
62,17,12006,53,0.0,0,280,0,64,20,0
54,6,20806,443,2.0,0,14,0,115,20,0
46,6,19041,80,2.0,0,0,0,12,20,1
92,1,0,0,0.0,8,33,0,12,20,1
54,6,6337,443,17.0,0,14,0,52,20,0
66,6,16659,8443,16.0,0,26,0,60,20,0
453,17,4541,53,0.0,0,106,0,64,20,0
77,6,34601,80,2.0,0,37,0,64,20,0
54,6,6694,443,18.0,0,14,0,58,20,0
99,6,9582,8443,17.0,0,59,0,115,20,0
1227,17,27014,255,0.0,0,1187,1,3,20,1
369,6,4290,53,16.0,0,329,0,64,20,0
59,6,6645,80,2.0,0,0,0,20,20,1
227,17,22563,53,0.0,0,227,0,128,20,0
443,17,4493,53,0.0,0,34,0,64,20,0
150,6,33603,80,2.0,0,110,0,255,20,0
54,6,54449,8443,16.0,0,14,0,60,20,0
208,6,52165,5432,0.0,0,168,1,56,20,0
162,6,8667,22,16.0,0,122,0,128,20,0
597,6,60962,80,17.0,0,557,0,255,20,0
854,6,8880,8443,16.0,0,814,0,115,20,0
871,17,10269,53,16.0,0,831,0,64,20,0
365,17,60055,53,0.0,0,428,0,128,20,0
74,6,8557,8443,17.0,0,34,0,128,20,0
74,6,52048,8443,16.0,0,34,0,120,20,0
130,6,20478,22,16.0,0,90,0,128,20,0
222,17,19623,80,17.0,0,182,0,56,20,0
1405,17,48917,80,16.0,0,1365,0,56,20,0
54,6,30817,8443,2.0,0,14,0,60,20,0
1456,17,27068,22,17.0,0,1416,0,60,20,0
443,17,9223,53,0.0,0,315,0,128,20,0
241,6,21552,8443,16.0,0,201,0,56,20,0
207,6,44851,443,16.0,0,167,0,119,20,0
736,1,52063,443,16.0,0,696,1,60,20,0
49,6,52156,80,2.0,0,0,0,8,20,1
1378,6,19483,8080,16.0,0,1338,0,255,20,0
977,17,5574,53,2.0,0,937,0,60,20,0
199,6,12423,80,17.0,0,159,0,255,20,0
781,6,8786,80,0.0,0,741,0,255,20,0
1459,17,16211,22,17.0,0,1419,0,255,20,0
151,6,7415,443,16.0,0,111,0,119,20,0
526,17,4522,53,0.0,0,486,0,56,20,0
54,6,33191,8443,2.0,0,14,0,128,20,0
386,17,62105,53,0.0,0,388,0,128,20,0
162,6,52625,22,16.0,0,122,0,64,20,0
74,6,33040,8443,24.0,0,34,0,117,20,0
66,6,64260,8000,2.0,0,26,0,58,20,0
368,6,45213,3306,17.0,0,328,0,60,20,0
162,6,6929,22,24.0,0,122,0,128,20,0
151,6,60453,80,0.18,0,111,0,128,20,0
308,17,10271,53,0.0,0,287,0,64,20,0
42,6,28214,80,2.0,0,0,0,18,20,1
846,6,28380,8443,16.0,0,806,0,56,20,0
54,6,22608,8443,16.0,0,14,0,117,20,0
293,17,26351,53,0.0,0,74,0,128,20,0
114,6,49369,22,24.0,0,74,0,64,20,0
66,6,27972,22,16.0,0,26,0,128,20,0
93,6,8733,80,16.0,0,53,0,58,20,0
77,1,0,0,0.0,8,25,0,18,20,1
1001,17,58690,743,0.0,0,1403,0,6,20,1
114,6,4496,22,16.0,0,74,0,128,20,0
50,17,12156,5432,16.0,0,10,0,64,20,0
54,6,43795,443,24.0,0,14,0,51,20,0
1043,6,58624,8080,0.18,0,1003,0,58,20,0
258,6,42603,22,16.0,0,218,0,64,20,0
476,6,15473,8080,16.0,0,436,0,255,20,0
55,6,50282,59362,2.0,0,0,0,64,20,1
512,6,40836,8080,16.0,0,472,0,255,20,0
1193,6,11215,80,2.0,0,1153,0,64,20,0
54,6,28789,443,24.0,0,14,0,49,20,0
604,6,22536,53,2.0,0,564,0,60,20,0
1385,6,12307,5432,2.0,0,1345,0,56,20,0
492,17,57773,53,0.0,0,228,0,128,20,0
48,6,52347,80,16.0,0,8,0,255,20,0
66,6,10289,8443,18.0,0,26,0,60,20,0
40,6,12576,41401,2.0,0,0,0,64,20,1
66,6,3065,22,16.0,0,26,0,128,20,0
1339,17,21391,703,0.0,0,1382,0,3,20,1
1236,6,62502,443,16.0,0,1196,0,60,20,0
233,17,20213,53,0.0,0,220,0,64,20,0
59,6,27576,80,2.0,0,0,0,16,20,1
255,6,29214,22,16.0,0,215,0,255,20,0
74,6,35183,443,16.0,0,34,0,115,20,0
994,6,22411,443,16.0,0,954,0,60,20,0
54,6,17477,443,2.0,0,14,0,119,20,0
92,6,9481,80,0.0,0,52,0,255,20,0
66,6,15154,443,2.0,0,26,0,51,20,0
199,6,54168,8443,16.0,0,159,0,128,20,0
58,6,55874,18717,2.0,0,0,0,64,20,1
201,6,27529,8443,17.0,0,161,0,51,20,0
182,6,60831,8443,16.0,0,142,0,57,20,0
66,6,21614,443,16.0,0,26,0,120,20,0
66,6,33463,443,24.0,0,26,0,56,20,0
1245,17,49623,374,0.0,0,1232,0,9,20,1
66,6,53081,443,2.0,0,26,0,117,20,0
91,1,0,0,0.0,8,29,0,5,20,1
41,6,64522,80,2.0,0,0,0,12,20,1
282,6,38459,3306,24.0,0,242,0,60,20,0
42,6,46205,6884,2.0,0,0,0,64,20,1
54,6,4034,443,16.0,0,14,0,57,20,0
53,6,8237,8000,0.18,0,13,0,56,20,0
203,6,60135,8443,16.0,0,163,0,54,20,0
66,6,61833,22,16.0,0,26,0,64,20,0
220,6,25513,443,24.0,0,180,0,58,20,0
888,6,15717,8443,24.0,0,848,0,60,20,0
1031,6,55744,8080,17.0,0,991,0,60,20,0
1345,6,15604,3306,16.0,0,1305,0,56,20,0
131,6,12627,8000,16.0,0,91,0,255,20,0
1306,17,63423,3306,17.0,0,1266,0,64,20,0
1464,17,61441,801,0.0,0,1090,0,4,20,1
74,6,25275,8443,2.0,0,34,0,57,20,0
1087,17,37824,315,0.0,0,1408,0,8,20,1
54,6,41240,443,24.0,0,14,0,120,20,0
74,6,65136,443,16.0,0,34,0,58,20,0
170,17,31665,22,17.0,0,130,0,60,20,0
66,6,61848,8443,17.0,0,26,0,57,20,0
184,6,9076,22,16.0,0,144,0,128,20,0
86,6,22416,443,2.0,0,46,0,255,20,0
66,6,64068,443,16.0,0,26,0,51,20,0
297,6,31733,8080,0.18,0,257,0,64,20,0
66,6,21473,22,16.0,0,26,0,64,20,0
255,6,21930,8443,16.0,0,215,0,54,20,0
227,6,11799,443,16.0,0,187,0,49,20,0
541,17,61124,5432,2.0,0,501,0,56,20,0
338,17,22115,22,16.0,0,298,0,255,20,0
55,6,5236,80,2.0,0,0,0,20,20,1
296,6,49500,8443,16.0,0,256,0,57,20,0
258,6,45431,22,24.0,0,218,0,64,20,0
66,6,17822,22,24.0,0,26,0,128,20,0
1217,6,5975,8443,16.0,0,1177,0,51,20,0
1177,17,29594,406,0.0,0,1215,0,5,20,1
114,6,35663,22,24.0,0,74,0,128,20,0
47,6,23990,8080,16.0,0,7,0,128,20,0
125,17,19816,53,0.0,0,20,0,128,20,0
54,6,42801,8443,16.0,0,14,0,51,20,0
1062,6,48697,8080,16.0,0,1022,0,64,20,0
1310,6,2192,8443,16.0,0,1270,0,54,20,0
116,6,6743,8000,17.0,0,76,0,128,20,0
40,1,0,0,0.0,8,11,0,7,20,1
557,6,14701,8000,16.0,0,517,0,255,20,0
1163,6,31940,443,17.0,0,1123,0,51,20,0
162,6,31826,8000,17.0,0,122,0,64,20,0
183,6,31101,8443,17.0,0,143,0,118,20,0
74,6,26425,8443,18.0,0,34,0,57,20,0
378,17,12761,53,0.0,0,71,0,64,20,0
74,6,13085,8443,24.0,0,34,0,118,20,0
54,6,16990,443,2.0,0,14,0,60,20,0
162,6,62106,22,16.0,0,122,0,128,20,0
82,1,0,0,0.0,8,45,0,1,20,1
55,6,38869,56629,2.0,0,0,0,64,20,1
74,6,9816,8443,17.0,0,34,0,120,20,0
735,6,57748,80,0.18,0,695,0,56,20,0
106,6,35202,443,16.0,0,66,0,56,20,0
162,6,41753,22,24.0,0,122,0,64,20,0
103,6,17309,80,2.0,0,63,0,57,20,0
59,6,60526,80,2.0,0,0,0,17,20,1
279,6,1970,443,16.0,0,239,0,56,20,0
66,6,61225,8443,17.0,0,26,0,115,20,0
180,17,53364,53,0.0,0,455,0,128,20,0
54,6,50723,8443,17.0,0,14,0,58,20,0
207,6,38285,5432,0.0,0,167,0,60,20,0
581,6,10036,443,2.0,0,541,0,255,20,0
74,6,42361,8443,16.0,0,34,0,128,20,0
289,6,42684,53,0.0,0,249,0,56,20,0
66,6,48139,8443,24.0,0,26,0,118,20,0
348,17,55181,53,0.0,0,150,0,64,20,0
84,1,0,0,0.0,8,1,0,14,20,1
48,6,34385,62362,2.0,0,0,0,64,20,1
114,6,58507,22,16.0,0,74,0,128,20,0
181,6,12161,22,17.0,0,141,0,128,20,0
809,6,2566,8080,2.0,0,769,0,255,20,0
647,1,57756,8080,0.0,0,607,0,60,20,0
114,6,37908,443,17.0,0,74,0,128,20,0
74,6,36916,443,24.0,0,34,0,58,20,0
114,6,17882,22,16.0,0,74,0,128,20,0
1455,17,19831,203,0.0,0,1265,1,7,20,1
114,6,41008,22,24.0,0,74,0,64,20,0
1129,17,52029,25,0.0,0,1417,0,5,20,1
877,6,17791,8000,2.0,0,837,0,255,20,0
54,6,51975,54684,2.0,0,0,0,64,20,1
353,17,35456,53,0.0,0,235,0,128,20,0
1216,6,58614,80,16.0,0,1176,0,56,20,0
184,6,54090,22,16.0,0,144,0,128,20,0
54,6,23390,443,24.0,0,14,0,64,20,0
1123,1,2682,5432,16.0,0,1083,0,255,20,0
467,17,1202,53,0.0,0,56,0,64,20,0
883,6,22174,80,2.0,0,843,0,60,20,0
348,17,28304,53,0.0,0,77,0,64,20,0
361,1,21747,3306,16.0,0,321,0,60,20,0
1163,17,21927,572,0.0,0,1138,0,3,20,1
82,1,0,0,0.0,8,0,0,14,20,1
1409,6,24801,8443,16.0,0,1369,0,128,20,0
74,6,16996,8443,17.0,0,34,0,115,20,0
114,6,6123,22,16.0,0,74,0,64,20,0
1316,6,3275,443,16.0,0,1276,0,49,20,0
66,6,59025,8443,17.0,0,26,0,57,20,0
952,6,36608,22,16.0,0,912,0,60,20,0
1310,17,19443,22,24.0,0,1270,0,255,20,0
184,6,31016,443,2.0,0,144,0,119,20,0
1293,17,33782,128,0.0,0,1072,0,4,20,1
108,6,59152,8443,16.0,0,68,0,57,20,0
1495,1,23587,22,17.0,0,1455,0,60,20,0
969,17,25658,22,0.0,0,929,0,56,20,0
790,6,23487,80,17.0,0,750,0,60,20,0
887,6,19182,8080,2.0,0,847,0,56,20,0
74,6,38923,443,17.0,0,34,0,60,20,0
424,17,20292,53,0.0,0,391,0,128,20,0
54,6,6864,8443,18.0,0,14,0,117,20,0
924,6,64159,53,17.0,0,884,0,255,20,0
1422,6,15751,8080,17.0,0,1382,0,58,20,0
582,6,43538,443,17.0,0,542,0,56,20,0
443,6,38281,80,17.0,0,403,0,255,20,0
344,6,2697,5432,16.0,0,304,0,255,20,0
1121,1,8397,8080,16.0,0,1081,0,255,20,0
54,6,52506,443,16.0,0,14,0,52,20,0
119,6,32481,8000,16.0,0,79,0,58,20,0
162,6,34612,22,24.0,0,122,0,64,20,0
786,17,26681,443,2.0,0,746,0,128,20,0
74,6,40157,443,16.0,0,34,0,54,20,0
1099,17,8008,443,17.0,0,1059,0,64,20,0
74,6,23412,443,16.0,0,34,0,58,20,0
148,17,27868,53,0.0,0,135,0,64,20,0
54,6,58632,443,16.0,0,14,0,49,20,0
238,17,19908,53,0.0,0,287,0,128,20,0
1381,6,35941,443,24.0,0,1341,0,57,20,0
118,6,26024,443,17.0,0,78,0,56,20,0
74,6,13478,443,18.0,0,34,0,115,20,0
406,17,42081,53,0.0,0,329,0,64,20,0
678,17,46605,3306,17.0,0,638,0,255,20,0
66,6,8861,8443,16.0,0,26,0,51,20,0
1158,17,51609,74,0.0,0,1155,0,8,20,1
117,6,9191,80,17.0,0,77,0,57,20,0
55,6,57243,8000,16.0,0,15,0,57,20,0
305,6,37926,8080,0.0,0,265,0,64,20,0
1342,6,51209,5432,0.0,0,1302,0,60,20,0
1219,6,26278,80,0.18,0,1179,0,128,20,0
1131,17,41599,22,16.0,0,1091,0,128,20,0
199,6,63361,53,2.0,0,159,0,128,20,0
987,6,44896,443,17.0,0,947,0,128,20,0
131,6,46122,8443,16.0,0,91,0,118,20,0
54,6,9757,8443,16.0,0,14,0,60,20,0
66,6,35948,443,16.0,0,26,0,55,20,0
576,6,33545,3306,16.0,0,536,0,56,20,0
66,6,35602,443,16.0,0,26,0,128,20,0
66,6,40644,443,16.0,0,26,0,56,20,0
330,17,49686,53,0.0,0,256,0,64,20,0
945,6,52399,8443,16.0,0,905,0,56,20,0
968,6,28887,22,17.0,0,928,0,64,20,0
151,6,50592,8000,2.0,0,111,0,58,20,0
198,6,12140,8080,2.0,0,158,0,57,20,0
154,17,42534,53,0.0,0,228,0,64,20,0
1287,6,22424,443,16.0,0,1247,0,115,20,0
1102,6,13094,443,17.0,0,1062,0,117,20,0
414,17,27385,53,0.0,0,433,0,128,20,0
427,1,40028,3306,16.0,0,387,0,128,20,0
28,1,0,0,0.0,8,8,0,4,20,1
184,6,40049,22,24.0,0,144,0,128,20,0
1217,17,23052,53,2.0,0,1177,0,60,20,0
154,6,18992,80,17.0,0,114,0,128,20,0
258,6,55593,22,24.0,0,218,0,64,20,0
66,6,40555,443,18.0,0,26,0,58,20,0
263,6,11778,8443,16.0,0,223,0,54,20,0
377,6,38029,5432,24.0,0,337,0,60,20,0
53,6,16943,60255,2.0,0,0,0,64,20,1
113,17,29027,53,0.0,0,133,0,64,20,0
959,6,57524,5432,0.0,0,919,0,255,20,0
59,1,0,0,0.0,8,24,0,5,20,1
57,6,24845,80,2.0,0,0,0,21,20,1
51,6,51094,80,2.0,0,0,0,27,20,1
74,6,31087,443,24.0,0,34,0,118,20,0
56,6,48196,80,2.0,0,0,0,16,20,1
184,6,31096,22,16.0,0,144,0,128,20,0
1467,6,55500,80,17.0,0,1427,0,128,20,0
1149,6,3268,443,2.0,0,1109,0,56,20,0
595,6,47364,53,17.0,0,555,0,64,20,0
931,17,22260,80,2.0,0,891,0,128,20,0
54,6,51543,8443,16.0,0,14,0,55,20,0
279,6,60681,443,17.0,0,239,0,128,20,0
162,6,53188,22,24.0,0,122,0,64,20,0
1437,6,53414,22,2.0,0,1397,1,64,20,0
150,6,6659,8080,16.0,0,110,0,57,20,0
41,6,55562,40663,2.0,0,0,0,64,20,1
942,6,28962,443,16.0,0,902,0,118,20,0
177,17,17452,80,24.0,0,137,0,128,20,0
1155,6,47894,80,17.0,0,1115,0,128,20,0
160,6,41421,8080,0.18,0,120,0,57,20,0
371,17,22140,53,0.0,0,193,0,64,20,0
501,17,7900,53,0.0,0,383,0,64,20,0
1053,6,20011,443,16.0,0,1013,0,117,20,0
1142,17,62313,440,0.0,0,953,0,7,20,1
1050,6,6320,443,16.0,0,1010,0,60,20,0
1237,17,4107,617,0.0,0,1295,0,8,20,1
59,6,4464,43953,2.0,0,0,0,64,20,1
310,6,16479,8080,16.0,0,270,0,64,20,0
129,6,6281,8000,2.0,0,89,0,56,20,0
30,1,0,0,0.0,8,36,0,1,20,1
54,6,28305,443,16.0,0,14,0,51,20,0
410,17,54430,53,0.0,0,249,0,64,20,0
1088,6,13045,8443,18.0,0,1048,0,49,20,0
460,6,12791,80,2.0,0,420,0,64,20,0
130,6,55517,22,24.0,0,90,0,128,20,0
66,6,30175,22,24.0,0,26,0,64,20,0
180,17,15676,53,0.0,0,310,0,128,20,0
292,17,10899,53,0.0,0,41,0,128,20,0
1324,6,48687,8443,17.0,0,1284,0,56,20,0
114,6,4231,22,24.0,0,74,0,64,20,0
74,6,9331,443,16.0,0,34,0,49,20,0
1080,6,8700,8080,16.0,0,1040,0,255,20,0
396,17,9511,53,0.0,0,217,0,128,20,0
100,6,54997,8000,16.0,0,60,0,128,20,0
333,17,46359,53,0.0,0,125,0,128,20,0
1200,6,30656,443,2.0,0,1160,0,60,20,0
74,6,46264,8443,16.0,0,34,0,115,20,0
133,6,3877,8000,16.0,0,93,0,56,20,0
111,6,31916,80,2.0,0,71,0,58,20,0
66,6,30861,22,16.0,0,26,0,64,20,0
1175,6,61378,8080,16.0,0,1135,0,255,20,0
56,1,0,0,0.0,8,39,0,18,20,1
474,17,63121,53,0.0,0,224,0,128,20,0
945,17,9457,53,24.0,0,905,0,255,20,0
1272,17,52683,8080,16.0,0,1232,0,56,20,0
54,6,22662,443,24.0,0,14,0,119,20,0
112,6,42293,8443,24.0,0,72,0,118,20,0
74,6,1374,443,16.0,0,34,0,55,20,0
349,6,51488,8080,24.0,0,309,0,60,20,0
1505,17,27162,3306,0.0,0,1460,0,56,20,0
1418,6,10788,8080,2.0,0,1378,0,128,20,0
1176,17,21494,459,0.0,0,1207,1,6,20,1
386,17,52098,53,0.0,0,59,0,128,20,0
258,6,20723,22,24.0,0,218,0,64,20,0
66,6,18424,443,24.0,0,26,0,57,20,0
184,6,35286,22,16.0,0,144,0,64,20,0
184,6,45680,8000,17.0,0,144,0,57,20,0
74,6,28785,443,18.0,0,34,0,56,20,0
139,17,42620,53,0.0,0,441,0,128,20,0
828,6,33438,5432,2.0,0,788,0,64,20,0
173,6,18934,8080,2.0,0,133,0,255,20,0
392,6,34833,80,0.18,0,352,0,58,20,0
220,6,35727,443,17.0,0,180,0,255,20,0
470,6,3572,53,2.0,0,430,0,255,20,0
1383,6,20749,22,0.0,0,1343,0,64,20,0
46,6,30843,80,2.0,0,0,0,21,20,1
1237,17,14946,646,0.0,0,978,0,5,20,1
82,6,21912,80,2.0,0,42,0,255,20,0
162,6,17952,22,16.0,0,122,0,128,20,0
1086,6,62132,8443,2.0,0,1046,0,128,20,0
43,6,31807,80,2.0,0,0,0,14,20,1
691,6,32397,443,16.0,0,651,0,128,20,0
258,6,16787,22,24.0,0,218,0,64,20,0
275,6,3066,443,18.0,0,235,0,118,20,0
54,6,48500,8443,2.0,0,14,0,119,20,0
1028,6,40560,443,2.0,0,988,0,117,20,0
440,6,20865,443,16.0,0,400,0,56,20,0
1359,6,64277,8080,17.0,0,1319,0,255,20,0
453,17,51342,8080,24.0,0,413,0,64,20,0
855,6,59199,8443,16.0,0,815,0,120,20,0
54,6,10971,8443,16.0,0,14,0,119,20,0
74,6,36313,443,17.0,0,34,0,52,20,0
66,6,17387,443,16.0,0,26,0,51,20,0
66,6,48387,443,2.0,0,26,0,49,20,0
89,1,0,0,0.0,8,4,0,11,20,1
605,6,58213,22,0.0,0,565,0,255,20,0
66,6,2473,443,2.0,0,26,0,119,20,0
54,6,28699,443,17.0,0,14,0,51,20,0
66,6,36393,8443,24.0,0,26,0,56,20,0
130,6,8533,8000,17.0,0,90,0,57,20,0
38,1,0,0,0.0,8,12,0,9,20,1
115,17,38440,53,0.0,0,427,0,128,20,0
66,6,34761,443,16.0,0,26,0,49,20,0
737,6,41222,443,2.0,0,697,0,56,20,0
54,6,3147,443,16.0,0,14,0,51,20,0
987,6,5691,22,24.0,0,947,0,64,20,0
412,17,11999,53,0.0,0,312,0,128,20,0
1115,17,6331,343,0.0,0,1138,1,7,20,1
221,17,25035,80,16.0,0,181,0,255,20,0
66,6,3055,8443,18.0,0,26,0,54,20,0
66,6,52541,443,2.0,0,26,0,52,20,0
1027,6,63032,443,16.0,0,987,0,60,20,0
500,17,44586,53,0.0,0,63,0,64,20,0
74,6,55451,443,16.0,0,34,0,55,20,0
66,6,40089,443,16.0,0,26,0,119,20,0
66,6,46920,22,16.0,0,26,0,128,20,0
74,6,34733,443,16.0,0,34,0,60,20,0
54,6,25519,443,16.0,0,14,0,119,20,0
40,1,0,0,0.0,8,25,0,5,20,1
775,6,4085,53,16.0,0,735,0,255,20,0
1025,6,20900,5432,16.0,0,985,0,64,20,0
162,6,7287,22,24.0,0,122,0,64,20,0
184,6,7921,22,16.0,0,144,0,64,20,0
1322,17,26779,863,0.0,0,1144,0,1,20,1
614,17,5943,5432,17.0,0,574,0,60,20,0
874,6,61866,8443,16.0,0,834,0,51,20,0
1189,17,30626,834,0.0,0,1204,0,4,20,1
253,6,49405,3306,2.0,0,213,0,64,20,0
152,6,5777,80,16.0,0,112,0,128,20,0
458,6,15142,8080,2.0,0,418,0,64,20,0
377,17,37806,53,0.0,0,463,0,128,20,0
451,6,50004,8000,2.0,0,411,0,58,20,0
74,6,8881,8443,18.0,0,34,0,120,20,0
54,6,21052,443,16.0,0,14,0,51,20,0
725,6,23903,8080,2.0,0,685,0,56,20,0
1289,6,41568,8443,17.0,0,1249,0,64,20,0
1503,6,55734,443,17.0,0,1460,0,64,20,0
66,6,18719,443,24.0,0,26,0,51,20,0
198,6,64812,5432,0.0,0,158,0,255,20,0
564,6,58675,443,17.0,0,524,0,128,20,0
1199,6,17950,53,17.0,0,1159,0,128,20,0
1415,6,18130,8443,16.0,0,1375,0,60,20,0
187,6,50433,80,17.0,0,147,0,57,20,0
85,17,53020,53,0.0,0,305,0,64,20,0
392,6,17756,53,0.0,0,352,0,56,20,0
74,6,15220,443,16.0,0,34,0,118,20,0
1247,17,33761,188,0.0,0,1444,1,1,20,1
54,6,36616,443,16.0,0,14,0,119,20,0
1125,6,42933,8443,17.0,0,1085,0,117,20,0
42,6,36994,20805,2.0,0,0,0,64,20,1
1066,1,15785,22,24.0,0,1026,0,128,20,0
74,6,52035,443,16.0,0,34,0,49,20,0
1273,6,61920,80,16.0,0,1233,0,58,20,0
503,17,24280,53,0.0,0,353,0,128,20,0
82,1,0,0,0.0,8,46,0,10,20,1
181,6,12381,8080,16.0,0,141,0,64,20,0
258,6,20163,22,24.0,0,218,0,64,20,0
781,6,35060,53,16.0,0,741,0,64,20,0
287,17,41163,53,0.0,0,264,0,64,20,0
401,17,37769,8080,2.0,0,361,0,60,20,0
904,17,12381,443,2.0,0,864,0,64,20,0
1120,17,40810,80,0.0,0,1080,0,128,20,0
1224,17,23412,139,0.0,0,1203,0,5,20,1
74,6,28412,443,18.0,0,34,0,52,20,0
130,6,27959,22,16.0,0,90,0,128,20,0
1045,6,26124,80,17.0,0,1005,0,64,20,0
54,6,60574,443,16.0,0,14,0,119,20,0
1052,6,41516,8080,17.0,0,1012,0,64,20,0
112,17,63692,53,0.0,0,384,0,64,20,0
207,6,26387,8443,16.0,0,167,0,52,20,0
310,17,34291,80,2.0,0,270,0,255,20,0
1464,6,40800,3306,16.0,0,1424,0,56,20,0
1464,6,52726,8443,2.0,0,1424,0,58,20,0
74,6,64006,443,17.0,0,34,0,55,20,0
157,6,27963,80,17.0,0,117,0,60,20,0
164,6,64082,80,16.0,0,124,0,128,20,0
178,6,57123,8443,24.0,0,138,0,64,20,0
52,6,29516,22,17.0,0,12,0,255,20,0
268,6,27556,8443,17.0,0,228,0,117,20,0
794,6,46111,8000,17.0,0,754,0,255,20,0
1223,6,38396,8080,17.0,0,1183,0,57,20,0
53,6,30306,80,2.0,0,0,0,14,20,1
66,17,27556,3306,2.0,0,26,0,60,20,0
890,17,22307,443,0.0,0,850,0,255,20,0
998,6,15610,3306,0.0,0,958,0,255,20,0
54,6,43785,443,16.0,0,14,0,56,20,0
1277,6,3508,8000,2.0,0,1237,0,64,20,0
228,17,11666,53,0.0,0,126,0,64,20,0
1440,17,9783,748,0.0,0,1422,1,2,20,1
115,6,31164,80,16.0,0,75,0,64,20,0
268,17,30420,53,0.0,0,413,0,128,20,0
1461,6,6998,8443,18.0,0,1421,0,115,20,0
1330,6,42050,5432,2.0,0,1290,0,255,20,0
66,6,40921,443,16.0,0,26,0,117,20,0
130,6,9659,8443,16.0,0,90,0,54,20,0
66,6,18051,8443,16.0,0,26,0,51,20,0
1233,6,44132,80,2.0,0,1193,0,56,20,0
53,6,19602,64480,2.0,0,0,0,64,20,1
733,17,42615,3306,2.0,0,693,0,56,20,0
74,6,45849,8443,2.0,0,34,0,120,20,0
238,6,14443,443,2.0,0,198,0,119,20,0
114,6,57796,22,24.0,0,74,0,64,20,0
189,6,28933,80,2.0,0,149,0,56,20,0
122,17,24891,53,0.0,0,94,0,128,20,0
431,17,10881,53,0.0,0,162,0,128,20,0
217,6,21191,443,17.0,0,177,0,120,20,0
1508,6,24590,80,17.0,0,1460,0,128,20,0
962,6,31643,5432,2.0,0,922,0,64,20,0
532,6,61965,80,17.0,0,492,0,128,20,0
143,6,61935,5432,16.0,0,103,0,255,20,0
116,6,27896,80,24.0,0,76,0,255,20,0
1450,6,38242,80,0.0,0,1410,0,255,20,0
74,6,28076,443,17.0,0,34,0,64,20,0
184,6,58308,22,24.0,0,144,0,64,20,0
57,1,0,0,0.0,8,47,0,15,20,1
297,17,46486,53,0.0,0,442,0,64,20,0
63,6,33055,80,2.0,0,23,0,255,20,0
49,6,11368,27962,2.0,0,0,0,64,20,1
44,1,0,0,0.0,8,36,0,16,20,1
902,6,25384,3306,0.0,0,862,0,64,20,0
66,6,25429,443,18.0,0,26,0,117,20,0
52,1,0,0,0.0,8,54,0,8,20,1
1102,6,35365,8000,2.0,0,1062,0,57,20,0
54,6,48588,443,2.0,0,14,0,49,20,0
41,1,0,0,0.0,8,3,0,16,20,1
114,6,37517,22,24.0,0,74,0,128,20,0
368,6,37279,22,17.0,0,328,0,60,20,0
54,6,33356,443,16.0,0,14,0,56,20,0
205,6,61138,443,24.0,0,165,0,64,20,0
74,6,1925,443,2.0,0,34,0,55,20,0
69,1,0,0,0.0,8,14,0,15,20,1
61,1,0,0,0.0,8,35,0,5,20,1
360,6,49562,5432,0.0,0,320,0,128,20,0
258,6,12503,22,24.0,0,218,0,128,20,0
74,6,61916,8443,18.0,0,34,0,119,20,0
733,1,17262,8080,0.0,0,693,0,64,20,0
504,6,56609,8080,16.0,0,464,0,255,20,0
968,6,47934,8080,0.18,0,928,0,255,20,0
74,6,39786,443,18.0,0,34,0,64,20,0
164,6,13851,80,16.0,0,124,0,64,20,0
54,6,23427,443,16.0,0,14,0,52,20,0
66,6,34412,22,16.0,0,26,0,64,20,0
51,6,11500,23455,2.0,0,0,0,64,20,1
131,6,43392,8080,16.0,0,91,0,64,20,0
54,6,35868,8443,16.0,0,14,0,120,20,0
141,17,36392,53,0.0,0,162,0,64,20,0
74,6,48049,443,16.0,0,34,0,119,20,0
66,6,7572,443,17.0,0,26,0,55,20,0
130,6,13198,22,16.0,0,90,0,64,20,0
173,17,57872,53,0.0,0,37,0,128,20,0
66,6,18309,443,24.0,0,26,0,120,20,0
70,6,51644,8000,2.0,0,30,0,255,20,0
45,6,40557,80,2.0,0,0,0,16,20,1
184,6,38988,22,24.0,0,144,0,64,20,0
130,6,3788,22,24.0,0,90,0,128,20,0
452,6,40795,53,0.0,0,412,0,64,20,0
1397,6,64102,8080,2.0,0,1357,0,64,20,0
1034,17,57808,3306,2.0,0,994,0,255,20,0
74,6,19255,8443,16.0,0,34,0,51,20,0
103,6,17733,8000,16.0,0,63,0,255,20,0
47,6,41377,80,2.0,0,0,0,29,20,1
66,6,27355,8443,2.0,0,26,0,56,20,0
1498,6,49271,8443,16.0,0,1458,0,56,20,0
54,6,60237,8443,24.0,0,14,0,58,20,0
232,17,30091,53,0.0,0,296,0,64,20,0
191,6,22069,8443,17.0,0,151,0,52,20,0
199,6,2248,8080,0.18,0,159,0,56,20,0
195,17,58919,53,0.0,0,103,0,128,20,0
212,17,28955,53,0.0,0,195,0,64,20,0
223,6,19669,8443,16.0,0,183,0,57,20,0
123,6,45746,443,16.0,0,83,0,52,20,0
1487,17,5084,763,0.0,0,1437,0,8,20,1
387,17,6954,53,0.0,0,405,0,64,20,0
127,6,58687,443,16.0,0,87,0,49,20,0
51,6,29618,80,2.0,0,0,0,11,20,1
1327,17,15866,22,16.0,0,1287,0,56,20,0
419,17,42658,53,0.0,0,30,0,128,20,0
458,17,14573,53,0.0,0,320,0,128,20,0
42,6,44233,80,2.0,0,0,0,15,20,1
66,6,60778,8443,2.0,0,26,0,118,20,0
66,6,43354,443,16.0,0,26,0,55,20,0
66,6,34315,8443,18.0,0,26,0,119,20,0
586,6,37416,80,2.0,0,546,0,255,20,0
43,6,11791,62617,2.0,0,0,0,64,20,1
445,17,10145,53,0.0,0,377,0,64,20,0
357,17,46222,53,0.0,0,32,0,64,20,0
1470,1,27638,80,2.0,0,1430,0,64,20,0
993,6,41758,443,16.0,0,953,0,57,20,0
457,17,46193,53,0.0,0,228,0,128,20,0
206,6,62846,443,16.0,0,166,0,55,20,0
199,6,28301,3306,16.0,0,159,0,128,20,0
1128,6,26211,80,2.0,0,1088,0,64,20,0
96,17,40457,53,0.0,0,220,0,128,20,0
66,6,8022,443,16.0,0,26,0,51,20,0
58,6,24530,11089,2.0,0,0,0,64,20,1
1013,6,36265,8080,2.0,0,973,0,56,20,0
474,17,26329,53,0.0,0,296,0,64,20,0
99,1,0,0,0.0,8,13,0,4,20,1
66,6,51529,443,24.0,0,26,0,128,20,0
389,17,29463,53,0.0,0,91,0,128,20,0
1420,17,50137,337,0.0,0,1206,0,7,20,1
677,6,18023,22,24.0,0,637,0,255,20,0
54,6,38865,8443,18.0,0,14,0,54,20,0
1472,6,40852,443,16.0,0,1432,0,117,20,0
168,6,14631,443,24.0,0,128,0,128,20,0
46,6,21007,80,2.0,0,0,0,11,20,1
54,6,5392,443,2.0,0,14,0,57,20,0
40,6,26579,80,2.0,0,0,0,25,20,1
130,6,8111,80,17.0,0,90,0,58,20,0
1218,6,57502,8000,17.0,0,1178,0,58,20,0
66,6,45525,22,24.0,0,26,0,64,20,0
66,6,55110,8443,24.0,0,26,0,54,20,0
440,17,3051,53,0.0,0,86,0,128,20,0
1129,6,9987,8443,16.0,0,1089,0,117,20,0
146,17,59017,53,0.0,0,53,0,64,20,0
91,6,8287,80,17.0,0,51,0,64,20,0
436,6,65483,53,0.0,0,396,0,56,20,0
54,6,20961,443,16.0,0,14,0,117,20,0
1236,6,28706,53,16.0,0,1196,0,60,20,0
46,6,37318,49450,2.0,0,0,0,64,20,1
1172,6,34945,8000,17.0,0,1132,0,255,20,0
805,6,22249,443,0.0,0,765,0,255,20,0
1221,1,40850,443,2.0,0,1181,0,64,20,0
66,6,20305,8443,2.0,0,26,0,54,20,0
50,6,15006,80,0.18,0,10,0,255,20,0
74,6,39577,443,18.0,0,34,0,118,20,0
151,6,6344,8000,16.0,0,111,0,255,20,0
202,17,16527,53,0.0,0,338,0,64,20,0
1368,6,20750,53,24.0,0,1328,0,255,20,0
44,6,18141,62822,2.0,0,0,0,64,20,1
329,17,31391,53,0.0,0,227,0,128,20,0
1057,6,2137,53,17.0,0,1017,0,56,20,0
149,17,59836,53,0.0,0,165,0,128,20,0
39,1,0,0,0.0,8,10,0,15,20,1
54,6,60555,443,17.0,0,14,0,54,20,0
54,6,18818,8443,2.0,0,14,0,64,20,0
1412,6,31029,443,16.0,0,1372,0,60,20,0
54,6,46288,8443,24.0,0,14,0,49,20,0
930,6,34761,8443,16.0,0,890,0,117,20,0
75,6,46132,3306,0.0,0,35,0,128,20,0
528,6,36340,5432,17.0,0,488,0,56,20,0
858,6,49456,5432,24.0,0,818,0,60,20,0
373,17,55872,53,0.0,0,340,0,128,20,0
175,6,8459,443,24.0,0,135,0,117,20,0
48,6,11520,21594,2.0,0,0,0,64,20,1
65,6,35634,8080,16.0,0,25,0,128,20,0
90,6,3239,22,24.0,0,50,0,64,20,0
66,6,52016,443,18.0,0,26,0,49,20,0
1027,17,33814,80,24.0,0,987,0,64,20,0
1138,17,64984,558,0.0,0,1456,0,9,20,1
210,6,14857,443,16.0,0,170,0,57,20,0
1409,6,63128,8000,2.0,0,1369,0,255,20,0
59,6,3760,80,2.0,0,19,0,58,20,0
66,6,25323,8443,16.0,0,26,0,52,20,0
66,6,44563,443,24.0,0,26,0,119,20,0
184,6,25038,22,24.0,0,144,0,64,20,0
969,6,12047,80,0.0,0,929,0,56,20,0
154,17,31099,53,0.0,0,99,0,128,20,0
355,6,21616,8000,2.0,0,315,0,64,20,0
54,6,55407,8443,24.0,0,14,0,128,20,0
129,17,23525,53,0.0,0,335,0,64,20,0
66,6,4113,443,16.0,0,26,0,54,20,0
909,6,17477,8080,17.0,0,869,0,255,20,0
45,6,65337,80,2.0,0,0,0,21,20,1
414,17,62949,53,0.0,0,239,0,128,20,0
623,6,49863,22,0.0,0,583,0,56,20,0
66,6,38501,443,17.0,0,26,0,54,20,0
615,17,31004,80,2.0,0,575,0,255,20,0
51,6,60361,8080,17.0,0,11,0,64,20,0
1031,6,5118,8000,16.0,0,991,0,58,20,0
66,6,54242,443,18.0,0,26,0,55,20,0
65,1,0,0,0.0,8,24,0,8,20,1
917,6,4281,5432,24.0,0,877,0,64,20,0
130,6,9123,22,16.0,0,90,0,128,20,0
54,6,30344,8443,16.0,0,14,0,60,20,0
56,1,0,0,0.0,8,35,0,8,20,1
578,6,24220,5432,16.0,0,538,0,64,20,0
66,6,13490,8443,18.0,0,26,0,55,20,0
74,6,49757,443,17.0,0,34,0,54,20,0
258,6,2920,22,24.0,0,218,0,64,20,0
122,6,13201,8443,16.0,0,82,0,49,20,0
944,6,33004,443,17.0,0,904,0,117,20,0
848,17,30348,22,2.0,0,808,0,56,20,0
58,6,45651,64993,2.0,0,0,0,64,20,1
1135,6,35911,5432,16.0,0,1095,0,255,20,0
159,6,45894,8000,0.18,0,119,0,56,20,0
1083,6,53092,8080,24.0,0,1043,0,60,20,0
1138,6,36318,8443,24.0,0,1098,0,115,20,0
1257,1,27899,8080,0.0,0,1217,0,60,20,0
53,6,37820,54737,2.0,0,0,0,64,20,1
461,6,64271,53,16.0,0,421,0,60,20,0
192,6,17287,8000,2.0,0,152,0,56,20,0
168,17,62187,443,24.0,0,128,0,128,20,0
69,17,17576,53,0.0,0,35,0,64,20,0
49,6,7027,80,2.0,0,0,0,9,20,1
130,6,4989,22,24.0,0,90,0,128,20,0
132,6,42974,443,16.0,0,92,0,58,20,0
261,6,30024,8080,16.0,0,221,0,56,20,0
113,6,33285,80,17.0,0,73,0,64,20,0
1388,17,58043,805,0.0,0,960,1,8,20,1
74,6,24532,8443,24.0,0,34,0,58,20,0
771,6,52867,5432,2.0,0,731,0,60,20,0
172,6,6584,8000,2.0,0,132,0,58,20,0
184,6,54303,22,16.0,0,144,0,128,20,0
825,17,21113,8080,24.0,0,785,0,64,20,0
89,6,33948,443,16.0,0,49,0,117,20,0
285,6,31586,443,16.0,0,245,0,51,20,0
642,6,60171,53,24.0,0,602,0,56,20,0
1200,6,26210,8443,24.0,0,1160,0,49,20,0
800,17,38456,53,17.0,0,760,0,64,20,0
52,6,30842,41471,2.0,0,0,0,64,20,1
380,6,51024,8080,0.18,0,340,0,58,20,0
66,6,9245,22,24.0,0,26,0,64,20,0
126,6,34723,8080,2.0,0,86,0,56,20,0
74,6,59532,8443,16.0,0,34,0,58,20,0
101,6,51276,53,24.0,0,61,0,255,20,0
124,17,54124,53,0.0,0,413,0,64,20,0
182,6,45616,443,0.0,0,142,0,56,20,0
258,6,1449,22,16.0,0,218,0,64,20,0
54,6,47830,8443,24.0,0,14,0,54,20,0
74,6,46889,443,18.0,0,34,0,118,20,0
384,17,23761,53,0.0,0,426,0,64,20,0
932,6,49639,8443,24.0,0,892,0,55,20,0
199,6,18764,8080,16.0,0,159,0,64,20,0
66,6,9773,22,16.0,0,26,0,64,20,0
74,6,34973,443,16.0,0,34,0,117,20,0
1409,17,11521,3306,16.0,0,1369,0,128,20,0
54,6,63525,8443,17.0,0,14,0,120,20,0
90,6,9891,22,24.0,0,50,0,128,20,0
74,6,54252,8443,24.0,0,34,0,60,20,0
1253,17,59656,382,0.0,0,1364,1,9,20,1
107,6,35980,80,17.0,0,67,0,58,20,0
154,17,36936,53,0.0,0,318,0,64,20,0
316,17,23760,53,0.0,0,344,0,128,20,0
74,6,47048,8443,24.0,0,34,0,57,20,0
84,6,52724,8000,0.18,0,44,0,57,20,0
112,6,24178,8000,17.0,0,72,0,56,20,0
66,6,17551,443,24.0,0,26,0,57,20,0
371,17,42923,53,0.0,0,439,0,64,20,0
99,6,41225,80,16.0,0,59,0,128,20,0
299,6,29436,8443,16.0,0,259,0,57,20,0
74,6,27230,8443,24.0,0,34,0,56,20,0
375,17,22598,53,0.0,0,85,0,128,20,0
113,6,6836,443,16.0,0,73,0,49,20,0
66,6,27522,443,18.0,0,26,0,119,20,0
1415,6,18923,80,2.0,0,1375,0,255,20,0
1108,6,27683,443,2.0,0,1068,0,56,20,0
1329,1,10132,3306,2.0,0,1289,0,56,20,0
489,17,18702,53,0.0,0,350,0,128,20,0
266,6,20127,3306,16.0,0,226,0,255,20,0
86,1,0,0,0.0,8,33,0,10,20,1
55,1,0,0,0.0,8,2,0,12,20,1
1303,6,37325,8000,0.18,0,1263,0,58,20,0
54,6,16984,8443,16.0,0,14,0,60,20,0
881,6,37615,443,2.0,0,841,0,57,20,0
134,6,15560,8443,16.0,0,94,0,119,20,0
44,6,62616,14703,2.0,0,0,0,64,20,1
66,6,4409,8443,18.0,0,26,0,120,20,0
1041,17,65371,443,16.0,0,1001,0,60,20,0
1433,17,40820,56,0.0,0,1280,1,4,20,1
1479,17,43502,22,0.0,0,1439,0,255,20,0
757,6,8484,3306,2.0,0,717,0,128,20,0
375,6,16440,8000,2.0,0,335,0,56,20,0
834,6,37608,22,2.0,0,794,0,64,20,0
162,6,30193,22,24.0,0,122,0,128,20,0
1371,6,8489,8443,16.0,0,1331,0,117,20,0
74,6,58587,8443,2.0,0,34,0,49,20,0
452,17,58788,3306,2.0,0,412,0,255,20,0
1108,6,62329,5432,24.0,0,1068,0,255,20,0
90,6,54403,22,16.0,0,50,0,64,20,0
54,6,42686,8443,16.0,0,14,0,120,20,0
74,6,29972,443,2.0,0,34,0,58,20,0
106,6,17647,8000,16.0,0,66,0,64,20,0
74,6,41480,8443,2.0,0,34,0,128,20,0
1067,6,60926,443,16.0,0,1027,0,64,20,0
130,6,32886,22,16.0,0,90,0,64,20,0
184,6,49414,22,24.0,0,144,0,64,20,0
1039,17,20563,3306,24.0,0,999,0,128,20,0
74,6,60497,443,16.0,0,34,0,51,20,0
761,6,14696,443,2.0,0,721,0,64,20,0
114,6,6844,443,16.0,0,74,0,56,20,0
54,6,10293,443,16.0,0,14,0,120,20,0
70,1,0,0,0.0,8,28,0,14,20,1
87,1,0,0,0.0,8,52,0,12,20,1
907,6,47395,8080,2.0,0,867,0,58,20,0
394,6,19094,8000,2.0,0,354,0,64,20,0
249,17,7250,53,0.0,0,122,0,64,20,0
1049,6,33359,443,16.0,0,1009,0,64,20,0
564,6,33139,3306,2.0,0,524,0,128,20,0
270,6,8154,443,16.0,0,230,0,49,20,0
43,6,21663,4180,2.0,0,0,0,64,20,1
54,6,31523,8443,16.0,0,14,0,120,20,0
66,6,45810,443,24.0,0,26,0,51,20,0
184,6,33931,22,16.0,0,144,0,64,20,0
190,17,2125,53,0.0,0,440,0,128,20,0
54,6,42139,443,16.0,0,14,0,51,20,0
446,17,38699,53,0.0,0,149,0,128,20,0
184,6,34663,22,16.0,0,144,0,128,20,0
473,17,10666,8080,17.0,0,433,0,64,20,0
1052,17,40583,80,0.0,0,1012,0,128,20,0
114,6,33233,22,24.0,0,74,0,64,20,0
54,6,19347,8443,17.0,0,14,0,115,20,0
823,17,3512,53,16.0,0,783,0,56,20,0
322,17,29904,53,0.0,0,276,0,128,20,0
239,6,47459,443,16.0,0,199,0,60,20,0
57,6,30816,80,2.0,0,0,0,23,20,1
90,6,27398,22,16.0,0,50,0,64,20,0
55,6,15424,80,2.0,0,0,0,24,20,1
198,17,61842,53,0.0,0,103,0,64,20,0
57,6,27860,80,2.0,0,0,0,18,20,1
48,1,0,0,0.0,8,18,0,12,20,1
130,6,3666,22,24.0,0,90,0,128,20,0
74,6,11966,8443,24.0,0,34,0,51,20,0
755,6,46963,80,0.18,0,715,0,255,20,0
428,17,43879,53,0.0,0,76,0,64,20,0
1448,6,34661,3306,24.0,0,1408,0,60,20,0
66,6,55657,443,16.0,0,26,0,120,20,0
169,6,23562,8443,16.0,0,129,0,60,20,0
53,6,34149,5432,17.0,0,13,0,56,20,0
184,6,41897,22,16.0,0,144,0,64,20,0
1011,6,57140,8443,16.0,0,971,0,49,20,0
548,6,39183,8080,24.0,0,508,0,128,20,0
37,1,0,0,0.0,8,46,0,11,20,1
74,6,9950,443,16.0,0,34,0,56,20,0
56,1,0,0,0.0,8,54,0,7,20,1
58,6,5415,80,2.0,0,0,0,8,20,1
1397,17,31751,168,0.0,0,1197,0,8,20,1
104,6,46372,8080,2.0,0,64,0,128,20,0
1069,6,9291,3306,17.0,0,1029,0,60,20,0
943,6,9590,8080,2.0,0,903,0,56,20,0
231,6,41323,8443,24.0,0,191,0,52,20,0
122,6,41495,8080,17.0,0,82,0,128,20,0
61,1,0,0,0.0,8,4,0,12,20,1
267,6,24549,8443,2.0,0,227,0,117,20,0
98,17,52558,53,0.0,0,107,0,128,20,0
48,1,0,0,0.0,8,45,0,12,20,1
486,17,21033,53,0.0,0,273,0,64,20,0
74,6,18218,443,16.0,0,34,0,64,20,0
53,6,41081,80,2.0,0,0,0,15,20,1
1098,6,47006,53,16.0,0,1058,0,64,20,0
124,17,16971,53,0.0,0,340,0,128,20,0
848,6,6499,443,0.0,0,808,0,64,20,0
601,6,11915,80,17.0,0,561,0,60,20,0
66,6,11955,8443,24.0,0,26,0,52,20,0
1199,6,51922,22,16.0,0,1159,0,56,20,0
171,6,35910,443,24.0,0,131,0,55,20,0
1002,6,12203,443,2.0,0,962,0,64,20,0
103,17,12881,53,0.0,0,204,0,64,20,0
66,6,45033,443,16.0,0,26,0,51,20,0
66,6,47056,8443,17.0,0,26,0,115,20,0
196,6,41173,443,16.0,0,156,0,60,20,0
669,6,60296,5432,2.0,0,629,0,128,20,0
84,1,0,0,0.0,8,36,0,8,20,1
49,6,63178,80,2.0,0,0,0,28,20,1
1058,6,41995,8080,16.0,0,1018,0,128,20,0
1119,6,38528,53,16.0,0,1079,0,255,20,0
139,6,10712,8080,2.0,0,99,0,56,20,0
54,6,9441,8443,24.0,0,14,0,58,20,0
136,6,38280,8080,17.0,0,96,0,58,20,0
129,6,48821,8000,17.0,0,89,0,57,20,0
1383,6,23142,80,2.0,0,1343,0,255,20,0
1193,17,56537,80,16.0,0,1153,0,255,20,0
148,6,15431,443,24.0,0,108,0,55,20,0
1379,17,62406,807,0.0,0,1386,1,4,20,1
83,17,61571,53,2.0,0,43,0,255,20,0
159,17,4776,53,0.0,0,117,0,64,20,0
1387,6,20768,3306,0.0,0,1347,0,60,20,0
56,6,55327,40753,2.0,0,0,0,64,20,1
840,6,35051,3306,17.0,0,800,0,60,20,0
91,6,5315,53,0.0,0,51,0,56,20,0
90,6,25890,22,16.0,0,50,0,128,20,0
1258,6,12375,8080,16.0,0,1218,0,255,20,0
1165,1,41217,53,24.0,0,1125,0,60,20,0
317,6,13573,443,24.0,0,277,0,64,20,0
385,17,10870,443,16.0,0,345,0,60,20,0
74,6,50458,443,16.0,0,34,0,115,20,0
42,6,26456,54543,2.0,0,0,0,64,20,1
839,6,57490,443,16.0,0,799,0,64,20,0
114,6,13754,22,16.0,0,74,0,128,20,0
584,6,33958,8000,17.0,0,544,0,56,20,0
90,6,39342,22,24.0,0,50,0,128,20,0
1380,6,48964,80,2.0,0,1340,0,56,20,0
108,6,24410,8000,17.0,0,68,0,64,20,0
1344,17,20553,53,16.0,0,1304,0,128,20,0
66,6,64017,8443,17.0,0,26,0,55,20,0
1132,6,8734,443,17.0,0,1092,0,128,20,0
297,6,23493,8443,16.0,0,257,0,64,20,0
447,17,37901,53,0.0,0,223,0,128,20,0
36,1,0,0,0.0,8,39,0,4,20,1
1129,17,23523,8080,0.0,0,1089,0,60,20,0
90,1,0,0,0.0,8,19,0,6,20,1
480,6,2572,22,24.0,0,440,0,64,20,0
114,6,15478,22,24.0,0,74,0,64,20,0
112,17,61657,53,0.0,0,356,0,64,20,0
149,6,24624,80,2.0,0,109,0,57,20,0
258,6,31471,22,16.0,0,218,0,64,20,0
75,6,11507,80,0.18,0,35,0,58,20,0
1080,17,60506,612,0.0,0,1210,1,8,20,1
1458,17,51435,20,0.0,0,1394,0,2,20,1
1284,6,1815,3306,16.0,0,1244,0,56,20,0
158,6,22082,80,16.0,0,118,0,56,20,0
74,6,63263,443,18.0,0,34,0,119,20,0
1367,17,13770,284,0.0,0,1165,0,7,20,1
460,6,40739,443,2.0,0,420,0,128,20,0
677,6,22881,8000,17.0,0,637,0,255,20,0
1093,17,17040,874,0.0,0,1118,0,5,20,1
54,6,2931,8443,2.0,0,14,0,52,20,0
511,17,36924,53,0.0,0,451,0,64,20,0
54,6,41587,443,16.0,0,14,0,60,20,0
74,6,35297,8443,16.0,0,34,0,51,20,0
246,6,18742,8443,16.0,0,206,0,119,20,0
416,17,10727,53,0.0,0,328,0,64,20,0
66,6,33356,22,24.0,0,26,0,128,20,0
159,17,50241,53,0.0,0,25,0,128,20,0
66,6,60343,443,17.0,0,26,0,49,20,0
773,6,65111,443,24.0,0,733,0,128,20,0
48,6,3883,40775,2.0,0,0,0,64,20,1
43,6,47554,80,2.0,0,0,0,2,20,1
54,6,43494,443,2.0,0,14,0,56,20,0
54,6,20546,8443,17.0,0,14,0,55,20,0
897,6,51148,443,17.0,0,857,0,118,20,0
346,17,24304,53,0.0,0,243,0,128,20,0
410,6,43750,8080,16.0,0,370,0,60,20,0
102,17,59683,53,0.0,0,469,0,64,20,0
74,6,31397,8443,16.0,0,34,0,118,20,0
292,6,23861,443,24.0,0,252,0,54,20,0
384,17,40931,53,0.0,0,427,0,64,20,0
258,6,37243,22,16.0,0,218,0,64,20,0
581,6,20223,22,16.0,0,541,0,60,20,0
190,17,21480,53,0.0,0,186,0,128,20,0
272,6,21105,8443,18.0,0,232,0,58,20,0
56,6,50028,80,2.0,0,0,0,18,20,1
162,6,7734,22,24.0,0,122,0,64,20,0
1254,6,6635,443,16.0,0,1214,0,58,20,0
46,6,22270,80,2.0,0,0,0,25,20,1
163,6,59238,443,16.0,0,123,0,64,20,0
66,6,20121,8443,18.0,0,26,0,55,20,0
74,6,32246,8443,16.0,0,34,0,57,20,0
642,6,16629,80,16.0,0,602,0,58,20,0
824,6,22188,443,16.0,0,784,0,57,20,0
74,6,46927,443,16.0,0,34,0,52,20,0
54,6,52078,8443,16.0,0,14,0,64,20,0
1136,6,39263,443,24.0,0,1096,0,52,20,0
1503,6,58061,443,17.0,0,1460,0,64,20,0
59,6,28792,80,2.0,0,0,0,12,20,1
1041,6,30401,443,24.0,0,1001,0,57,20,0
977,6,50367,53,17.0,0,937,0,56,20,0
387,6,23759,8000,2.0,0,347,0,56,20,0
1284,6,22476,443,16.0,0,1244,0,64,20,0
90,6,59844,22,16.0,0,50,0,128,20,0
162,6,9364,22,24.0,0,122,0,64,20,0
103,6,28950,8443,24.0,0,63,0,120,20,0
641,6,11773,80,16.0,0,601,0,56,20,0
321,17,12804,53,0.0,0,147,0,64,20,0
66,6,55021,443,16.0,0,26,0,56,20,0
258,6,33542,22,24.0,0,218,0,128,20,0
99,6,26426,8080,16.0,0,59,0,128,20,0
801,6,13672,5432,24.0,0,761,0,128,20,0
66,6,3048,22,24.0,0,26,0,64,20,0
465,17,29087,53,0.0,0,348,0,128,20,0
1176,6,3366,80,2.0,0,1136,0,255,20,0
258,6,13157,22,24.0,0,218,0,64,20,0
74,6,37990,8443,16.0,0,34,0,64,20,0
597,6,20570,8080,17.0,0,557,0,56,20,0
857,17,30941,53,0.0,0,817,0,64,20,0
1142,6,14552,22,17.0,0,1102,0,56,20,0
1455,6,43869,53,24.0,0,1415,0,255,20,0
66,6,44083,443,24.0,0,26,0,49,20,0
1022,6,8406,443,16.0,0,982,0,60,20,0
90,6,61334,22,16.0,0,50,0,64,20,0
1472,6,10976,80,2.0,0,1432,0,64,20,0
52,6,61525,80,2.0,0,0,0,14,20,1
933,6,55249,8443,16.0,0,893,0,56,20,0
66,6,51569,443,24.0,0,26,0,60,20,0
1216,6,24430,8080,16.0,0,1176,0,60,20,0
74,6,34885,443,18.0,0,34,0,118,20,0
54,6,25378,8443,16.0,0,14,0,64,20,0
44,6,60702,80,2.0,0,4,0,56,20,0
981,6,13950,443,16.0,0,941,0,55,20,0
104,6,10120,8080,2.0,0,64,0,255,20,0
752,6,35843,8000,0.18,0,712,0,128,20,0
55,6,16820,80,2.0,0,0,0,1,20,1
162,6,29716,22,16.0,0,122,0,64,20,0
66,6,49462,22,24.0,0,26,0,128,20,0
1103,17,2095,703,0.0,0,1211,0,7,20,1
488,17,25184,53,0.0,0,244,0,128,20,0
187,6,47538,443,16.0,0,147,0,52,20,0
130,6,1412,22,16.0,0,90,0,128,20,0
66,6,18265,8443,16.0,0,26,0,49,20,0
266,6,64132,8443,24.0,0,226,0,49,20,0
54,6,27502,8443,16.0,0,14,0,64,20,0
1080,6,49809,8443,16.0,0,1040,0,64,20,0
54,6,27526,443,2.0,0,14,0,128,20,0
130,6,16217,22,24.0,0,90,0,64,20,0
868,6,34024,80,16.0,0,828,0,56,20,0
82,6,49560,8080,0.18,0,42,0,128,20,0
249,6,58641,8443,16.0,0,209,0,52,20,0
74,6,2486,8443,16.0,0,34,0,58,20,0
1309,6,34146,22,17.0,0,1269,0,56,20,0
66,6,38449,443,2.0,0,26,0,58,20,0
150,6,47431,443,16.0,0,110,0,120,20,0
40,1,0,0,0.0,8,27,0,18,20,1
50,6,59161,61641,2.0,0,0,0,64,20,1
54,6,19279,443,2.0,0,14,0,55,20,0
927,6,7293,443,24.0,0,887,0,119,20,0
1400,6,11294,80,0.18,0,1360,0,128,20,0
114,6,19960,22,16.0,0,74,0,128,20,0
722,6,50237,3306,16.0,0,682,0,60,20,0
1077,6,24676,8000,0.18,0,1037,0,255,20,0
66,6,9545,443,16.0,0,26,0,120,20,0
73,1,0,0,0.0,8,39,0,6,20,1
215,6,49755,8080,2.0,0,175,0,64,20,0
44,6,38717,80,2.0,0,0,0,5,20,1
884,6,61071,8000,16.0,0,844,0,56,20,0
1026,6,29784,80,2.0,0,986,0,255,20,0
550,6,65310,8080,2.0,0,510,0,57,20,0
66,6,58734,8443,17.0,0,26,0,51,20,0
130,6,44832,22,24.0,0,90,0,128,20,0
374,6,58821,3306,24.0,0,334,0,128,20,0
86,6,18568,80,17.0,0,46,0,56,20,0
885,6,52601,8080,24.0,0,845,0,60,20,0
1172,6,25527,443,16.0,0,1132,0,58,20,0
107,6,20501,80,2.0,0,67,0,56,20,0
74,6,13266,8443,16.0,0,34,0,119,20,0
66,6,52986,443,17.0,0,26,0,54,20,0
162,6,17781,22,16.0,0,122,0,128,20,0
415,17,15382,8080,2.0,0,375,0,56,20,0
751,1,14816,22,0.0,0,711,0,56,20,0
1250,6,28761,53,17.0,0,1210,0,60,20,0
1271,6,16032,5432,2.0,0,1231,0,128,20,0
74,6,60147,8443,16.0,0,34,0,54,20,0
40,6,31884,80,2.0,0,0,0,17,20,1
54,6,34710,8443,16.0,0,14,0,56,20,0
49,6,57681,12143,2.0,0,0,0,64,20,1
66,6,36877,8443,17.0,0,26,0,115,20,0
74,6,28179,443,16.0,0,34,0,55,20,0
906,6,47442,443,2.0,0,866,0,58,20,0
76,6,15866,8000,2.0,0,36,0,56,20,0
341,6,46336,8000,2.0,0,301,0,57,20,0
114,6,39616,22,16.0,0,74,0,128,20,0
1458,6,5952,22,16.0,0,1418,0,60,20,0
169,17,61057,53,0.0,0,370,0,64,20,0
1511,6,14889,8443,16.0,0,1460,0,49,20,0
66,6,12978,22,24.0,0,26,0,64,20,0
74,6,54879,8443,24.0,0,34,0,120,20,0
54,6,20118,443,2.0,0,14,0,119,20,0
234,17,25292,53,0.0,0,291,0,128,20,0
499,17,22507,53,0.0,0,329,0,128,20,0
74,6,62885,443,16.0,0,34,0,64,20,0
169,6,31227,5432,0.0,0,129,0,64,20,0
179,6,2951,8000,17.0,0,139,0,58,20,0
90,6,27079,22,24.0,0,50,0,64,20,0
443,17,41620,53,0.0,0,104,0,64,20,0
87,6,61702,8080,2.0,0,47,0,255,20,0
468,17,65420,22,24.0,0,428,0,255,20,0
49,6,14124,80,2.0,0,0,0,3,20,1
54,6,57778,443,16.0,0,14,0,51,20,0
54,6,62099,443,16.0,0,14,0,57,20,0
258,6,1568,22,24.0,0,218,0,64,20,0
1111,6,42192,443,16.0,0,1071,0,128,20,0
1482,6,12058,3306,0.0,0,1442,0,128,20,0
63,17,38369,53,0.0,0,108,0,64,20,0
1234,17,53898,8080,17.0,0,1194,0,56,20,0
74,6,34996,443,24.0,0,34,0,64,20,0
433,6,48042,80,0.0,0,393,0,64,20,0
843,17,57136,22,16.0,0,803,0,255,20,0
177,6,50647,8443,16.0,0,137,0,52,20,0
201,17,19947,53,2.0,0,161,0,60,20,0
1057,6,16764,80,16.0,0,1017,0,56,20,0
192,6,2496,80,17.0,0,152,0,56,20,0
1153,6,65430,22,0.0,0,1113,0,56,20,0
74,6,7065,8443,16.0,0,34,0,128,20,0
55,6,28371,28869,2.0,0,0,0,64,20,1
881,17,17318,3306,17.0,0,841,0,255,20,0
32,1,0,0,0.0,8,8,0,10,20,1
54,6,21293,443,18.0,0,14,0,115,20,0
66,6,18131,8443,2.0,0,26,0,52,20,0
74,6,34781,443,16.0,0,34,0,64,20,0
83,17,3051,53,0.0,0,239,0,128,20,0
74,6,54168,443,16.0,0,34,0,58,20,0
760,6,60533,3306,2.0,0,720,0,128,20,0
582,17,56270,8080,16.0,0,542,0,64,20,0
95,17,25815,53,0.0,0,230,0,64,20,0
645,6,24610,80,17.0,0,605,0,57,20,0
323,6,56354,80,2.0,0,283,0,64,20,0
90,6,2431,22,16.0,0,50,0,128,20,0
55,6,54492,50395,2.0,0,0,0,64,20,1
204,17,11316,53,0.0,0,245,0,64,20,0
1094,17,8231,8080,17.0,0,1054,0,255,20,0
1483,6,25820,3306,2.0,0,1443,0,60,20,0
159,6,57657,8443,16.0,0,119,0,117,20,0
46,17,17061,443,17.0,0,6,0,255,20,0
258,6,20210,22,16.0,0,218,0,128,20,0
54,6,22177,8443,16.0,0,14,0,117,20,0
179,17,65166,53,0.0,0,36,0,64,20,0
845,6,62831,22,17.0,0,805,0,64,20,0
1106,17,43200,457,0.0,0,1426,0,9,20,1
247,6,19094,22,17.0,0,207,0,255,20,0
188,6,36813,22,2.0,0,148,0,64,20,0
1023,6,61433,80,24.0,0,983,0,56,20,0
109,6,23381,8080,17.0,0,69,0,56,20,0
88,6,4515,8443,16.0,0,48,0,54,20,0
389,17,42326,53,0.0,0,450,0,64,20,0
1231,6,33541,80,2.0,0,1191,0,64,20,0
1151,17,53111,478,0.0,0,968,1,8,20,1
500,17,54937,53,0.0,0,174,0,64,20,0
171,6,32595,80,16.0,0,131,0,64,20,0
162,6,44442,22,16.0,0,122,0,64,20,0
48,6,24497,80,2.0,0,0,0,10,20,1
46,6,18029,34873,2.0,0,0,0,64,20,1
271,17,9167,53,0.0,0,124,0,128,20,0
1168,6,48671,8443,16.0,0,1128,0,56,20,0
74,6,4169,8443,2.0,0,34,0,120,20,0
390,17,58644,53,0.0,0,369,0,128,20,0
130,6,31767,22,24.0,0,90,0,128,20,0
162,6,55161,22,16.0,0,122,0,128,20,0
132,1,48148,5432,24.0,0,92,0,64,20,0
1304,17,53033,969,0.0,0,1016,1,4,20,1
75,17,62461,53,0.0,0,298,0,128,20,0
45,6,32484,8000,0.18,0,5,0,56,20,0
66,6,36194,8443,16.0,0,26,0,128,20,0
54,6,43136,443,16.0,0,14,0,119,20,0
66,6,63015,443,16.0,0,26,0,54,20,0
54,6,5911,443,16.0,0,14,0,120,20,0
54,6,25697,48540,2.0,0,0,0,64,20,1
74,6,16872,443,16.0,0,34,0,52,20,0
123,17,53292,53,0.0,0,462,0,64,20,0
455,17,55576,53,0.0,0,297,0,128,20,0
352,17,31611,53,0.0,0,466,0,128,20,0
167,17,30792,53,0.0,0,384,0,128,20,0
184,6,35842,22,24.0,0,144,0,64,20,0
81,6,1978,443,16.0,0,41,0,128,20,0
838,6,38170,8443,16.0,0,798,0,51,20,0
66,6,48435,8443,24.0,0,26,0,60,20,0
66,6,55810,8443,17.0,0,26,0,119,20,0
1188,6,36609,443,18.0,0,1148,0,52,20,0
469,6,1933,8000,17.0,0,429,0,255,20,0
880,6,53353,8443,16.0,0,840,0,119,20,0
184,6,6360,22,24.0,0,144,0,64,20,0
42,6,28023,80,2.0,0,0,0,5,20,1
151,6,4405,8000,16.0,0,111,0,58,20,0
140,6,38037,8080,2.0,0,100,0,255,20,0
124,6,25141,8080,0.18,0,84,0,57,20,0
130,6,62947,22,24.0,0,90,0,128,20,0
1189,17,10573,178,0.0,0,1121,1,7,20,1
66,6,55386,8443,16.0,0,26,0,64,20,0
130,6,24630,8000,0.18,0,90,0,58,20,0
94,6,31365,8080,17.0,0,54,0,128,20,0
531,6,18952,5432,0.0,0,491,0,128,20,0
50,6,55729,80,2.0,0,0,0,6,20,1
74,6,34807,8443,24.0,0,34,0,64,20,0
221,17,36611,53,0.0,0,314,0,128,20,0
66,6,23283,8443,2.0,0,26,0,117,20,0
167,17,26107,53,0.0,0,446,0,128,20,0
28,1,0,0,0.0,8,5,0,10,20,1
111,6,57459,8080,2.0,0,71,0,57,20,0
1510,6,11718,443,16.0,0,1460,0,115,20,0
74,6,32981,443,17.0,0,34,0,56,20,0
114,6,33712,22,16.0,0,74,0,64,20,0
59,6,36128,80,2.0,0,0,0,23,20,1
169,6,54006,8443,16.0,0,129,0,118,20,0
74,6,41412,443,2.0,0,34,0,120,20,0
195,6,4202,8443,2.0,0,155,0,58,20,0
188,17,20225,53,0.0,0,270,0,128,20,0
54,6,5263,443,24.0,0,14,0,64,20,0
74,6,30902,443,24.0,0,34,0,64,20,0
1160,17,49533,594,0.0,0,1426,0,2,20,1
66,6,55318,22,16.0,0,26,0,64,20,0
816,6,43638,443,16.0,0,776,0,128,20,0
448,17,41560,53,0.0,0,410,0,64,20,0
193,6,34748,8080,0.18,0,153,0,56,20,0
74,6,54827,443,16.0,0,34,0,52,20,0
1260,6,8861,8443,16.0,0,1220,0,118,20,0
390,17,39508,53,0.0,0,56,0,128,20,0
1286,17,52797,22,17.0,0,1246,0,255,20,0
131,6,53361,8080,17.0,0,91,0,128,20,0
127,6,3905,443,16.0,0,87,0,60,20,0
195,6,46645,8080,2.0,0,155,0,128,20,0
66,6,48612,443,16.0,0,26,0,52,20,0
1139,17,12652,355,0.0,0,1318,1,3,20,1
815,6,5035,8443,16.0,0,775,0,119,20,0
93,6,20436,5432,17.0,0,53,0,255,20,0
35,1,0,0,0.0,8,46,0,6,20,1
184,6,49149,22,24.0,0,144,0,128,20,0
503,17,38839,53,0.0,0,359,0,64,20,0
114,6,5474,22,16.0,0,74,0,64,20,0
293,6,22674,8443,16.0,0,253,0,119,20,0
1090,6,46787,8443,16.0,0,1050,0,115,20,0
74,6,60739,443,18.0,0,34,0,51,20,0
818,6,11583,443,2.0,0,778,0,255,20,0
108,17,8625,53,0.0,0,322,0,64,20,0
168,6,32540,8000,16.0,0,128,0,64,20,0
56,6,2953,8080,17.0,0,16,0,57,20,0
936,6,48918,443,16.0,0,896,0,118,20,0
54,6,29165,8443,16.0,0,14,0,49,20,0
173,6,62328,443,2.0,0,133,0,54,20,0
1312,6,20099,3306,0.0,0,1272,0,255,20,0
162,6,40444,22,16.0,0,122,0,128,20,0
740,6,4787,8080,16.0,0,700,0,56,20,0
66,6,13185,8443,16.0,0,26,0,60,20,0
54,6,14410,8443,16.0,0,14,0,58,20,0
186,6,59778,8443,2.0,0,146,0,49,20,0
297,1,56037,443,17.0,0,257,0,56,20,0
1403,6,28247,8443,16.0,0,1363,0,119,20,0
95,6,35331,80,2.0,0,55,0,57,20,0
313,6,49363,8080,2.0,0,273,0,58,20,0
1181,6,15566,5432,0.0,0,1141,0,255,20,0
1110,6,51581,80,0.0,0,1070,0,255,20,0
54,6,19566,8443,17.0,0,14,0,119,20,0
141,6,47838,5432,24.0,0,101,0,60,20,0
814,6,13215,443,18.0,0,774,0,56,20,0
124,6,35782,8443,16.0,0,84,0,118,20,0
54,6,17687,8443,2.0,0,14,0,64,20,0
108,6,24823,443,16.0,0,68,0,120,20,0
514,6,5984,5432,2.0,0,474,0,255,20,0
1232,17,30248,3306,17.0,0,1192,0,56,20,0
141,6,19650,80,0.0,0,101,0,60,20,0
120,17,36870,53,0.0,0,461,0,128,20,0
54,6,10220,443,24.0,0,14,0,64,20,0
159,17,22167,53,0.0,0,361,0,64,20,0
50,1,0,0,0.0,8,26,0,8,20,1
51,6,63153,34025,2.0,0,0,0,64,20,1
256,17,3201,53,0.0,0,125,0,64,20,0
54,6,30874,443,18.0,0,14,0,128,20,0
52,1,0,0,0.0,8,44,0,17,20,1
1244,6,1644,80,16.0,0,1204,0,255,20,0
668,6,21900,443,16.0,0,628,0,255,20,0
757,6,49461,80,2.0,0,717,0,128,20,0
66,6,14025,443,2.0,0,26,0,51,20,0
246,6,30035,5432,24.0,0,206,0,60,20,0
574,6,50285,8080,2.0,0,534,0,56,20,0
1108,17,38769,925,0.0,0,1269,1,8,20,1
292,6,65384,443,17.0,0,252,0,57,20,0
54,6,30907,8443,24.0,0,14,0,128,20,0
88,17,37801,3306,24.0,0,48,0,128,20,0
48,6,32441,25534,2.0,0,0,0,64,20,1
164,6,36272,8080,2.0,0,124,0,56,20,0
453,1,17647,8080,2.0,0,413,0,60,20,0
258,6,24304,22,24.0,0,218,0,64,20,0
54,6,44625,8443,16.0,0,14,0,51,20,0
45,6,47512,80,2.0,0,0,0,17,20,1
130,6,28894,22,24.0,0,90,0,64,20,0
1082,6,13042,8080,17.0,0,1042,0,128,20,0
66,6,31998,443,16.0,0,26,0,55,20,0
57,6,7832,80,2.0,0,0,0,6,20,1
54,6,21774,8443,24.0,0,14,0,51,20,0
199,6,62073,8080,0.18,0,159,0,57,20,0
129,17,16573,53,0.0,0,441,0,128,20,0
1178,6,39989,8443,2.0,0,1138,0,57,20,0
286,6,10886,22,0.0,0,246,0,128,20,0
404,17,46301,53,0.0,0,202,0,128,20,0
74,6,36943,8443,16.0,0,34,0,51,20,0
184,6,42944,22,16.0,0,144,0,128,20,0
74,6,20065,8443,16.0,0,34,0,115,20,0
1119,17,37406,655,0.0,0,1288,1,8,20,1
226,6,65241,443,24.0,0,186,0,54,20,0
49,6,65138,80,17.0,0,9,0,255,20,0
855,6,32552,443,17.0,0,815,0,56,20,0
1109,6,37405,80,16.0,0,1069,0,255,20,0
50,6,4895,1912,2.0,0,0,0,64,20,1
1157,6,45917,80,17.0,0,1117,0,128,20,0
114,6,48861,22,24.0,0,74,0,64,20,0
1490,6,32150,80,0.18,0,1450,0,57,20,0
189,6,45109,8000,0.18,0,149,0,58,20,0
74,6,58066,8443,24.0,0,34,0,55,20,0
231,17,5614,53,0.0,0,86,0,128,20,0
54,6,4576,80,2.0,0,0,0,6,20,1
265,6,52190,53,17.0,0,225,0,60,20,0
66,6,29325,22,24.0,0,26,0,128,20,0
1503,6,26526,8443,16.0,0,1460,0,51,20,0
1057,17,8190,374,0.0,0,1275,1,1,20,1
50,6,36365,8000,0.18,0,10,0,58,20,0
66,6,26533,22,16.0,0,26,0,64,20,0
44,6,62882,8000,17.0,0,4,0,58,20,0
56,6,38799,36185,2.0,0,0,0,64,20,1
325,6,26360,22,17.0,0,285,0,128,20,0
44,1,0,0,0.0,8,2,0,16,20,1
74,6,35196,443,16.0,0,34,0,120,20,0
154,17,8220,53,0.0,0,126,0,128,20,0
439,17,16652,53,0.0,0,182,0,128,20,0
66,6,52766,443,16.0,0,26,0,117,20,0
308,6,30254,3306,16.0,0,268,0,60,20,0
91,1,0,0,0.0,8,54,0,15,20,1
74,6,22121,8443,16.0,0,34,0,120,20,0
66,6,38703,443,16.0,0,26,0,118,20,0
1385,17,16994,8080,17.0,0,1345,0,255,20,0
1486,6,9762,22,16.0,0,1446,0,255,20,0
82,1,0,0,0.0,8,38,0,9,20,1
264,6,29334,8443,18.0,0,224,0,64,20,0
57,6,27533,8000,2.0,0,17,0,56,20,0
50,6,40773,80,2.0,0,0,0,23,20,1
970,6,36254,5432,0.0,0,930,0,128,20,0
196,17,26476,53,0.0,0,377,0,64,20,0
119,6,33195,80,2.0,0,79,0,56,20,0
74,6,24171,443,17.0,0,34,0,57,20,0
872,6,62455,8443,16.0,0,832,0,64,20,0
66,6,32133,22,16.0,0,26,0,128,20,0
1125,1,45765,53,2.0,0,1085,0,60,20,0
781,17,38561,5432,24.0,0,741,0,56,20,0
47,6,29263,8000,17.0,0,7,0,57,20,0
114,6,41990,22,24.0,0,74,0,64,20,0
124,17,4658,53,0.0,0,167,0,64,20,0
42,6,1513,26783,2.0,0,0,0,64,20,1
40,6,30312,59084,2.0,0,0,0,64,20,1
803,6,2165,8443,2.0,0,763,0,51,20,0
450,17,63207,53,0.0,0,237,0,128,20,0
582,17,16605,80,16.0,0,542,0,60,20,0
32,1,0,0,0.0,8,13,0,2,20,1
187,17,22432,53,0.0,0,125,0,128,20,0
1266,17,22188,22,2.0,0,1226,0,56,20,0
883,17,51786,5432,0.0,0,843,0,64,20,0
519,6,54834,8080,2.0,0,479,0,255,20,0
1309,6,58104,5432,24.0,0,1269,0,56,20,0
45,6,40208,80,2.0,0,0,0,19,20,1
248,6,52694,8080,16.0,0,208,0,128,20,0
681,17,11967,5432,17.0,0,641,0,255,20,0
66,6,54903,443,2.0,0,26,0,49,20,0
948,6,52371,53,2.0,0,908,0,56,20,0
184,6,3438,22,24.0,0,144,0,128,20,0
282,6,40803,8443,24.0,0,242,0,54,20,0
54,6,57554,8443,2.0,0,14,0,128,20,0
74,6,47775,8443,17.0,0,34,0,120,20,0
1115,6,20273,80,24.0,0,1075,0,60,20,0
54,6,24178,8443,2.0,0,14,0,119,20,0
57,6,24873,80,17.0,0,17,0,56,20,0
258,6,39768,22,16.0,0,218,0,64,20,0
43,6,58129,8000,16.0,0,3,0,64,20,0
54,6,8021,443,18.0,0,14,0,52,20,0
66,6,54526,8443,16.0,0,26,0,128,20,0
1225,17,43303,5432,0.0,0,1185,0,60,20,0
53,6,65341,50311,2.0,0,0,0,64,20,1
66,6,5194,22,16.0,0,26,0,128,20,0
51,6,29503,80,2.0,0,0,0,24,20,1
940,6,5066,8443,24.0,0,900,0,120,20,0
54,6,23326,443,16.0,0,14,0,118,20,0
1383,17,48133,8080,0.0,0,1343,1,64,20,0
54,6,54052,443,18.0,0,14,0,117,20,0
1493,17,19020,251,0.0,0,1254,1,2,20,1
55,6,18431,44209,2.0,0,0,0,64,20,1
74,6,11219,8443,24.0,0,34,0,64,20,0
285,6,4252,8443,16.0,0,245,0,56,20,0
235,17,39636,53,0.0,0,175,0,64,20,0
66,6,19580,22,24.0,0,26,0,128,20,0
66,6,27663,8443,16.0,0,26,0,51,20,0
948,6,27209,80,16.0,0,908,0,255,20,0
377,6,57560,8080,16.0,0,337,0,255,20,0
123,17,51184,53,0.0,0,346,0,64,20,0
66,6,48655,443,18.0,0,26,0,51,20,0
66,6,62284,8443,16.0,0,26,0,56,20,0
54,6,16984,443,16.0,0,14,0,60,20,0
1423,6,5447,443,16.0,0,1383,0,58,20,0
66,6,52718,22,16.0,0,26,0,64,20,0
116,6,55713,8080,0.18,0,76,0,64,20,0
795,6,26389,8080,0.18,0,755,0,255,20,0
1245,17,6875,8080,0.0,0,1205,0,56,20,0
625,1,59886,443,16.0,0,585,0,64,20,0
918,6,24355,8443,2.0,0,878,0,120,20,0
181,6,4865,80,16.0,0,141,0,57,20,0
136,6,61163,443,18.0,0,96,0,56,20,0
162,6,61988,22,16.0,0,122,0,64,20,0
114,6,19340,8443,16.0,0,74,0,55,20,0
1346,6,7139,5432,2.0,0,1306,0,56,20,0
66,6,28051,8443,16.0,0,26,0,56,20,0
49,6,48990,48454,2.0,0,0,0,64,20,1
57,6,39109,294,2.0,0,0,0,64,20,1
66,6,29671,443,24.0,0,26,0,120,20,0
438,17,54516,53,0.0,0,225,0,128,20,0
74,6,64245,443,24.0,0,34,0,54,20,0
258,6,6271,22,24.0,0,218,0,64,20,0
110,6,64022,443,17.0,0,70,0,56,20,0
1135,6,48121,80,0.18,0,1095,0,57,20,0
66,6,11761,8443,16.0,0,26,0,115,20,0
508,6,20913,8080,2.0,0,468,0,57,20,0
184,6,39933,22,24.0,0,144,0,128,20,0
298,17,57460,53,0.0,0,170,0,64,20,0
54,6,15369,443,18.0,0,14,0,54,20,0
162,6,16965,22,16.0,0,122,0,64,20,0
66,6,39474,8443,16.0,0,26,0,117,20,0
220,6,9442,8443,16.0,0,180,0,52,20,0
1244,6,38832,22,16.0,0,1204,0,56,20,0
1269,6,26329,8000,16.0,0,1229,0,57,20,0
526,6,62499,8080,0.0,0,486,0,56,20,0
230,17,40574,53,0.0,0,243,0,128,20,0
74,6,15278,8443,24.0,0,34,0,118,20,0
45,6,55031,80,2.0,0,0,0,21,20,1
1201,17,47132,302,0.0,0,1093,1,6,20,1
1378,6,59873,8443,24.0,0,1338,0,57,20,0
485,6,7110,5432,24.0,0,445,0,64,20,0
1077,6,2486,3306,24.0,0,1037,0,60,20,0
446,6,17441,53,24.0,0,406,0,255,20,0
217,6,37588,53,2.0,0,177,0,64,20,0
53,6,53049,80,2.0,0,0,0,18,20,1
933,6,60458,5432,2.0,0,893,0,255,20,0
42,6,4365,2647,2.0,0,0,0,64,20,1
1087,17,45525,51,0.0,0,1288,1,5,20,1
258,6,20667,22,16.0,0,218,0,64,20,0
44,6,4005,23689,2.0,0,0,0,64,20,1
463,6,22983,8000,0.18,0,423,0,56,20,0
138,17,26236,53,0.0,0,146,0,128,20,0
258,6,14405,22,16.0,0,218,0,128,20,0
128,6,33377,443,17.0,0,88,0,56,20,0
51,6,26683,45152,2.0,0,0,0,64,20,1
341,6,2479,5432,16.0,0,301,0,64,20,0
107,6,8797,8080,2.0,0,67,0,57,20,0
1342,17,11357,3306,24.0,0,1302,0,64,20,0
364,17,41677,53,0.0,0,359,0,64,20,0
258,6,42953,22,16.0,0,218,0,128,20,0
162,6,47176,22,24.0,0,122,0,64,20,0
74,6,45463,443,16.0,0,34,0,58,20,0
947,6,22497,8443,18.0,0,907,0,64,20,0
927,6,46895,80,16.0,0,887,0,255,20,0
50,6,6464,80,2.0,0,0,0,4,20,1
42,6,20216,61458,2.0,0,0,0,64,20,1
1501,6,18002,53,2.0,0,1460,0,60,20,0
47,6,2527,80,2.0,0,0,0,10,20,1
370,17,44263,53,0.0,0,32,0,64,20,0
1139,17,37309,767,0.0,0,1259,1,9,20,1
184,6,30757,22,16.0,0,144,0,128,20,0
141,6,65409,443,17.0,0,101,0,60,20,0
1425,6,18942,8080,0.18,0,1385,0,58,20,0
1092,17,23101,648,0.0,0,1015,1,1,20,1
54,6,45139,8443,2.0,0,14,0,52,20,0
952,6,27530,3306,24.0,0,912,0,128,20,0
194,6,38017,8443,16.0,0,154,0,52,20,0
207,6,39321,80,2.0,0,167,0,58,20,0
74,6,65040,443,24.0,0,34,0,55,20,0
476,6,49922,8000,0.18,0,436,0,255,20,0
90,6,53122,22,16.0,0,50,0,128,20,0
165,6,36527,443,17.0,0,125,0,64,20,0
106,6,61501,8080,0.18,0,66,0,56,20,0
258,6,58114,22,16.0,0,218,0,128,20,0
441,1,36744,3306,16.0,0,401,0,56,20,0
1415,17,57618,3306,2.0,0,1375,0,64,20,0
1318,6,58692,5432,16.0,0,1278,0,64,20,0
130,6,8081,22,24.0,0,90,0,64,20,0
74,6,2905,8443,16.0,0,34,0,115,20,0
137,17,38851,53,0.0,0,289,0,64,20,0
1160,17,32112,5432,0.0,0,1120,0,64,20,0
162,6,12512,22,24.0,0,122,0,128,20,0
1327,17,31081,228,0.0,0,1106,1,6,20,1
66,6,16191,8443,16.0,0,26,0,57,20,0
492,17,36486,53,0.0,0,352,0,64,20,0
532,6,38177,80,0.18,0,492,0,255,20,0
153,17,26982,53,0.0,0,164,0,128,20,0
66,6,44063,443,16.0,0,26,0,56,20,0
1105,17,22796,3306,0.0,0,1065,0,255,20,0
295,17,32060,53,0.0,0,221,0,64,20,0
63,6,22912,5432,0.0,0,23,0,255,20,0
54,6,11661,8443,16.0,0,14,0,118,20,0
162,6,60135,22,24.0,0,122,0,128,20,0
59,6,45451,80,2.0,0,0,0,3,20,1
480,6,26835,443,0.0,0,440,0,128,20,0
1352,17,29556,674,0.0,0,1222,0,2,20,1
45,6,6656,80,2.0,0,0,0,28,20,1
280,17,7369,53,0.0,0,173,0,64,20,0
107,17,4116,80,2.0,0,67,0,64,20,0
1278,6,25314,5432,0.0,0,1238,0,64,20,0
130,6,64900,22,16.0,0,90,0,64,20,0
1048,6,45071,80,0.0,0,1008,0,56,20,0
54,6,51806,80,2.0,0,0,0,9,20,1
41,6,21798,80,2.0,0,0,0,18,20,1
56,6,36845,42993,2.0,0,0,0,64,20,1
529,6,44275,22,17.0,0,489,0,255,20,0
114,6,19634,8443,24.0,0,74,0,120,20,0
182,6,5014,443,24.0,0,142,0,52,20,0
438,6,31318,80,2.0,0,398,0,57,20,0
1471,17,48640,523,0.0,0,1280,1,8,20,1
52,6,26799,80,2.0,0,0,0,22,20,1
66,6,4189,22,16.0,0,26,0,64,20,0
114,6,31776,22,16.0,0,74,0,64,20,0
1452,17,15818,961,0.0,0,1098,1,2,20,1
49,6,18147,38634,2.0,0,0,0,64,20,1
1422,6,6704,443,16.0,0,1382,0,51,20,0
45,6,55995,8080,16.0,0,5,0,58,20,0
153,6,4247,8000,17.0,0,113,0,255,20,0
416,17,5382,53,0.0,0,56,0,128,20,0
66,6,9817,8443,17.0,0,26,0,55,20,0
105,6,64533,8443,16.0,0,65,0,58,20,0
124,6,46902,8000,2.0,0,84,0,56,20,0
231,17,25901,53,0.0,0,378,0,128,20,0
66,6,43455,443,17.0,0,26,0,128,20,0
207,17,21954,53,0.0,0,128,0,64,20,0
42,1,0,0,0.0,8,12,0,8,20,1
1173,6,14803,443,16.0,0,1133,0,118,20,0
910,6,18167,8443,18.0,0,870,0,64,20,0
186,6,24008,80,17.0,0,146,0,58,20,0
81,17,62890,53,0.0,0,220,0,128,20,0
130,6,6132,22,24.0,0,90,0,128,20,0
57,6,22826,80,2.0,0,0,0,10,20,1
139,6,24392,8000,0.18,0,99,0,128,20,0
380,6,14393,22,24.0,0,340,0,60,20,0
175,6,4081,443,24.0,0,135,0,118,20,0
54,6,55267,8443,16.0,0,14,0,54,20,0
1406,6,6317,8000,0.18,0,1366,0,58,20,0
54,6,25333,8443,16.0,0,14,0,117,20,0
1042,6,40186,8080,16.0,0,1002,0,56,20,0
51,6,1976,80,2.0,0,0,0,2,20,1
66,6,2572,443,24.0,0,26,0,56,20,0
54,6,16086,8000,17.0,0,14,0,64,20,0
1468,6,62741,443,24.0,0,1428,0,57,20,0
1077,6,27833,53,17.0,0,1037,0,128,20,0
74,6,1090,8443,17.0,0,34,0,56,20,0
130,6,51795,22,24.0,0,90,0,64,20,0
184,6,11984,22,24.0,0,144,0,64,20,0
111,6,29291,8000,16.0,0,71,0,128,20,0
66,6,41546,8443,16.0,0,26,0,56,20,0
53,6,47297,80,2.0,0,0,0,11,20,1
74,6,21810,8443,18.0,0,34,0,64,20,0
54,6,47878,443,16.0,0,14,0,128,20,0
162,6,23928,22,16.0,0,122,0,64,20,0
162,6,49715,22,24.0,0,122,0,128,20,0
137,6,48012,8443,16.0,0,97,0,119,20,0
788,6,30578,53,16.0,0,748,0,60,20,0
164,17,57565,53,0.0,0,219,0,128,20,0
477,6,59458,443,16.0,0,437,0,60,20,0
74,6,19659,443,16.0,0,34,0,117,20,0
74,6,28338,8443,16.0,0,34,0,118,20,0
466,6,37586,443,0.0,0,426,0,56,20,0
52,6,1415,26553,2.0,0,0,0,64,20,1
66,6,52296,443,18.0,0,26,0,51,20,0
47,6,41024,80,2.0,0,0,0,6,20,1
288,17,16165,53,0.0,0,216,0,64,20,0
66,6,32129,8443,16.0,0,26,0,117,20,0
172,6,44341,8080,16.0,0,132,0,56,20,0
773,6,64992,53,0.0,0,733,0,128,20,0
66,6,52070,8443,16.0,0,26,0,118,20,0
82,6,9366,22,24.0,0,42,0,56,20,0
90,6,36328,22,16.0,0,50,0,128,20,0
1344,6,58743,8080,2.0,0,1304,0,56,20,0
833,6,45154,443,2.0,0,793,0,117,20,0
72,1,0,0,0.0,8,37,0,19,20,1
269,6,12838,8443,16.0,0,229,0,55,20,0
427,6,29307,80,2.0,0,387,0,60,20,0
1041,17,54145,112,0.0,0,1160,0,4,20,1
471,17,39706,53,0.0,0,90,0,64,20,0
183,17,39269,53,0.0,0,243,0,64,20,0
36,1,0,0,0.0,8,32,0,1,20,1
54,6,34920,443,16.0,0,14,0,51,20,0
913,6,22599,443,24.0,0,873,0,120,20,0
130,6,13494,22,24.0,0,90,0,128,20,0
74,6,25770,8443,16.0,0,34,0,51,20,0
366,17,19188,80,17.0,0,326,0,255,20,0
306,6,60287,8080,0.0,0,266,0,255,20,0
66,6,6825,443,2.0,0,26,0,64,20,0
1195,6,5345,8443,16.0,0,1155,0,120,20,0
74,6,59845,8443,16.0,0,34,0,54,20,0
54,6,38146,443,24.0,0,14,0,60,20,0
78,6,38850,8000,17.0,0,38,0,64,20,0
130,6,29508,22,24.0,0,90,0,128,20,0
74,6,50453,443,2.0,0,34,0,52,20,0
52,6,40203,8080,16.0,0,12,0,128,20,0
1407,6,60793,80,2.0,0,1367,0,57,20,0
474,6,25533,22,0.0,0,434,0,60,20,0
93,1,0,0,0.0,8,22,0,19,20,1
528,6,55438,80,17.0,0,488,0,128,20,0
162,6,17542,22,16.0,0,122,0,64,20,0
287,17,40775,53,0.0,0,129,0,128,20,0
90,6,13104,22,24.0,0,50,0,128,20,0
578,6,8426,8080,16.0,0,538,0,255,20,0
180,6,62981,8443,16.0,0,140,0,128,20,0
718,6,29377,53,0.0,0,678,0,60,20,0
74,6,50447,8443,16.0,0,34,0,128,20,0
720,6,58588,8000,0.18,0,680,0,57,20,0
597,6,18032,22,24.0,0,557,0,128,20,0
66,6,59612,8443,16.0,0,26,0,52,20,0
54,6,56135,37552,2.0,0,0,0,64,20,1
474,6,40161,80,0.18,0,434,0,56,20,0
79,17,42713,3306,24.0,0,39,0,64,20,0
1434,17,8195,22,24.0,0,1394,0,255,20,0
1297,6,61361,80,2.0,0,1257,0,56,20,0
193,17,58520,53,0.0,0,162,0,128,20,0
1261,6,51733,8080,16.0,0,1221,0,57,20,0
1463,6,9317,8080,0.0,0,1423,0,128,20,0
194,6,48694,80,17.0,0,154,0,57,20,0
839,6,15796,8080,16.0,0,799,0,64,20,0
74,6,7159,443,16.0,0,34,0,49,20,0
258,6,52770,22,16.0,0,218,0,64,20,0
74,6,60204,443,18.0,0,34,0,58,20,0
171,17,28878,80,24.0,0,131,0,60,20,0
112,6,58266,443,16.0,0,72,0,56,20,0
54,6,24747,8443,16.0,0,14,0,64,20,0
299,17,45096,53,0.0,0,390,0,64,20,0
107,17,53656,53,0.0,0,28,0,64,20,0
86,6,56780,8443,17.0,0,46,0,115,20,0
75,17,54273,53,0.0,0,375,0,128,20,0
46,1,0,0,0.0,8,43,0,16,20,1
218,17,33598,53,0.0,0,292,0,128,20,0
1048,17,6208,232,0.0,0,1207,1,6,20,1
244,6,19009,8443,16.0,0,204,0,51,20,0
262,17,31990,3306,16.0,0,222,0,56,20,0
409,17,3006,22,0.0,0,369,0,255,20,0
1184,6,31973,80,16.0,0,1144,0,255,20,0
93,6,36573,8080,2.0,0,53,0,58,20,0
1298,6,16712,8000,17.0,0,1258,0,64,20,0
43,6,16413,80,2.0,0,0,0,23,20,1
863,6,23909,8080,0.18,0,823,0,57,20,0
239,6,5403,443,16.0,0,199,0,60,20,0
146,6,11138,8000,17.0,0,106,0,56,20,0
130,6,30817,22,16.0,0,90,0,64,20,0
184,6,28986,22,24.0,0,144,0,64,20,0
55,6,4998,62064,2.0,0,0,0,64,20,1
1237,17,22418,626,0.0,0,1104,0,3,20,1
1065,6,38809,443,16.0,0,1025,0,64,20,0
1087,17,8598,3306,2.0,0,1047,0,128,20,0
1484,6,15273,8443,16.0,0,1444,0,54,20,0
250,17,4424,53,0.0,0,323,0,64,20,0
1168,6,16900,3306,0.0,0,1128,0,60,20,0
76,17,38630,53,0.0,0,337,0,64,20,0
74,6,17559,8443,2.0,0,34,0,117,20,0
66,6,39674,8443,16.0,0,26,0,115,20,0
158,6,29964,53,0.0,0,118,0,64,20,0
314,17,46309,53,0.0,0,91,0,128,20,0
1054,6,25085,5432,0.0,0,1014,0,128,20,0
928,6,3306,8000,0.18,0,888,0,56,20,0
894,17,18716,3306,24.0,0,854,0,255,20,0
121,17,11085,53,0.0,0,370,0,128,20,0
45,1,0,0,0.0,8,28,0,1,20,1
83,6,4903,8080,0.18,0,43,0,255,20,0
81,17,47784,53,0.0,0,113,0,128,20,0
814,6,58429,3306,0.0,0,774,0,255,20,0
1480,17,1098,837,0.0,0,1163,0,7,20,1
344,17,16343,53,0.0,0,452,0,128,20,0
564,6,18277,80,16.0,0,524,0,56,20,0
154,17,28355,53,0.0,0,348,0,64,20,0
54,6,38806,443,16.0,0,14,0,55,20,0
107,6,30159,22,17.0,0,67,0,56,20,0
337,17,61375,53,0.0,0,347,0,64,20,0
184,6,10192,22,24.0,0,144,0,64,20,0
273,1,16386,80,24.0,0,233,0,255,20,0
106,17,7484,53,0.0,0,405,0,64,20,0
100,6,47359,443,2.0,0,60,0,49,20,0
66,6,41118,22,24.0,0,26,0,128,20,0
1284,6,50499,80,2.0,0,1244,0,255,20,0
66,6,60990,8443,17.0,0,26,0,58,20,0
58,6,38345,31390,2.0,0,0,0,64,20,1
40,1,0,0,0.0,8,22,0,5,20,1
53,6,19967,3859,2.0,0,0,0,64,20,1
91,1,0,0,0.0,8,48,0,19,20,1
74,17,7324,53,0.0,0,36,0,64,20,0
67,1,0,0,0.0,8,39,0,18,20,1
953,6,47548,80,16.0,0,913,0,255,20,0
874,6,24807,22,17.0,0,834,0,64,20,0
295,17,60566,53,0.0,0,278,0,128,20,0
1125,17,63621,401,0.0,0,1424,0,6,20,1
215,6,53973,443,24.0,0,175,0,119,20,0
54,6,2405,8443,16.0,0,14,0,57,20,0
1077,6,15233,8443,16.0,0,1037,0,117,20,0
824,6,58179,8000,17.0,0,784,0,56,20,0
72,1,0,0,0.0,8,21,0,11,20,1
54,6,9905,8443,24.0,0,14,0,119,20,0
153,17,55473,53,0.0,0,335,0,64,20,0
54,6,13142,443,16.0,0,14,0,58,20,0
1125,17,19608,329,0.0,0,1281,1,6,20,1
372,6,50749,53,0.0,0,332,0,56,20,0
682,6,49635,8080,2.0,0,642,0,56,20,0
1032,6,25554,8443,16.0,0,992,0,118,20,0
76,6,58106,8000,17.0,0,36,0,64,20,0
886,6,9626,443,0.0,0,846,0,128,20,0
54,6,62776,8443,16.0,0,14,0,128,20,0
74,6,25857,443,16.0,0,34,0,115,20,0
94,6,14534,8080,16.0,0,54,0,60,20,0
1301,17,60699,3306,2.0,0,1261,0,128,20,0
828,6,18575,443,2.0,0,788,0,128,20,0
209,17,62146,53,0.0,0,89,0,64,20,0
407,17,9486,53,0.0,0,130,0,128,20,0
130,6,30260,22,16.0,0,90,0,128,20,0
66,6,11916,22,24.0,0,26,0,64,20,0
66,6,31310,22,24.0,0,26,0,128,20,0
56,6,50878,80,2.0,0,0,0,1,20,1
1031,6,34597,80,2.0,0,991,0,128,20,0
363,6,27709,8000,17.0,0,323,0,128,20,0
60,1,0,0,0.0,8,28,0,18,20,1
729,6,8221,80,2.0,0,689,0,58,20,0
74,6,13403,443,16.0,0,34,0,118,20,0
54,6,36113,8443,16.0,0,14,0,58,20,0
614,6,65066,8080,16.0,0,574,0,56,20,0
556,6,37280,5432,17.0,0,516,0,56,20,0
1234,6,11362,443,16.0,0,1194,0,60,20,0
1037,17,48613,80,16.0,0,997,0,255,20,0
258,6,61912,22,24.0,0,218,0,64,20,0
66,6,12825,443,16.0,0,26,0,115,20,0
74,6,48803,443,2.0,0,34,0,115,20,0
1467,17,36853,925,0.0,0,1190,0,1,20,1
54,6,7032,443,17.0,0,14,0,128,20,0
940,6,1779,80,24.0,0,900,0,255,20,0
114,6,49529,22,16.0,0,74,0,128,20,0
76,17,21335,53,0.0,0,283,0,64,20,0
1342,6,40001,80,16.0,0,1302,0,255,20,0
116,6,14169,80,0.18,0,76,0,255,20,0
74,6,34479,443,16.0,0,34,0,115,20,0
573,6,27531,5432,17.0,0,533,0,56,20,0
162,6,8223,22,24.0,0,122,0,64,20,0
54,6,41830,19787,2.0,0,0,0,64,20,1
179,6,15281,443,0.0,0,139,0,60,20,0
833,6,32339,443,2.0,0,793,0,128,20,0
114,6,3025,22,24.0,0,74,0,64,20,0
1424,6,40213,5432,16.0,0,1384,0,128,20,0
188,6,29418,80,2.0,0,148,0,57,20,0
334,6,4067,22,24.0,0,294,0,56,20,0
43,6,61279,35318,2.0,0,0,0,64,20,1
340,6,47990,8080,17.0,0,300,0,60,20,0
54,6,10367,443,24.0,0,14,0,117,20,0
831,6,58716,443,16.0,0,791,0,57,20,0
54,6,49092,8443,16.0,0,14,0,49,20,0
114,6,20907,22,16.0,0,74,0,64,20,0
1135,17,14136,753,0.0,0,1197,0,5,20,1
1444,6,63517,443,24.0,0,1404,0,128,20,0
114,6,16209,22,24.0,0,74,0,128,20,0
401,17,64673,53,0.0,0,198,0,128,20,0
96,1,0,0,0.0,8,22,0,19,20,1
136,6,32969,8000,17.0,0,96,0,64,20,0
1230,6,56990,443,16.0,0,1190,0,255,20,0
54,6,34090,8443,16.0,0,14,0,118,20,0
1384,17,54398,528,0.0,0,1078,0,8,20,1
271,17,18256,53,0.0,0,387,0,128,20,0
154,6,50026,443,18.0,0,114,0,60,20,0
180,6,43743,8443,16.0,0,140,0,120,20,0
54,6,57523,443,24.0,0,14,0,51,20,0
927,6,31073,80,16.0,0,887,0,255,20,0
188,6,63037,443,16.0,0,148,0,51,20,0
74,6,23364,8443,24.0,0,34,0,117,20,0
74,6,7865,443,24.0,0,34,0,128,20,0
116,6,33917,8080,2.0,0,76,0,255,20,0
534,6,24160,80,16.0,0,494,0,255,20,0
41,6,25245,28631,2.0,0,0,0,64,20,1
117,6,50979,8080,16.0,0,77,0,128,20,0
66,6,21449,8443,16.0,0,26,0,56,20,0
297,6,61432,443,18.0,0,257,0,115,20,0
114,6,6737,22,24.0,0,74,0,128,20,0
1453,17,47535,3306,2.0,0,1413,0,128,20,0
184,6,44635,22,16.0,0,144,0,128,20,0
633,17,43918,3306,0.0,0,593,0,64,20,0
729,6,16699,80,2.0,0,689,0,128,20,0
74,6,62247,8443,16.0,0,34,0,57,20,0
54,6,47560,51097,2.0,0,0,0,64,20,1
258,6,23503,22,16.0,0,218,0,128,20,0
66,6,22328,8443,24.0,0,26,0,55,20,0
66,6,28326,443,16.0,0,26,0,120,20,0
258,6,3406,22,24.0,0,218,0,128,20,0
133,17,34945,53,0.0,0,52,0,128,20,0
54,6,31120,443,18.0,0,14,0,117,20,0
74,6,18541,8443,24.0,0,34,0,52,20,0
54,6,53733,8443,16.0,0,14,0,60,20,0
89,6,56753,8080,0.18,0,49,0,255,20,0
1193,17,22126,553,0.0,0,974,0,5,20,1
1482,6,37523,3306,2.0,0,1442,0,128,20,0
66,6,20447,443,16.0,0,26,0,57,20,0
540,6,36332,5432,17.0,0,500,0,64,20,0
356,6,38303,80,24.0,0,316,0,60,20,0
1220,17,18496,267,0.0,0,1008,1,4,20,1
111,6,35145,8000,2.0,0,71,0,64,20,0
1225,6,32369,8443,16.0,0,1185,0,128,20,0
263,17,43764,53,0.0,0,389,0,128,20,0
54,6,53849,443,16.0,0,14,0,128,20,0
104,6,38407,8443,16.0,0,64,0,118,20,0
199,17,39206,53,0.0,0,406,0,128,20,0
44,6,21665,80,2.0,0,0,0,22,20,1
66,6,56854,443,24.0,0,26,0,120,20,0
54,6,59510,80,2.0,0,0,0,9,20,1
404,6,13611,443,2.0,0,364,0,128,20,0
91,1,0,0,0.0,8,33,0,13,20,1
1296,6,3563,53,16.0,0,1256,0,56,20,0
273,17,4661,53,0.0,0,263,0,64,20,0
47,6,32452,37646,2.0,0,0,0,64,20,1
114,6,36825,22,16.0,0,74,0,128,20,0
86,17,29517,53,0.0,0,303,0,64,20,0
428,17,25324,53,0.0,0,467,0,128,20,0
1507,6,15176,8080,0.18,0,1460,0,58,20,0
175,6,21543,8080,16.0,0,135,0,57,20,0
66,6,53798,8443,17.0,0,26,0,128,20,0
1391,6,59279,8443,16.0,0,1351,0,57,20,0
161,6,32929,22,16.0,0,121,0,128,20,0
54,6,9900,8443,16.0,0,14,0,51,20,0
730,6,63249,22,17.0,0,690,0,56,20,0
258,6,47418,22,16.0,0,218,0,128,20,0
39,1,0,0,0.0,8,14,0,1,20,1
682,6,56051,443,17.0,0,642,0,128,20,0
72,17,33000,53,0.0,0,245,0,128,20,0
1145,6,59202,443,16.0,0,1105,0,128,20,0
74,6,47882,8443,16.0,0,34,0,120,20,0
184,6,29331,8443,16.0,0,144,0,58,20,0
1141,6,54909,5432,16.0,0,1101,0,255,20,0
66,6,9604,22,24.0,0,26,0,64,20,0
193,6,33137,8443,16.0,0,153,0,118,20,0
54,6,44754,8443,24.0,0,14,0,120,20,0
146,17,58805,53,0.0,0,32,0,64,20,0
552,6,43226,8080,17.0,0,512,0,60,20,0
54,6,56833,8443,18.0,0,14,0,58,20,0
1027,17,62300,3306,2.0,0,987,0,56,20,0
207,6,38069,8443,24.0,0,167,0,117,20,0
258,6,21679,22,24.0,0,218,0,128,20,0
74,6,40279,443,18.0,0,34,0,58,20,0
936,6,56958,443,24.0,0,896,0,64,20,0
397,6,43944,8080,17.0,0,357,0,60,20,0
94,6,64903,8443,16.0,0,54,0,60,20,0
49,1,0,0,0.0,8,37,0,17,20,1
925,6,8044,22,2.0,0,885,0,60,20,0
112,6,26265,8443,24.0,0,72,0,56,20,0
1365,6,64793,3306,16.0,0,1325,0,128,20,0
54,6,44265,443,16.0,0,14,0,55,20,0
41,6,32916,48846,2.0,0,0,0,64,20,1
597,17,47726,3306,0.0,0,557,0,60,20,0
478,6,18895,22,2.0,0,438,0,56,20,0
434,6,44265,5432,16.0,0,394,0,56,20,0
1188,6,21182,8000,16.0,0,1148,0,128,20,0
423,17,64170,53,0.0,0,224,0,128,20,0
537,17,4929,443,2.0,0,497,0,56,20,0
66,6,16410,443,16.0,0,26,0,118,20,0
86,1,0,0,0.0,8,29,0,6,20,1
112,1,8300,80,16.0,0,72,0,128,20,0
50,6,18316,33100,2.0,0,0,0,64,20,1
1445,6,5699,443,24.0,0,1405,0,51,20,0
1266,6,32745,8443,17.0,0,1226,0,128,20,0
162,6,46830,22,24.0,0,122,0,64,20,0
1282,6,60703,53,17.0,0,1242,0,56,20,0
74,6,39775,443,2.0,0,34,0,52,20,0
339,6,65351,8080,2.0,0,299,0,64,20,0
148,6,49651,8080,0.18,0,108,0,57,20,0
63,1,0,0,0.0,8,53,0,15,20,1
74,6,52420,8443,24.0,0,34,0,54,20,0
61,6,35499,443,0.0,0,21,0,128,20,0
66,6,6630,8443,16.0,0,26,0,52,20,0
1113,6,23549,8080,17.0,0,1073,0,57,20,0
146,6,58700,8000,17.0,0,106,0,255,20,0
66,6,17975,22,24.0,0,26,0,128,20,0
246,6,44904,8443,24.0,0,206,0,128,20,0
123,6,61706,8443,16.0,0,83,0,60,20,0
54,6,6690,8443,16.0,0,14,0,57,20,0
1152,17,62633,8080,2.0,0,1112,0,56,20,0
1274,17,45313,22,17.0,0,1234,0,56,20,0
54,6,27052,8443,16.0,0,14,0,60,20,0
1450,17,50731,854,0.0,0,1107,1,8,20,1
74,6,55022,8443,16.0,0,34,0,120,20,0
52,6,61842,80,2.0,0,0,0,28,20,1
126,6,10171,80,2.0,0,86,0,58,20,0
184,6,38593,22,24.0,0,144,0,64,20,0
74,6,21332,8443,17.0,0,34,0,119,20,0
1017,1,60119,5432,0.0,0,977,0,56,20,0
437,17,34057,53,0.0,0,381,0,128,20,0
74,6,43061,8443,16.0,0,34,0,119,20,0
96,17,23258,53,0.0,0,92,0,128,20,0
130,6,24186,22,24.0,0,90,0,64,20,0
130,6,65346,22,16.0,0,90,0,128,20,0
60,1,0,0,0.0,8,19,0,15,20,1
755,6,20803,80,2.0,0,715,0,255,20,0
169,6,19919,443,16.0,0,129,0,120,20,0
66,6,16920,443,18.0,0,26,0,119,20,0
312,17,20024,53,0.0,0,179,0,64,20,0
152,6,24824,8080,16.0,0,112,0,64,20,0
102,6,42548,8080,2.0,0,62,0,64,20,0
1128,6,62188,8443,24.0,0,1088,0,57,20,0
293,17,5367,53,0.0,0,337,0,128,20,0
247,6,45581,8443,2.0,0,207,0,51,20,0
109,6,16614,22,0.0,0,69,0,128,20,0
681,6,9386,5432,24.0,0,641,0,255,20,0
213,17,42454,53,0.0,0,440,0,128,20,0
105,6,39594,8080,17.0,0,65,0,57,20,0
90,6,41731,22,24.0,0,50,0,64,20,0
41,17,62052,5432,24.0,0,1,0,128,20,0
938,6,57585,3306,24.0,0,898,0,60,20,0
50,1,0,0,0.0,8,17,0,7,20,1
129,6,15371,8080,0.18,0,89,0,56,20,0
219,17,33788,53,0.0,0,133,0,128,20,0
54,6,37659,8443,17.0,0,14,0,52,20,0
66,6,9796,443,24.0,0,26,0,52,20,0
1234,6,45615,443,17.0,0,1194,0,60,20,0
50,6,45500,80,2.0,0,0,0,4,20,1
761,17,31519,3306,24.0,0,721,0,128,20,0
529,6,35323,80,2.0,0,489,0,255,20,0
660,6,32182,443,16.0,0,620,0,64,20,0
427,6,14000,80,0.18,0,387,0,58,20,0
297,6,42822,8443,17.0,0,257,0,117,20,0
47,6,41579,80,2.0,0,0,0,25,20,1
98,6,44323,443,17.0,0,58,0,119,20,0
251,6,8821,8443,17.0,0,211,0,55,20,0
343,17,26554,53,0.0,0,29,0,128,20,0
130,6,50435,22,24.0,0,90,0,64,20,0
54,6,45486,443,16.0,0,14,0,115,20,0
200,6,13120,5432,2.0,0,160,0,128,20,0
945,6,30736,3306,17.0,0,905,0,60,20,0
66,6,24784,443,24.0,0,26,0,119,20,0
66,6,8235,8443,16.0,0,26,0,118,20,0
258,6,56257,22,24.0,0,218,0,64,20,0
297,6,42384,8080,2.0,0,257,0,255,20,0
1202,17,50628,660,0.0,0,978,1,9,20,1
252,6,32414,443,16.0,0,212,0,56,20,0
52,6,25531,8000,16.0,0,12,0,255,20,0
432,6,23610,443,2.0,0,392,0,255,20,0
345,17,49060,53,0.0,0,104,0,128,20,0
919,17,35675,22,17.0,0,879,0,60,20,0
54,6,56441,8443,16.0,0,14,0,49,20,0
162,6,59357,22,16.0,0,122,0,128,20,0
179,17,40899,53,0.0,0,136,0,128,20,0
828,6,19336,443,16.0,0,788,0,117,20,0
1198,17,38243,443,24.0,0,1158,0,64,20,0
385,6,30469,3306,0.0,0,345,0,56,20,0
287,6,22205,8443,16.0,0,247,0,128,20,0
54,6,5294,443,16.0,0,14,0,51,20,0
1435,17,65155,892,0.0,0,1455,0,5,20,1
54,6,2194,8443,2.0,0,14,0,52,20,0
883,6,27643,8443,16.0,0,843,0,56,20,0
822,6,24066,443,18.0,0,782,0,128,20,0
966,6,34344,80,2.0,0,926,0,58,20,0
243,17,34414,53,0.0,0,132,0,64,20,0
74,6,36678,8443,17.0,0,34,0,119,20,0
66,6,62247,443,17.0,0,26,0,64,20,0
66,6,35182,8443,16.0,0,26,0,117,20,0
45,6,13936,80,2.0,0,0,0,11,20,1
1207,17,26087,443,0.0,0,1167,0,255,20,0
74,6,4904,8443,16.0,0,34,0,54,20,0
1325,6,38911,5432,2.0,0,1285,0,64,20,0
163,6,45809,8000,17.0,0,123,0,64,20,0
51,6,39184,80,2.0,0,0,0,19,20,1
114,6,61039,22,16.0,0,74,0,128,20,0
74,6,50780,443,24.0,0,34,0,128,20,0
54,6,9436,8443,24.0,0,14,0,60,20,0
1115,6,31889,5432,0.0,0,1075,0,64,20,0
74,6,49688,443,2.0,0,34,0,57,20,0
54,6,39895,443,24.0,0,14,0,56,20,0
479,17,30612,53,0.0,0,93,0,64,20,0
909,6,8016,22,2.0,0,869,0,255,20,0
663,17,26154,22,24.0,0,623,0,128,20,0
632,6,30314,5432,24.0,0,592,0,56,20,0
412,17,34061,53,0.0,0,118,0,64,20,0
119,6,25298,8000,0.18,0,79,0,57,20,0
1286,6,19639,53,0.0,0,1246,0,56,20,0
105,6,16597,80,2.0,0,65,0,128,20,0
848,6,45073,3306,24.0,0,808,0,60,20,0
755,6,41676,80,17.0,0,715,0,57,20,0
52,6,52293,17778,2.0,0,0,0,64,20,1
55,6,36540,80,2.0,0,0,0,3,20,1
249,6,42105,8443,24.0,0,209,0,51,20,0
66,6,50318,8443,16.0,0,26,0,51,20,0
59,6,58997,80,2.0,0,0,0,11,20,1
193,6,25521,8080,2.0,0,153,0,64,20,0
368,17,48972,53,0.0,0,380,0,128,20,0
48,6,39996,25377,2.0,0,0,0,64,20,1
1019,17,36025,534,0.0,0,1067,1,7,20,1
1072,6,15782,8443,24.0,0,1032,0,58,20,0
154,6,40206,8443,16.0,0,114,0,54,20,0
423,6,31790,5432,16.0,0,383,0,60,20,0
87,1,0,0,0.0,8,3,0,9,20,1
90,6,1146,22,16.0,0,50,0,64,20,0
1457,17,6180,53,17.0,0,1417,0,128,20,0
52,6,52996,12120,2.0,0,0,0,64,20,1
1157,17,36220,8080,2.0,0,1117,0,255,20,0
53,6,31328,80,2.0,0,0,0,27,20,1
1208,1,9618,443,24.0,0,1168,0,64,20,0
209,6,13770,443,18.0,0,169,0,58,20,0
203,6,22365,8443,24.0,0,163,0,58,20,0
54,6,48971,443,24.0,0,14,0,56,20,0
1178,17,1418,55,0.0,0,1197,1,6,20,1
239,6,25771,443,17.0,0,199,0,64,20,0
1360,6,47149,8080,2.0,0,1320,0,57,20,0
372,6,58025,8000,0.18,0,332,0,57,20,0
74,6,59233,443,16.0,0,34,0,64,20,0
130,6,64213,22,24.0,0,90,0,128,20,0
54,6,23790,443,16.0,0,14,0,64,20,0
92,6,30569,8443,16.0,0,52,0,55,20,0
1305,6,50580,443,16.0,0,1265,0,115,20,0
74,6,38076,8443,16.0,0,34,0,57,20,0
1351,6,33888,443,16.0,0,1311,0,60,20,0
130,6,5832,22,16.0,0,90,0,64,20,0
1260,17,28010,734,0.0,0,1005,0,6,20,1
66,6,42207,443,24.0,0,26,0,56,20,0
574,6,61427,80,0.18,0,534,0,58,20,0
1244,17,34070,5432,24.0,0,1204,0,56,20,0
283,17,13609,53,0.0,0,361,0,128,20,0
415,17,20517,3306,16.0,0,375,0,64,20,0
1193,6,37755,8000,16.0,0,1153,0,57,20,0
49,6,48235,80,2.0,0,0,0,9,20,1
43,6,48374,80,2.0,0,0,0,15,20,1
313,17,42303,53,0.0,0,454,0,64,20,0
74,6,32237,443,16.0,0,34,0,49,20,0
53,6,57395,80,2.0,0,0,0,26,20,1
162,6,37989,22,24.0,0,122,0,64,20,0
79,6,46745,8080,2.0,0,39,0,128,20,0
283,6,33954,443,18.0,0,243,0,60,20,0
1054,17,14635,386,0.0,0,1024,1,2,20,1
205,17,16947,53,0.0,0,298,0,64,20,0
388,17,64904,53,0.0,0,83,0,128,20,0
66,6,38569,443,16.0,0,26,0,57,20,0
1133,17,33886,22,17.0,0,1093,0,56,20,0
1293,17,49433,80,2.0,0,1253,0,255,20,0
52,1,0,0,0.0,8,22,0,12,20,1
162,6,44066,22,24.0,0,122,0,64,20,0
219,6,16120,8443,16.0,0,179,0,49,20,0
54,6,22369,80,2.0,0,0,0,27,20,1
1476,6,29484,53,24.0,0,1436,0,64,20,0
101,6,2025,8443,24.0,0,61,0,118,20,0
500,6,12670,8000,16.0,0,460,0,56,20,0
1449,6,28769,22,17.0,0,1409,0,255,20,0
1365,6,48187,8080,16.0,0,1325,0,64,20,0
29,1,0,0,0.0,8,17,0,3,20,1
912,6,21127,80,17.0,0,872,0,128,20,0
66,6,41211,443,16.0,0,26,0,60,20,0
66,6,12642,443,2.0,0,26,0,115,20,0
54,6,60868,80,2.0,0,0,0,26,20,1
1388,17,42694,3306,0.0,0,1348,0,128,20,0
54,6,5410,443,2.0,0,14,0,56,20,0
305,6,56661,22,17.0,0,265,0,128,20,0
52,6,61423,8080,17.0,0,12,0,64,20,0
724,17,39096,80,2.0,0,684,0,255,20,0
1277,6,29488,8443,17.0,0,1237,0,54,20,0
1103,17,44360,691,0.0,0,1088,0,9,20,1
1257,6,43259,80,2.0,0,1217,0,255,20,0
157,6,9703,53,16.0,0,117,0,255,20,0
268,6,38735,8443,18.0,0,228,0,115,20,0
43,6,36976,80,2.0,0,0,0,23,20,1
241,6,62654,443,24.0,0,201,0,56,20,0
164,6,16620,8080,17.0,0,124,0,64,20,0
115,6,33941,8000,2.0,0,75,0,128,20,0
144,6,36726,8000,2.0,0,104,0,64,20,0
190,6,15916,443,18.0,0,150,0,120,20,0
576,6,36096,22,0.0,0,536,0,64,20,0
417,1,36093,53,0.0,0,377,0,56,20,0
54,6,64406,443,24.0,0,14,0,118,20,0
1345,6,23918,8080,17.0,0,1305,0,64,20,0
44,6,21634,7643,2.0,0,0,0,64,20,1
167,6,43922,80,0.18,0,127,0,58,20,0
334,17,1190,53,0.0,0,392,0,128,20,0
1040,6,27319,8000,17.0,0,1000,0,58,20,0
46,6,6980,11967,2.0,0,0,0,64,20,1
74,6,1755,443,16.0,0,34,0,52,20,0
648,6,60540,8000,2.0,0,608,0,128,20,0
114,6,38137,22,16.0,0,74,0,128,20,0
245,6,54333,443,24.0,0,205,0,55,20,0
1511,6,26506,22,2.0,0,1460,0,56,20,0
616,6,33912,5432,16.0,0,576,0,64,20,0
162,6,62077,22,24.0,0,122,0,128,20,0
46,6,1405,15849,2.0,0,0,0,64,20,1
130,6,18781,22,24.0,0,90,0,128,20,0
59,6,32976,8080,17.0,0,19,0,56,20,0
184,6,53898,22,24.0,0,144,0,128,20,0
46,6,56373,80,2.0,0,0,0,13,20,1
155,17,38652,53,0.0,0,384,0,128,20,0
1173,6,53993,443,24.0,0,1133,0,60,20,0
54,6,58208,443,16.0,0,14,0,128,20,0
54,6,46202,443,24.0,0,14,0,117,20,0
97,17,12163,53,0.0,0,103,0,128,20,0
48,6,1585,8000,2.0,0,8,0,57,20,0
875,6,8602,22,16.0,0,835,0,64,20,0
1427,17,25986,301,0.0,0,1234,1,6,20,1
66,6,2293,443,17.0,0,26,0,117,20,0
1475,6,53373,8443,2.0,0,1435,0,49,20,0
85,6,31459,8443,24.0,0,45,0,60,20,0
1162,6,22188,443,24.0,0,1122,0,117,20,0
66,6,49455,22,24.0,0,26,0,128,20,0
850,6,63899,80,2.0,0,810,0,64,20,0
54,6,11786,8443,16.0,0,14,0,49,20,0
874,6,56887,80,16.0,0,834,0,60,20,0
1160,6,52439,8443,17.0,0,1120,0,54,20,0
826,6,59890,443,16.0,0,786,0,58,20,0
54,6,7097,8443,2.0,0,14,0,49,20,0
518,6,8671,53,17.0,0,478,0,56,20,0
66,6,13912,22,24.0,0,26,0,64,20,0
1201,6,18779,443,2.0,0,1161,0,117,20,0
42,1,0,0,0.0,8,42,0,6,20,1
415,6,27636,5432,2.0,0,375,0,128,20,0
1207,6,34590,22,16.0,0,1167,0,56,20,0
732,17,43611,443,17.0,0,692,0,56,20,0
415,17,21402,53,0.0,0,424,0,128,20,0
441,17,27305,53,0.0,0,122,0,64,20,0
884,6,42194,53,24.0,0,844,0,64,20,0
977,6,32950,8443,24.0,0,937,0,49,20,0
54,6,60246,443,16.0,0,14,0,60,20,0
64,17,31931,53,0.0,0,358,0,64,20,0
74,6,6720,443,16.0,0,34,0,49,20,0
89,6,57491,8000,17.0,0,49,0,56,20,0
426,6,56970,8080,0.0,0,386,0,60,20,0
1071,6,4613,8080,16.0,0,1031,0,60,20,0
256,6,63894,8443,16.0,0,216,0,120,20,0
58,6,34277,80,2.0,0,0,0,5,20,1
599,6,1068,8080,0.0,0,559,0,60,20,0
329,17,9136,53,0.0,0,90,0,128,20,0
130,6,59195,22,24.0,0,90,0,128,20,0
946,17,8536,443,2.0,0,906,0,56,20,0
1387,17,58799,53,0.0,0,1347,0,60,20,0
54,6,6777,443,16.0,0,14,0,60,20,0
54,6,48339,443,24.0,0,14,0,52,20,0
818,6,57862,443,16.0,0,778,0,56,20,0
84,1,0,0,0.0,8,19,0,18,20,1
694,6,25043,53,2.0,0,654,0,56,20,0
1176,6,7879,80,17.0,0,1136,0,255,20,0
1175,6,9282,5432,16.0,0,1135,0,128,20,0
705,6,65343,443,0.0,0,665,0,128,20,0
32,1,0,0,0.0,8,7,0,6,20,1
1124,17,25150,3306,17.0,0,1084,0,64,20,0
74,6,61306,443,16.0,0,34,0,119,20,0
1494,17,10794,384,0.0,0,983,1,2,20,1
1302,17,19428,443,16.0,0,1262,0,128,20,0
765,6,37221,8080,2.0,0,725,0,255,20,0
224,6,4856,8443,16.0,0,184,0,51,20,0
481,6,53705,8080,2.0,0,441,0,64,20,0
1042,6,30238,53,2.0,0,1002,0,128,20,0
1044,17,54727,951,0.0,0,1190,0,9,20,1
556,6,36008,443,24.0,0,516,0,60,20,0
90,6,41077,22,24.0,0,50,0,64,20,0
1393,6,19680,80,16.0,0,1353,0,64,20,0
246,6,48985,443,2.0,0,206,0,117,20,0
375,6,33592,443,16.0,0,335,0,60,20,0
1175,1,4786,22,17.0,0,1135,0,64,20,0
50,6,18620,80,2.0,0,0,0,14,20,1
117,17,41947,53,0.0,0,38,0,64,20,0
1317,17,5134,22,24.0,0,1277,0,128,20,0
998,17,43429,53,16.0,0,958,0,64,20,0
609,6,33763,22,16.0,0,569,0,64,20,0
74,6,9648,443,24.0,0,34,0,55,20,0
1295,17,65514,852,0.0,0,1051,0,2,20,1
56,6,37861,80,2.0,0,0,0,23,20,1
812,6,34468,5432,24.0,0,772,0,255,20,0
54,6,58539,64236,2.0,0,0,0,64,20,1
93,17,64766,53,0.0,0,385,0,128,20,0
1135,1,42476,80,2.0,0,1095,0,64,20,0
1438,17,34131,726,0.0,0,1087,0,2,20,1
437,17,56663,53,0.0,0,52,0,128,20,0
438,6,15857,80,2.0,0,398,0,255,20,0
1134,6,43615,8000,2.0,0,1094,0,128,20,0
371,17,20864,443,2.0,0,331,0,128,20,0
162,6,29171,22,16.0,0,122,0,128,20,0
698,6,2549,8000,2.0,0,658,0,255,20,0
64,6,56100,80,16.0,0,24,0,56,20,0
1431,6,38232,3306,24.0,0,1391,0,64,20,0
258,6,11497,22,24.0,0,218,0,64,20,0
45,6,33579,43286,2.0,0,0,0,64,20,1
166,6,14791,80,16.0,0,126,0,58,20,0
133,6,41568,443,24.0,0,93,0,118,20,0
1464,17,45013,497,0.0,0,1286,0,7,20,1
55,6,6250,80,2.0,0,0,0,18,20,1
65,1,0,0,0.0,8,37,0,12,20,1
213,17,26263,53,0.0,0,358,0,64,20,0
882,6,47274,443,16.0,0,842,0,55,20,0
1254,17,49919,168,0.0,0,987,1,5,20,1
443,17,1883,5432,16.0,0,403,0,64,20,0
86,1,0,0,0.0,8,36,0,5,20,1
44,6,54563,80,2.0,0,0,0,24,20,1
238,17,57281,53,0.0,0,459,0,128,20,0
1175,6,3954,80,2.0,0,1135,0,255,20,0
1058,6,21616,5432,16.0,0,1018,0,128,20,0
142,6,10765,80,17.0,0,102,0,64,20,0
223,6,4690,443,24.0,0,183,0,128,20,0
190,6,57659,8443,16.0,0,150,0,55,20,0
74,6,54934,443,16.0,0,34,0,60,20,0
427,17,54295,53,0.0,0,450,0,64,20,0
54,6,28880,443,16.0,0,14,0,58,20,0
1497,6,39991,8443,17.0,0,1457,0,64,20,0
615,6,59043,8080,0.0,0,575,0,255,20,0
49,6,5427,2594,2.0,0,0,0,64,20,1
203,17,55373,53,0.0,0,45,0,128,20,0
33,1,0,0,0.0,8,9,0,6,20,1
130,6,12390,8080,17.0,0,90,0,58,20,0
74,6,35830,443,17.0,0,34,0,56,20,0
538,6,62121,8080,17.0,0,498,0,64,20,0
377,17,3544,53,0.0,0,399,0,128,20,0
91,6,43842,443,16.0,0,51,0,64,20,0
702,17,2192,3306,0.0,0,662,0,128,20,0
62,6,17898,8080,16.0,0,22,0,58,20,0
258,6,2449,22,16.0,0,218,0,64,20,0
66,6,35052,8443,16.0,0,26,0,119,20,0
445,17,50468,53,0.0,0,274,0,64,20,0
162,6,7042,22,16.0,0,122,0,64,20,0
66,6,17579,443,16.0,0,26,0,128,20,0
74,6,36073,8080,17.0,0,34,0,128,20,0
83,17,37351,53,0.0,0,89,0,64,20,0
151,6,54876,8000,17.0,0,111,0,57,20,0
472,17,22547,53,0.0,0,171,0,64,20,0
425,6,58254,8080,17.0,0,385,0,57,20,0
418,17,58105,53,0.0,0,121,0,128,20,0
66,6,58021,443,2.0,0,26,0,51,20,0
350,17,25621,53,0.0,0,294,0,128,20,0
205,1,49327,80,17.0,0,165,0,255,20,0
1182,6,37030,53,0.0,0,1142,0,255,20,0
66,6,41007,22,24.0,0,26,0,64,20,0
995,17,59659,443,24.0,0,955,0,60,20,0
182,6,16757,8443,16.0,0,142,0,119,20,0
59,1,0,0,0.0,8,6,0,11,20,1
184,17,57082,53,0.0,0,415,0,128,20,0
1117,17,21422,150,0.0,0,958,0,5,20,1
75,17,53752,53,0.0,0,194,0,64,20,0
919,6,42060,8080,2.0,0,879,0,128,20,0
66,6,26166,443,18.0,0,26,0,55,20,0
1220,6,31158,53,2.0,0,1180,0,255,20,0
1177,6,20654,443,16.0,0,1137,0,55,20,0
1081,17,3077,8080,2.0,0,1041,0,128,20,0
1395,17,18697,22,17.0,0,1355,0,255,20,0
51,6,8757,80,17.0,0,11,0,128,20,0
1069,6,27050,443,16.0,0,1029,0,57,20,0
263,17,49861,53,0.0,0,23,0,128,20,0
1340,17,7958,108,0.0,0,1273,0,6,20,1
135,6,12249,80,0.0,0,95,0,128,20,0
184,6,54666,22,24.0,0,144,0,64,20,0
1210,6,14692,443,16.0,0,1170,0,60,20,0
506,17,32196,53,0.0,0,339,0,64,20,0
1196,17,38362,443,0.0,0,1156,0,60,20,0
296,17,37514,53,0.0,0,58,0,128,20,0
35,1,0,0,0.0,8,27,0,14,20,1
74,6,13022,8443,24.0,0,34,0,120,20,0
388,17,28196,53,0.0,0,80,0,64,20,0
47,6,10502,80,2.0,0,0,0,2,20,1
1105,6,11668,53,0.0,0,1065,0,255,20,0
397,17,40781,53,0.0,0,349,0,64,20,0
66,6,27336,8443,16.0,0,26,0,57,20,0
643,6,46138,53,2.0,0,603,0,60,20,0
477,17,55465,22,16.0,0,437,0,56,20,0
184,6,13492,22,16.0,0,144,0,64,20,0
1293,6,35342,5432,0.0,0,1253,0,64,20,0
74,6,47684,443,16.0,0,34,0,51,20,0
507,17,36864,53,0.0,0,278,0,128,20,0
54,6,20666,443,24.0,0,14,0,118,20,0
83,1,0,0,0.0,8,14,0,19,20,1
686,6,26829,22,24.0,0,646,0,56,20,0
613,6,51470,5432,0.0,0,573,0,60,20,0
103,6,41246,8443,16.0,0,63,0,64,20,0
298,6,40093,443,0.0,0,258,0,64,20,0
86,1,0,0,0.0,8,12,0,4,20,1
1333,6,53416,8080,0.0,0,1293,0,60,20,0
833,6,50519,443,16.0,0,793,0,118,20,0
86,1,0,0,0.0,8,35,0,18,20,1
726,6,41687,443,24.0,0,686,0,60,20,0
59,6,43329,80,2.0,0,0,0,15,20,1
326,17,45562,3306,2.0,0,286,0,60,20,0
74,6,30325,8443,18.0,0,34,0,115,20,0
465,6,41188,443,2.0,0,425,0,60,20,0
94,17,44749,53,0.0,0,257,0,128,20,0
92,6,1768,53,0.0,0,52,0,255,20,0
594,6,26670,80,24.0,0,554,0,128,20,0
66,6,31361,443,2.0,0,26,0,56,20,0
199,6,14636,80,17.0,0,159,0,255,20,0
1384,6,10277,53,0.0,0,1344,0,60,20,0
257,17,35739,53,0.0,0,310,0,64,20,0
45,6,32610,80,2.0,0,0,0,21,20,1
49,6,11019,3990,2.0,0,0,0,64,20,1
1201,6,36223,8443,17.0,0,1161,0,58,20,0
66,6,28751,22,16.0,0,26,0,128,20,0
1042,6,44232,8080,24.0,0,1002,0,56,20,0
54,6,16535,8443,24.0,0,14,0,118,20,0
41,6,61355,29438,2.0,0,0,0,64,20,1
66,6,47645,8443,16.0,0,26,0,51,20,0
810,6,57300,8080,24.0,0,770,0,255,20,0
479,17,59469,53,0.0,0,147,0,128,20,0
116,6,23744,80,0.18,0,76,0,56,20,0
54,6,41061,443,24.0,0,14,0,64,20,0
216,6,6101,443,16.0,0,176,0,57,20,0
498,6,38257,80,2.0,0,458,0,128,20,0
852,6,11361,3306,16.0,0,812,0,60,20,0
1340,17,13984,152,0.0,0,1159,1,5,20,1
811,6,7730,8080,17.0,0,771,0,57,20,0
427,17,34407,53,0.0,0,447,0,64,20,0
54,6,40172,8443,24.0,0,14,0,55,20,0
1469,6,7323,80,17.0,0,1429,0,56,20,0
467,6,12720,8080,17.0,0,427,0,128,20,0
113,17,3521,53,0.0,0,196,0,64,20,0
447,17,5026,53,0.0,0,354,0,128,20,0
74,6,9762,8443,24.0,0,34,0,55,20,0
90,6,8550,22,16.0,0,50,0,128,20,0
1403,6,21207,443,16.0,0,1363,0,119,20,0
979,6,3059,8443,16.0,0,939,0,117,20,0
194,6,22340,8443,18.0,0,154,0,57,20,0
236,17,30499,53,0.0,0,431,0,64,20,0
945,6,33867,8080,16.0,0,905,0,60,20,0
1463,6,13491,443,24.0,0,1423,0,119,20,0
882,6,3890,8080,24.0,0,842,0,60,20,0
246,17,31826,53,0.0,0,453,0,64,20,0
182,6,45724,8000,16.0,0,142,0,57,20,0
66,6,45667,443,16.0,0,26,0,56,20,0
274,6,5006,8443,16.0,0,234,0,115,20,0
54,6,26119,443,24.0,0,14,0,120,20,0
30,1,0,0,0.0,8,33,0,19,20,1
176,6,13721,80,16.0,0,136,0,64,20,0
1409,6,46028,8443,16.0,0,1369,0,64,20,0
66,6,13470,443,16.0,0,26,0,119,20,0
42,6,31031,44707,2.0,0,0,0,64,20,1
1468,6,45420,8080,2.0,0,1428,0,57,20,0
74,6,13689,443,16.0,0,34,0,115,20,0
433,17,20752,53,0.0,0,465,0,128,20,0
66,6,14910,22,16.0,0,26,0,64,20,0
177,6,47503,8000,16.0,0,137,0,56,20,0
818,6,31308,8080,0.18,0,778,0,64,20,0
321,17,24572,53,0.0,0,40,0,64,20,0
53,6,43309,5064,2.0,0,0,0,64,20,1
162,6,53771,22,24.0,0,122,0,64,20,0
380,17,9673,8080,24.0,0,340,0,64,20,0
1265,6,56451,80,17.0,0,1225,0,56,20,0
54,6,57416,8443,2.0,0,14,0,115,20,0
54,6,10636,8443,16.0,0,14,0,56,20,0
114,6,7186,22,24.0,0,74,0,64,20,0
810,6,46511,8443,16.0,0,770,0,54,20,0
232,17,50297,53,0.0,0,216,0,128,20,0
1282,17,41965,900,0.0,0,1043,1,3,20,1
40,6,20729,80,2.0,0,0,0,7,20,1
1446,6,34398,80,0.18,0,1406,0,56,20,0
1406,6,22328,8443,16.0,0,1366,0,60,20,0
266,17,47613,53,0.0,0,362,0,128,20,0
375,6,34365,443,2.0,0,335,0,128,20,0
64,1,0,0,0.0,8,8,0,16,20,1
1328,6,48692,8443,16.0,0,1288,0,119,20,0
436,6,12256,443,2.0,0,396,0,128,20,0
172,6,51930,8443,24.0,0,132,0,120,20,0
386,17,64642,53,0.0,0,316,0,64,20,0
61,17,46841,80,16.0,0,21,0,255,20,0
183,17,57022,53,24.0,0,143,0,60,20,0
54,6,9743,443,24.0,0,14,0,117,20,0
895,6,53070,8000,17.0,0,855,0,255,20,0
1471,1,48752,53,17.0,0,1431,0,255,20,0
50,1,0,0,0.0,8,11,0,8,20,1
431,17,7479,53,0.0,0,372,0,128,20,0
66,6,1832,8443,16.0,0,26,0,54,20,0
70,1,0,0,0.0,8,33,0,12,20,1
262,17,62305,53,0.0,0,280,0,128,20,0
114,6,24955,22,24.0,0,74,0,128,20,0
171,6,32110,8443,16.0,0,131,0,120,20,0
54,6,60699,8443,16.0,0,14,0,118,20,0
388,17,7541,53,0.0,0,46,0,64,20,0
416,6,20100,80,0.18,0,376,0,64,20,0
951,6,19743,22,17.0,0,911,0,128,20,0
827,6,13783,22,2.0,0,787,0,255,20,0
66,6,26562,443,16.0,0,26,0,120,20,0
554,17,11610,5432,16.0,0,514,0,255,20,0
1381,6,16472,8080,17.0,0,1341,0,58,20,0
383,6,61155,5432,2.0,0,343,0,56,20,0
1193,17,62788,415,0.0,0,1263,1,8,20,1
720,6,31291,53,16.0,0,680,0,128,20,0
66,6,59830,443,24.0,0,26,0,58,20,0
864,6,35777,8443,18.0,0,824,0,54,20,0
51,6,9867,80,17.0,0,11,0,57,20,0
635,6,5978,8000,17.0,0,595,0,58,20,0
162,6,55514,22,16.0,0,122,0,64,20,0
130,6,39532,22,16.0,0,90,0,128,20,0
258,6,14157,22,24.0,0,218,0,128,20,0
66,6,62033,8443,17.0,0,26,0,128,20,0
231,6,20625,443,16.0,0,191,0,128,20,0
234,17,59364,53,0.0,0,22,0,128,20,0
1053,6,62537,8443,24.0,0,1013,0,117,20,0
74,6,55170,8443,18.0,0,34,0,57,20,0
66,6,49094,8443,2.0,0,26,0,57,20,0
54,6,47040,80,2.0,0,0,0,3,20,1
54,6,7715,443,24.0,0,14,0,54,20,0
29,1,0,0,0.0,8,30,0,11,20,1
147,6,57017,80,16.0,0,107,0,58,20,0
365,17,3942,53,0.0,0,244,0,128,20,0
66,6,58220,443,2.0,0,26,0,115,20,0
435,17,55544,53,0.0,0,437,0,128,20,0
71,17,35771,53,0.0,0,419,0,128,20,0
258,6,13402,22,24.0,0,218,0,128,20,0
74,6,38443,8443,16.0,0,34,0,56,20,0
69,1,0,0,0.0,8,51,0,3,20,1
1008,17,31489,285,0.0,0,1258,0,4,20,1
87,6,10243,443,24.0,0,47,0,56,20,0
278,6,1959,8443,2.0,0,238,0,56,20,0
502,17,8789,53,0.0,0,171,0,64,20,0
47,1,0,0,0.0,8,4,0,12,20,1
130,6,51320,22,16.0,0,90,0,64,20,0
467,17,17651,53,0.0,0,265,0,64,20,0
210,17,32543,53,0.0,0,457,0,64,20,0
914,6,8362,5432,2.0,0,874,0,56,20,0
86,1,0,0,0.0,8,53,0,9,20,1
41,6,12662,80,24.0,0,1,0,56,20,0
446,6,59499,8080,0.18,0,406,0,57,20,0
184,6,1644,22,24.0,0,144,0,128,20,0
94,6,36921,443,24.0,0,54,0,117,20,0
1507,6,36477,8080,0.0,0,1460,0,60,20,0
258,6,20700,22,24.0,0,218,0,64,20,0
66,6,29923,443,18.0,0,26,0,49,20,0
54,6,6171,443,24.0,0,14,0,51,20,0
1167,17,10981,966,0.0,0,1151,0,8,20,1
286,6,11899,443,16.0,0,246,0,60,20,0
151,6,62636,8080,2.0,0,111,0,255,20,0
1456,6,48455,8080,16.0,0,1416,0,56,20,0
290,17,3866,53,0.0,0,212,0,64,20,0
206,6,32411,22,17.0,0,166,0,255,20,0
38,1,0,0,0.0,8,17,0,19,20,1
652,17,56922,80,0.0,0,612,0,60,20,0
52,6,8456,60070,2.0,0,0,0,64,20,1
747,6,35959,80,0.0,0,707,0,60,20,0
335,6,40705,80,0.18,0,295,0,56,20,0
295,6,45330,443,16.0,0,255,0,117,20,0
162,6,49367,22,16.0,0,122,0,64,20,0
1179,17,1061,834,0.0,0,1214,1,1,20,1
119,6,35615,5432,24.0,0,79,0,60,20,0
43,6,57785,49207,2.0,0,0,0,64,20,1
129,6,9354,443,2.0,0,89,0,128,20,0
1190,17,3775,787,0.0,0,1040,1,3,20,1
66,6,12642,8443,16.0,0,26,0,60,20,0
74,6,38292,8443,24.0,0,34,0,128,20,0
63,1,0,0,0.0,8,43,0,4,20,1
178,6,17952,443,16.0,0,138,0,120,20,0
1443,17,58450,841,0.0,0,1417,0,3,20,1
862,6,40503,80,2.0,0,822,0,128,20,0
783,17,33227,443,0.0,0,743,0,128,20,0
51,6,48526,56601,2.0,0,0,0,64,20,1
74,6,23418,443,18.0,0,34,0,60,20,0
66,6,26577,8443,24.0,0,26,0,117,20,0
258,6,44101,22,16.0,0,218,0,128,20,0
1490,6,54911,3306,16.0,0,1450,0,60,20,0
74,6,47294,443,24.0,0,34,0,115,20,0
54,6,44414,8443,2.0,0,14,0,49,20,0
54,6,31449,443,16.0,0,14,0,118,20,0
162,6,60141,22,24.0,0,122,0,128,20,0
582,17,36383,80,16.0,0,542,0,60,20,0
74,6,41884,443,16.0,0,34,0,119,20,0
95,6,64792,8443,16.0,0,55,0,128,20,0
83,6,12464,8000,0.18,0,43,0,57,20,0
1006,6,47094,443,16.0,0,966,0,255,20,0
752,6,20338,5432,2.0,0,712,0,64,20,0
54,6,58291,13464,2.0,0,0,0,64,20,1
122,6,18892,8000,17.0,0,82,0,58,20,0
155,6,28235,8080,24.0,0,115,0,56,20,0
54,6,43622,443,16.0,0,14,0,58,20,0
155,17,25588,53,0.0,0,468,0,128,20,0
1437,17,25837,230,0.0,0,1210,0,5,20,1
130,6,35857,22,16.0,0,90,0,64,20,0
184,6,37372,22,16.0,0,144,0,64,20,0
82,6,48184,8000,2.0,0,42,0,56,20,0
130,6,44959,22,16.0,0,90,0,128,20,0
46,6,42323,80,2.0,0,0,0,2,20,1
372,17,7376,22,24.0,0,332,0,255,20,0
1169,6,15772,22,16.0,0,1129,0,255,20,0
122,6,18533,8443,16.0,0,82,0,115,20,0
40,1,0,0,0.0,8,53,0,1,20,1
50,6,61789,9499,2.0,0,0,0,64,20,1
89,6,14317,8080,24.0,0,49,0,128,20,0
436,17,49120,53,0.0,0,133,0,64,20,0
66,6,20854,8443,17.0,0,26,0,119,20,0
63,1,0,0,0.0,8,55,0,17,20,1
421,17,14577,8080,0.0,0,381,0,64,20,0
417,17,30459,53,0.0,0,399,0,128,20,0
90,6,36901,22,24.0,0,50,0,128,20,0
54,6,3172,443,24.0,0,14,0,128,20,0
606,6,7727,80,0.0,0,566,1,64,20,0
464,6,30737,3306,24.0,0,424,0,60,20,0
66,6,64736,22,24.0,0,26,0,64,20,0
864,6,24157,8000,2.0,0,824,0,64,20,0
114,6,56230,22,24.0,0,74,0,64,20,0
171,6,38380,8443,16.0,0,131,0,54,20,0
210,17,23475,53,0.0,0,361,0,128,20,0
66,6,15659,443,16.0,0,26,0,56,20,0
197,6,39615,8443,18.0,0,157,0,120,20,0
258,6,22559,22,16.0,0,218,0,64,20,0
212,6,34739,8443,18.0,0,172,0,128,20,0
196,6,47039,443,16.0,0,156,0,52,20,0
71,17,64290,53,0.0,0,276,0,64,20,0
1072,17,6203,8080,24.0,0,1032,0,64,20,0
50,6,30123,80,2.0,0,0,0,4,20,1
66,6,34348,443,16.0,0,26,0,57,20,0
90,6,22404,22,16.0,0,50,0,64,20,0
59,1,0,0,0.0,8,49,0,18,20,1
454,6,53469,80,0.18,0,414,0,57,20,0
1424,6,64666,8080,24.0,0,1384,0,56,20,0
66,6,47801,443,24.0,0,26,0,54,20,0
66,6,53773,22,24.0,0,26,0,128,20,0
74,6,30837,443,16.0,0,34,0,57,20,0
1331,17,26242,59,0.0,0,1317,1,8,20,1
1344,17,64353,892,0.0,0,1326,1,2,20,1
66,6,7077,22,24.0,0,26,0,128,20,0
54,6,8123,8443,24.0,0,14,0,58,20,0
56,6,8671,5933,2.0,0,0,0,64,20,1
54,6,9512,443,17.0,0,14,0,118,20,0
52,6,47545,80,2.0,0,0,0,9,20,1
615,6,58923,80,16.0,0,575,0,128,20,0
82,1,0,0,0.0,8,1,0,5,20,1
54,6,25628,443,24.0,0,14,0,64,20,0
107,6,29313,22,17.0,0,67,0,60,20,0
1230,6,43656,8080,16.0,0,1190,0,56,20,0
114,6,57687,22,24.0,0,74,0,128,20,0
54,6,7595,443,16.0,0,14,0,52,20,0
58,6,20015,80,2.0,0,0,0,28,20,1
54,6,42529,8443,16.0,0,14,0,117,20,0
68,1,0,0,0.0,8,21,0,16,20,1
66,6,57783,8443,2.0,0,26,0,57,20,0
674,6,29981,53,0.0,0,634,0,60,20,0
1357,6,17386,8080,24.0,0,1317,0,128,20,0
397,17,6831,53,0.0,0,204,0,128,20,0
784,6,11077,8000,2.0,0,744,0,128,20,0
47,6,14034,80,2.0,0,0,0,13,20,1
58,6,23078,443,16.0,0,18,0,128,20,0
54,6,60237,443,24.0,0,14,0,57,20,0
1098,6,46318,80,16.0,0,1058,0,64,20,0
690,6,47861,80,16.0,0,650,0,64,20,0
74,6,18070,8443,16.0,0,34,0,56,20,0
1510,6,37182,3306,16.0,0,1460,0,56,20,0
58,6,15940,10811,2.0,0,0,0,64,20,1
387,17,55993,53,0.0,0,278,0,128,20,0
39,1,0,0,0.0,8,54,0,8,20,1
66,6,63598,8443,16.0,0,26,0,117,20,0
872,6,17256,80,17.0,0,832,0,255,20,0
52,6,21366,7475,2.0,0,0,0,64,20,1
565,6,42613,8080,16.0,0,525,0,56,20,0
785,1,41024,80,17.0,0,745,0,255,20,0
1224,6,7849,8443,17.0,0,1184,0,64,20,0
408,17,40133,53,0.0,0,458,0,128,20,0
423,17,1902,53,0.0,0,130,0,64,20,0
741,6,36305,8080,2.0,0,701,0,255,20,0
927,6,10607,443,17.0,0,887,0,64,20,0
53,6,33783,80,2.0,0,0,0,21,20,1
74,6,63665,8443,16.0,0,34,0,128,20,0
1286,17,44535,3306,2.0,0,1246,0,128,20,0
1451,17,21459,955,0.0,0,979,1,5,20,1
295,6,17950,8080,0.18,0,255,0,58,20,0
74,6,4941,8443,2.0,0,34,0,118,20,0
1406,6,58470,8000,2.0,0,1366,0,255,20,0
738,6,25102,5432,16.0,0,698,0,128,20,0
467,6,42202,8080,16.0,0,427,1,56,20,0
127,6,6523,8000,2.0,0,87,0,56,20,0
179,6,23583,443,17.0,0,139,0,115,20,0
1406,17,21191,970,0.0,0,988,0,8,20,1
162,6,41296,22,24.0,0,122,0,128,20,0
55,6,52760,80,2.0,0,0,0,23,20,1
508,17,56324,53,0.0,0,335,0,128,20,0
54,6,33467,8443,24.0,0,14,0,58,20,0
74,6,52346,8443,16.0,0,34,0,49,20,0
160,6,35653,443,16.0,0,120,0,120,20,0
847,6,6150,22,16.0,0,807,0,56,20,0
367,6,48931,8080,17.0,0,327,0,58,20,0
149,6,23355,8080,2.0,0,109,0,56,20,0
1242,6,12421,8443,16.0,0,1202,0,128,20,0
54,6,34715,443,16.0,0,14,0,52,20,0
66,6,45487,8443,16.0,0,26,0,64,20,0
185,17,64000,53,0.0,0,130,0,64,20,0
1101,17,19161,901,0.0,0,1407,0,6,20,1
1358,6,20710,8000,2.0,0,1318,0,58,20,0
114,6,36728,22,24.0,0,74,0,128,20,0
1067,6,24209,8443,16.0,0,1027,0,118,20,0
362,6,30524,5432,17.0,0,322,0,128,20,0
74,6,18796,8443,16.0,0,34,0,57,20,0
90,6,47631,22,16.0,0,50,0,64,20,0
258,6,4825,22,24.0,0,218,0,64,20,0
54,6,52158,8443,24.0,0,14,0,58,20,0
54,6,43698,8443,16.0,0,14,0,57,20,0
710,6,31995,5432,2.0,0,670,0,255,20,0
555,6,19002,443,17.0,0,515,0,128,20,0
57,6,16314,7148,2.0,0,0,0,64,20,1
184,6,56448,22,24.0,0,144,0,64,20,0
814,6,26367,443,18.0,0,774,0,115,20,0
1293,17,36338,80,24.0,0,1253,0,64,20,0
66,6,42290,8443,16.0,0,26,0,60,20,0
74,6,57494,8443,16.0,0,34,0,56,20,0
1178,6,46521,8000,2.0,0,1138,0,255,20,0
66,6,10285,8443,16.0,0,26,0,55,20,0
1168,17,13404,8080,16.0,0,1128,0,128,20,0
238,17,16353,53,0.0,0,285,0,128,20,0
1162,6,48082,8443,16.0,0,1122,0,64,20,0
239,6,33591,8443,16.0,0,199,0,128,20,0
1459,1,49747,3306,0.0,0,1419,0,255,20,0
284,6,60188,8443,16.0,0,244,0,119,20,0
162,6,41077,22,16.0,0,122,0,128,20,0
41,6,33374,80,2.0,0,0,0,21,20,1
47,6,62952,80,2.0,0,0,0,15,20,1
55,6,58877,26837,2.0,0,0,0,64,20,1
1347,6,46887,8443,24.0,0,1307,0,49,20,0
93,6,12888,22,17.0,0,53,0,64,20,0
315,6,20292,22,17.0,0,275,0,64,20,0
1080,6,22855,8080,17.0,0,1040,0,128,20,0
1274,6,48770,5432,16.0,0,1234,0,255,20,0
1234,6,7117,8443,18.0,0,1194,0,117,20,0
343,17,62549,53,0.0,0,325,0,64,20,0
66,6,19919,22,16.0,0,26,0,128,20,0
381,17,37448,53,0.0,0,33,0,64,20,0
1213,17,18053,405,0.0,0,1246,1,9,20,1
318,17,37288,53,0.0,0,376,0,128,20,0
951,6,39838,22,17.0,0,911,0,255,20,0
237,17,60570,53,0.0,0,390,0,128,20,0
258,6,28970,8000,16.0,0,218,0,64,20,0
74,6,24480,443,24.0,0,34,0,58,20,0
54,6,62405,443,18.0,0,14,0,49,20,0
242,6,5944,8443,16.0,0,202,0,117,20,0
180,6,37966,443,24.0,0,140,0,128,20,0
162,6,3856,22,24.0,0,122,0,128,20,0
114,6,15115,22,24.0,0,74,0,64,20,0
1252,17,63740,8080,2.0,0,1212,0,60,20,0
54,6,59779,8443,16.0,0,14,0,49,20,0
54,6,25301,443,16.0,0,14,0,64,20,0
1393,6,39909,22,0.0,0,1353,0,56,20,0
54,6,50716,443,24.0,0,14,0,118,20,0
1510,17,17524,22,16.0,0,1460,0,255,20,0
130,6,29560,22,16.0,0,90,0,64,20,0
122,6,12348,80,0.18,0,82,0,58,20,0
119,6,51068,8080,17.0,0,79,0,56,20,0
55,6,20068,80,16.0,0,15,0,255,20,0
162,6,63325,22,24.0,0,122,0,64,20,0
266,17,59001,53,0.0,0,394,0,64,20,0
117,6,28854,80,0.18,0,77,0,64,20,0
54,6,18972,443,24.0,0,14,0,55,20,0
203,17,27592,53,0.0,0,301,0,64,20,0
1086,17,2234,443,2.0,0,1046,0,128,20,0
536,6,4544,443,24.0,0,496,0,128,20,0
33,1,0,0,0.0,8,5,0,2,20,1
1366,6,64502,3306,16.0,0,1326,0,56,20,0
90,6,15508,22,16.0,0,50,0,128,20,0
1409,6,64317,5432,16.0,0,1369,0,60,20,0
74,6,59219,8443,24.0,0,34,0,118,20,0
457,17,62768,53,0.0,0,144,0,64,20,0
184,6,14081,22,16.0,0,144,0,128,20,0
56,6,34998,45830,2.0,0,0,0,64,20,1
1296,6,21256,5432,2.0,0,1256,0,128,20,0
196,17,39378,53,0.0,0,463,0,128,20,0
1467,6,7184,5432,0.0,0,1427,0,60,20,0
258,6,15496,22,24.0,0,218,0,64,20,0
93,1,0,0,0.0,8,29,0,4,20,1
70,6,7858,8080,0.18,0,30,0,128,20,0
484,6,29746,80,0.0,0,444,0,60,20,0
44,6,61856,80,2.0,0,0,0,17,20,1
1108,6,26674,80,16.0,0,1068,0,58,20,0
358,6,7285,443,16.0,0,318,0,64,20,0
482,17,48800,53,0.0,0,281,0,64,20,0
66,6,19757,443,16.0,0,26,0,51,20,0
66,6,11474,443,16.0,0,26,0,128,20,0
1120,6,52452,443,18.0,0,1080,0,49,20,0
605,6,14398,80,17.0,0,565,0,128,20,0
484,17,14441,53,0.0,0,264,0,128,20,0
433,17,31999,53,0.0,0,416,0,128,20,0
102,6,30978,8000,16.0,0,62,0,64,20,0
507,6,10634,8000,16.0,0,467,0,57,20,0
151,6,22112,8000,17.0,0,111,0,56,20,0
1448,6,56890,8080,16.0,0,1408,0,56,20,0
611,6,38529,443,17.0,0,571,0,255,20,0
162,6,2757,22,24.0,0,122,0,128,20,0
676,6,7241,5432,2.0,0,636,0,255,20,0
160,6,29395,22,24.0,0,120,0,56,20,0
1221,6,30869,443,16.0,0,1181,0,55,20,0
184,6,61650,22,16.0,0,144,0,64,20,0
1022,17,51030,34,0.0,0,1058,1,8,20,1
54,6,39193,443,2.0,0,14,0,118,20,0
94,1,0,0,0.0,8,31,0,9,20,1
41,6,11468,1758,2.0,0,0,0,64,20,1
66,6,18154,443,16.0,0,26,0,54,20,0
875,17,53342,8080,2.0,0,835,0,255,20,0
675,6,38178,53,0.0,0,635,0,64,20,0
750,6,9124,8000,17.0,0,710,0,128,20,0
1246,6,18981,80,16.0,0,1206,0,128,20,0
114,6,28797,22,24.0,0,74,0,128,20,0
161,6,60626,443,18.0,0,121,0,117,20,0
74,6,55870,8443,18.0,0,34,0,54,20,0
66,6,30834,22,24.0,0,26,0,128,20,0
49,6,55690,14699,2.0,0,0,0,64,20,1
188,6,41563,8000,16.0,0,148,0,57,20,0
130,6,1982,22,24.0,0,90,0,64,20,0
1440,6,41075,3306,0.0,0,1400,0,128,20,0
461,6,18621,8080,2.0,0,421,0,64,20,0
1305,6,26474,80,16.0,0,1265,1,128,20,0
68,17,36079,53,0.0,0,459,0,128,20,0
54,6,5655,443,16.0,0,14,0,118,20,0
1135,17,47492,3306,17.0,0,1095,0,64,20,0
50,6,23624,39396,2.0,0,0,0,64,20,1
54,6,14773,8443,2.0,0,14,0,60,20,0
130,6,32818,22,24.0,0,90,0,128,20,0
74,6,50717,8443,16.0,0,34,0,120,20,0
74,6,33650,8443,18.0,0,34,0,120,20,0
258,6,21717,22,16.0,0,218,0,64,20,0
280,17,60770,53,0.0,0,347,0,128,20,0
1025,17,49093,507,0.0,0,1178,1,9,20,1
516,6,63484,8080,17.0,0,476,0,58,20,0
1088,17,31357,80,0.0,0,1048,0,128,20,0
148,17,26835,5432,0.0,0,108,0,64,20,0
1375,17,24512,708,0.0,0,1031,1,2,20,1
90,6,51009,22,24.0,0,50,0,64,20,0
555,6,32117,5432,24.0,0,515,0,128,20,0
56,6,54594,39198,2.0,0,0,0,64,20,1
86,1,0,0,0.0,8,50,0,3,20,1
1356,6,37216,8000,0.18,0,1316,0,64,20,0
428,6,8808,80,2.0,0,388,0,56,20,0
58,6,46676,80,0.18,0,18,0,57,20,0
210,17,50991,8080,2.0,0,170,0,128,20,0
74,6,11704,8443,18.0,0,34,0,115,20,0
36,1,0,0,0.0,8,18,0,11,20,1
49,6,23037,7219,2.0,0,0,0,64,20,1
1126,6,48240,8443,16.0,0,1086,0,64,20,0
66,6,22053,8443,18.0,0,26,0,49,20,0
46,6,5644,80,2.0,0,0,0,12,20,1
114,6,32954,22,16.0,0,74,0,128,20,0
90,6,15471,22,24.0,0,50,0,128,20,0
66,6,53503,22,24.0,0,26,0,128,20,0
66,6,58626,443,16.0,0,26,0,118,20,0
889,6,49808,443,17.0,0,849,0,117,20,0
82,6,61560,8000,16.0,0,42,0,57,20,0
1213,6,60684,8080,2.0,0,1173,0,255,20,0
1243,6,53194,22,2.0,0,1203,0,64,20,0
506,17,49505,53,0.0,0,177,0,128,20,0
58,6,23803,80,2.0,0,0,0,2,20,1
342,17,49053,22,2.0,0,302,0,56,20,0
699,6,46774,80,24.0,0,659,0,255,20,0
74,6,3037,443,16.0,0,34,0,64,20,0
893,6,36249,22,16.0,0,853,0,60,20,0
258,6,40141,22,24.0,0,218,0,128,20,0
233,6,45665,8443,16.0,0,193,0,60,20,0
188,17,51512,53,0.0,0,212,0,128,20,0
74,6,3855,443,18.0,0,34,0,52,20,0
56,1,0,0,0.0,8,23,0,18,20,1
46,6,51836,15226,2.0,0,0,0,64,20,1
65,1,0,0,0.0,8,1,0,19,20,1
869,6,5741,53,0.0,0,829,0,128,20,0
422,17,18735,53,0.0,0,280,0,128,20,0
258,6,50388,22,24.0,0,218,0,64,20,0
66,6,58810,443,16.0,0,26,0,57,20,0
184,6,56842,22,24.0,0,144,0,128,20,0
74,6,38284,443,16.0,0,34,0,57,20,0
1025,6,2920,8080,0.0,0,985,0,64,20,0
96,17,48515,53,0.0,0,421,0,128,20,0
1411,6,35618,3306,2.0,0,1371,0,64,20,0
91,1,0,0,0.0,8,1,0,17,20,1
1463,6,28352,443,24.0,0,1423,0,55,20,0
55,6,24247,46513,2.0,0,0,0,64,20,1
150,17,10005,53,0.0,0,342,0,128,20,0
114,6,56392,22,24.0,0,74,0,64,20,0
1393,6,38794,8443,24.0,0,1353,0,58,20,0
273,6,14755,443,16.0,0,233,0,51,20,0
1234,6,51249,443,17.0,0,1194,0,120,20,0
182,6,28571,8000,17.0,0,142,0,255,20,0
74,6,54486,443,16.0,0,34,0,49,20,0
70,1,0,0,0.0,8,0,0,7,20,1
434,17,47747,53,0.0,0,101,0,64,20,0
72,1,0,0,0.0,8,19,0,7,20,1
66,6,63251,443,24.0,0,26,0,58,20,0
1476,17,30774,443,0.0,0,1436,0,128,20,0
91,17,26735,53,0.0,0,241,0,128,20,0
102,6,10897,80,2.0,0,62,0,58,20,0
74,6,17333,443,2.0,0,34,0,120,20,0
61,1,0,0,0.0,8,16,0,2,20,1
162,6,42415,22,24.0,0,122,0,64,20,0
1146,6,64158,8000,17.0,0,1106,0,57,20,0
885,17,62748,443,17.0,0,845,0,56,20,0
66,6,26495,22,16.0,0,26,0,64,20,0
273,6,27642,80,0.18,0,233,0,57,20,0
54,6,40587,443,17.0,0,14,0,64,20,0
254,17,41967,53,0.0,0,380,0,128,20,0
69,6,18278,8080,2.0,0,29,0,58,20,0
1027,1,24119,443,2.0,0,987,0,60,20,0
51,6,37335,80,2.0,0,0,0,2,20,1
135,6,64867,8080,16.0,0,95,0,58,20,0
944,6,10771,8080,0.0,0,904,0,128,20,0
258,6,15126,22,24.0,0,218,0,128,20,0
142,6,36763,8443,24.0,0,102,0,55,20,0
1132,17,49958,23,0.0,0,1408,1,2,20,1
99,1,0,0,0.0,8,34,0,6,20,1
47,6,18570,42132,2.0,0,0,0,64,20,1
224,17,61136,53,0.0,0,96,0,64,20,0
58,6,51523,1907,2.0,0,0,0,64,20,1
1025,6,56621,5432,2.0,0,985,0,64,20,0
153,17,25201,53,0.0,0,167,0,128,20,0
1251,6,45279,80,24.0,0,1211,0,60,20,0
1471,6,8372,443,24.0,0,1431,0,56,20,0
532,6,17106,80,0.18,0,492,0,58,20,0
212,17,44698,53,0.0,0,48,0,128,20,0
162,6,53848,22,24.0,0,122,0,128,20,0
184,6,58755,22,16.0,0,144,0,128,20,0
429,17,52568,53,0.0,0,180,0,64,20,0
133,6,14064,53,2.0,0,93,0,128,20,0
162,6,4121,22,24.0,0,122,0,64,20,0
166,6,34467,8080,16.0,0,126,0,128,20,0
54,6,64604,443,24.0,0,14,0,57,20,0
174,17,34460,53,0.0,0,158,0,128,20,0
90,6,44372,22,16.0,0,50,0,64,20,0
158,6,51721,80,2.0,0,118,0,255,20,0
1080,6,2332,443,24.0,0,1040,0,118,20,0
1472,6,42599,80,2.0,0,1432,0,64,20,0
236,17,10522,53,0.0,0,414,0,64,20,0
700,6,7125,53,24.0,0,660,0,56,20,0
74,6,41181,8443,24.0,0,34,0,120,20,0
197,17,62073,22,0.0,0,157,0,56,20,0
822,17,41786,443,17.0,0,782,0,64,20,0
981,6,49663,443,18.0,0,941,0,55,20,0
74,6,56624,8443,16.0,0,34,0,64,20,0
252,6,33711,80,0.18,0,212,0,57,20,0
162,6,52454,22,24.0,0,122,0,64,20,0
663,6,33415,53,0.0,0,623,0,128,20,0
66,6,55344,22,24.0,0,26,0,128,20,0
66,6,10613,8443,18.0,0,26,0,57,20,0
57,6,47873,8000,17.0,0,17,0,57,20,0
1135,17,4818,692,0.0,0,978,1,8,20,1
85,1,0,0,0.0,8,12,0,17,20,1
107,6,25648,443,16.0,0,67,0,117,20,0
788,6,65392,8080,24.0,0,748,0,60,20,0
1147,6,46270,8443,24.0,0,1107,0,52,20,0
54,6,9011,443,2.0,0,14,0,120,20,0
273,6,12480,3306,16.0,0,233,0,128,20,0
246,17,44782,53,0.0,0,40,0,128,20,0
1046,6,54977,8000,17.0,0,1006,0,57,20,0
265,6,39272,8443,24.0,0,225,0,58,20,0
51,6,14458,50652,2.0,0,0,0,64,20,1
89,17,56119,53,0.0,0,126,0,128,20,0
90,6,62557,22,24.0,0,50,0,64,20,0
308,17,53723,53,0.0,0,399,0,128,20,0
1022,6,50387,80,16.0,0,982,0,60,20,0
1032,6,18720,8443,24.0,0,992,0,120,20,0
506,6,62587,80,17.0,0,466,0,255,20,0
294,1,28526,5432,2.0,0,254,0,128,20,0
1207,6,9527,8000,17.0,0,1167,0,57,20,0
90,6,52904,22,24.0,0,50,0,64,20,0
462,6,42481,8080,0.18,0,422,0,128,20,0
59,6,25324,22,16.0,0,19,0,60,20,0
94,6,41769,8443,16.0,0,54,0,58,20,0
53,6,62418,80,2.0,0,0,0,3,20,1
379,17,56205,53,0.0,0,392,0,128,20,0
53,6,21897,6584,2.0,0,0,0,64,20,1
91,17,20528,53,0.0,0,459,0,64,20,0
1506,17,10132,3306,17.0,0,1460,0,128,20,0
388,17,64398,53,0.0,0,440,0,64,20,0
878,6,21416,443,0.0,0,838,0,128,20,0
71,17,23849,53,0.0,0,403,0,128,20,0
642,6,55259,22,17.0,0,602,0,128,20,0
356,6,58971,3306,24.0,0,316,0,60,20,0
105,6,11374,8080,16.0,0,65,0,255,20,0
74,6,42880,8443,24.0,0,34,0,117,20,0
47,6,15589,80,2.0,0,0,0,18,20,1
219,6,12178,443,16.0,0,179,0,119,20,0
373,6,29639,8000,16.0,0,333,0,57,20,0
74,6,60843,443,16.0,0,34,0,120,20,0
1200,6,41918,8000,2.0,0,1160,0,58,20,0
66,6,62890,443,16.0,0,26,0,115,20,0
184,6,24403,22,24.0,0,144,0,64,20,0
90,6,1083,22,24.0,0,50,0,128,20,0
104,6,20161,5432,16.0,0,64,0,56,20,0
114,17,62812,53,0.0,0,139,0,128,20,0
1279,17,40294,116,0.0,0,1020,0,6,20,1
267,17,13833,8080,17.0,0,227,0,255,20,0
362,17,5399,53,0.0,0,167,0,64,20,0
178,6,59472,8443,17.0,0,138,0,118,20,0
1025,6,61313,8443,16.0,0,985,0,128,20,0
599,6,59316,80,2.0,0,559,0,58,20,0
222,6,54075,8443,16.0,0,182,0,55,20,0
218,17,1284,53,0.0,0,179,0,128,20,0
66,6,39130,8443,24.0,0,26,0,52,20,0
74,6,28618,443,16.0,0,34,0,57,20,0
878,6,47789,80,2.0,0,838,0,60,20,0
184,6,49811,22,24.0,0,144,0,128,20,0
131,6,13794,8000,16.0,0,91,0,128,20,0
1105,17,52574,80,2.0,0,1065,0,64,20,0
342,6,17609,80,2.0,0,302,0,58,20,0
114,6,31466,22,24.0,0,74,0,64,20,0
142,6,23134,8000,2.0,0,102,0,128,20,0
44,6,33416,80,2.0,0,0,0,10,20,1
54,6,1311,80,2.0,0,0,0,17,20,1
440,6,32793,80,2.0,0,400,0,57,20,0
96,17,24617,53,0.0,0,164,0,128,20,0
401,6,11212,80,16.0,0,361,0,57,20,0
481,17,3972,53,0.0,0,251,0,64,20,0
74,6,52419,443,16.0,0,34,0,120,20,0
41,6,44292,80,2.0,0,0,0,3,20,1
28,1,0,0,0.0,8,3,0,10,20,1
416,17,1791,53,0.0,0,260,0,128,20,0
66,6,29032,22,16.0,0,26,0,64,20,0
258,6,47929,22,16.0,0,218,0,128,20,0
57,6,10064,80,2.0,0,0,0,21,20,1
66,6,12850,443,2.0,0,26,0,57,20,0
130,6,32961,22,16.0,0,90,0,64,20,0
53,6,23931,57518,2.0,0,0,0,64,20,1
806,6,53616,443,16.0,0,766,0,49,20,0
1070,6,61683,80,0.18,0,1030,0,58,20,0
66,6,61615,22,24.0,0,26,0,128,20,0
582,6,64639,443,0.0,0,542,0,56,20,0
1242,6,57942,443,16.0,0,1202,0,117,20,0
44,1,0,0,0.0,8,24,0,19,20,1
162,6,52956,22,16.0,0,122,0,64,20,0
510,6,17784,80,0.18,0,470,0,57,20,0
93,6,15413,8000,17.0,0,53,0,255,20,0
127,17,5711,8080,2.0,0,87,0,255,20,0
114,6,3569,22,16.0,0,74,0,128,20,0
128,6,23640,443,18.0,0,88,0,64,20,0
184,6,31459,22,24.0,0,144,0,128,20,0
180,6,34746,8000,17.0,0,140,0,57,20,0
32,1,0,0,0.0,8,10,0,18,20,1
54,6,36991,443,2.0,0,14,0,49,20,0
40,6,17875,36849,2.0,0,0,0,64,20,1
744,1,37154,22,24.0,0,704,0,255,20,0
1121,17,35891,245,0.0,0,1228,0,9,20,1
1085,6,55383,8080,2.0,0,1045,0,58,20,0
66,6,30436,8443,24.0,0,26,0,64,20,0
1440,6,64641,8080,2.0,0,1400,0,255,20,0
74,6,29188,8443,17.0,0,34,0,64,20,0
74,6,10135,443,2.0,0,34,0,118,20,0
1306,1,35099,3306,24.0,0,1266,0,128,20,0
95,6,23652,8080,16.0,0,55,0,64,20,0
1431,6,40845,80,2.0,0,1391,0,57,20,0
108,6,28287,8080,0.18,0,68,0,56,20,0
74,6,38984,8443,2.0,0,34,0,56,20,0
52,6,11754,59294,2.0,0,0,0,64,20,1
54,6,44182,443,24.0,0,14,0,115,20,0
300,6,27086,53,17.0,0,260,0,255,20,0
40,6,30114,80,2.0,0,0,0,8,20,1
93,1,0,0,0.0,8,8,0,6,20,1
74,6,1948,8443,16.0,0,34,0,58,20,0
677,6,13251,80,0.18,0,637,0,128,20,0
196,6,35331,8000,16.0,0,156,0,56,20,0
628,6,3784,5432,2.0,0,588,0,255,20,0
399,17,43309,53,0.0,0,298,0,64,20,0
358,17,28764,53,0.0,0,186,0,64,20,0
198,6,24926,80,17.0,0,158,0,128,20,0
267,6,15610,443,24.0,0,227,0,54,20,0
54,6,13229,8443,16.0,0,14,0,119,20,0
58,6,15853,8882,2.0,0,0,0,64,20,1
130,6,38426,22,16.0,0,90,0,64,20,0
958,6,5412,8080,24.0,0,918,0,60,20,0
980,17,60528,443,2.0,0,940,0,64,20,0
353,17,55735,53,0.0,0,112,0,128,20,0
97,6,53106,8000,2.0,0,57,0,128,20,0
216,17,4736,53,0.0,0,428,0,128,20,0
1297,6,5710,443,16.0,0,1257,0,57,20,0
35,1,0,0,0.0,8,9,0,5,20,1
1149,6,51111,53,2.0,0,1109,0,60,20,0
237,17,12824,53,0.0,0,134,0,64,20,0
91,1,0,0,0.0,8,50,0,14,20,1
88,1,0,0,0.0,8,6,0,4,20,1
66,6,31960,443,16.0,0,26,0,51,20,0
33,1,0,0,0.0,8,3,0,3,20,1
754,6,31804,22,2.0,0,714,0,255,20,0
210,6,3599,8443,16.0,0,170,0,64,20,0
379,17,7473,53,0.0,0,286,0,64,20,0
74,6,28713,8443,16.0,0,34,0,55,20,0
66,6,27651,443,16.0,0,26,0,115,20,0
1043,6,14125,53,16.0,0,1003,0,60,20,0
1222,1,7906,8080,24.0,0,1182,0,56,20,0
791,6,19881,80,24.0,0,751,0,64,20,0
389,6,36843,53,24.0,0,349,0,128,20,0
1185,6,56982,8080,24.0,0,1145,0,56,20,0
1270,17,42784,22,0.0,0,1230,0,60,20,0
174,6,41048,8080,2.0,0,134,0,57,20,0
298,6,63900,3306,17.0,0,258,0,60,20,0
536,17,58040,3306,24.0,0,496,0,255,20,0
66,6,44383,8443,17.0,0,26,0,119,20,0
1362,6,25311,8080,2.0,0,1322,0,64,20,0
759,6,52037,53,2.0,0,719,0,60,20,0
191,6,5174,8443,16.0,0,151,0,52,20,0
56,6,52427,80,2.0,0,0,0,5,20,1
99,1,0,0,0.0,8,38,0,5,20,1
50,6,6990,4869,2.0,0,0,0,64,20,1
1331,17,3531,194,0.0,0,1456,0,8,20,1
286,17,57750,53,0.0,0,468,0,128,20,0
51,6,49575,80,2.0,0,0,0,16,20,1
590,6,4690,443,17.0,0,550,0,255,20,0
1409,6,3651,5432,24.0,0,1369,0,64,20,0
1413,17,56519,758,0.0,0,1010,0,6,20,1
1069,6,36935,8080,16.0,0,1029,0,56,20,0
54,6,24512,8443,24.0,0,14,0,60,20,0
98,17,33063,53,0.0,0,148,0,64,20,0
859,6,22409,53,17.0,0,819,0,56,20,0
172,6,2871,8000,17.0,0,132,0,128,20,0
115,6,62151,8080,0.0,0,75,0,56,20,0
74,6,51741,443,16.0,0,34,0,57,20,0
1120,6,50531,443,16.0,0,1080,0,56,20,0
48,6,50173,43062,2.0,0,0,0,64,20,1
843,6,47718,8443,16.0,0,803,0,115,20,0
1286,17,51741,518,0.0,0,1312,0,6,20,1
66,6,2844,8443,16.0,0,26,0,120,20,0
66,6,13278,8443,17.0,0,26,0,119,20,0
331,6,27643,443,2.0,0,291,0,56,20,0
1023,17,15711,112,0.0,0,1113,0,1,20,1
570,6,32553,8080,16.0,0,530,0,255,20,0
40,6,31613,80,2.0,0,0,0,7,20,1
654,6,19672,8000,16.0,0,614,0,58,20,0
1428,6,32625,443,16.0,0,1388,0,51,20,0
258,6,6925,22,24.0,0,218,0,128,20,0
464,6,59696,8080,2.0,0,424,0,58,20,0
344,17,9373,53,0.0,0,227,0,64,20,0
765,1,11897,53,2.0,0,725,0,255,20,0
736,6,40765,22,24.0,0,696,0,64,20,0
54,6,33254,8443,16.0,0,14,0,117,20,0
1013,6,35674,443,16.0,0,973,0,51,20,0
58,6,56666,22733,2.0,0,0,0,64,20,1
251,6,30087,8443,17.0,0,211,0,115,20,0
66,17,39426,53,0.0,0,160,0,128,20,0
313,17,40743,53,0.0,0,321,0,128,20,0
180,6,6989,443,0.0,0,140,0,60,20,0
158,6,52075,80,2.0,0,118,0,56,20,0
66,6,25944,443,16.0,0,26,0,64,20,0
55,6,60496,19569,2.0,0,0,0,64,20,1
50,6,61935,80,2.0,0,0,0,21,20,1
44,1,0,0,0.0,8,34,0,3,20,1
184,6,39227,22,16.0,0,144,0,128,20,0
100,17,10109,53,0.0,0,43,0,128,20,0
947,6,39352,8443,16.0,0,907,0,64,20,0
1246,6,55250,8080,0.0,0,1206,0,60,20,0
569,6,14640,5432,16.0,0,529,0,56,20,0
258,6,38105,22,16.0,0,218,0,64,20,0
63,6,27910,443,17.0,0,23,0,255,20,0
208,17,15157,53,0.0,0,346,0,64,20,0
162,6,17607,22,24.0,0,122,0,64,20,0
1433,6,6822,443,18.0,0,1393,0,54,20,0
1133,6,17480,443,2.0,0,1093,0,60,20,0
259,6,4540,8443,16.0,0,219,0,54,20,0
258,6,52984,22,24.0,0,218,0,128,20,0
54,6,15413,443,24.0,0,14,0,128,20,0
54,6,38322,443,16.0,0,14,0,56,20,0
1419,6,4151,443,17.0,0,1379,0,60,20,0
175,6,4833,443,24.0,0,135,0,58,20,0
60,6,20531,80,24.0,0,20,0,60,20,0
1002,6,4730,80,16.0,0,962,0,64,20,0
147,6,51965,8443,2.0,0,107,0,57,20,0
1321,6,63885,8000,17.0,0,1281,0,56,20,0
40,6,51315,80,2.0,0,0,0,23,20,1
137,17,44930,53,0.0,0,244,0,64,20,0
54,6,48522,8443,18.0,0,14,0,54,20,0
331,17,45718,53,0.0,0,69,0,128,20,0
1395,6,2873,8443,2.0,0,1355,0,55,20,0
450,17,38988,53,0.0,0,439,0,64,20,0
128,17,36040,53,0.0,0,435,0,64,20,0
54,6,17708,8524,2.0,0,0,0,64,20,1
54,6,5627,443,16.0,0,14,0,55,20,0
66,6,58860,443,16.0,0,26,0,49,20,0
247,6,34097,8443,16.0,0,207,0,118,20,0
48,6,58470,80,2.0,0,8,0,64,20,0
1145,17,35569,33,0.0,0,1389,1,4,20,1
1274,6,37633,53,2.0,0,1234,0,255,20,0
1376,6,32853,22,16.0,0,1336,0,255,20,0
1000,6,47329,8000,2.0,0,960,0,58,20,0
129,17,55385,80,17.0,0,89,1,64,20,0
1088,17,49271,756,0.0,0,1107,1,7,20,1
90,6,16354,8080,2.0,0,50,0,57,20,0
54,6,58214,8443,24.0,0,14,0,120,20,0
56,1,0,0,0.0,8,8,0,17,20,1
226,17,43037,53,0.0,0,55,0,64,20,0
54,6,29335,443,24.0,0,14,0,128,20,0
492,17,52571,53,0.0,0,118,0,128,20,0
102,17,55058,53,0.0,0,62,0,64,20,0
67,1,37502,8080,16.0,0,27,0,128,20,0
47,6,39540,80,2.0,0,0,0,9,20,1
709,6,5427,8000,16.0,0,669,0,56,20,0
253,6,49814,8000,0.18,0,213,0,128,20,0
882,6,18835,80,17.0,0,842,0,64,20,0
197,6,31787,22,24.0,0,157,0,64,20,0
192,6,55363,443,2.0,0,152,0,54,20,0
889,6,4842,8080,0.0,0,849,0,64,20,0
663,6,31004,80,17.0,0,623,0,58,20,0
90,6,9425,22,16.0,0,50,0,64,20,0
1346,6,57066,80,2.0,0,1306,0,128,20,0
302,17,46586,53,0.0,0,354,0,64,20,0
258,6,32281,22,24.0,0,218,0,64,20,0
184,6,50126,22,16.0,0,144,0,128,20,0
296,6,17145,8443,16.0,0,256,0,58,20,0
88,1,0,0,0.0,8,23,0,8,20,1
74,6,35888,443,16.0,0,34,0,128,20,0
202,17,52235,53,0.0,0,360,0,128,20,0
510,17,14447,3306,16.0,0,470,0,128,20,0
1087,6,52472,8443,16.0,0,1047,0,120,20,0
1194,17,24613,725,0.0,0,1377,0,8,20,1
58,6,11895,8080,16.0,0,18,0,57,20,0
130,6,64480,443,16.0,0,90,0,128,20,0
221,17,62516,53,0.0,0,272,0,64,20,0
586,17,11788,80,2.0,0,546,0,56,20,0
632,6,1348,443,0.0,0,592,0,255,20,0
47,6,64976,61286,2.0,0,0,0,64,20,1
489,6,53119,53,2.0,0,449,0,56,20,0
1481,17,61497,504,0.0,0,1413,0,8,20,1
472,17,3214,53,0.0,0,45,0,64,20,0
724,6,16853,443,0.0,0,684,0,56,20,0
863,17,37561,53,16.0,0,823,0,255,20,0
731,6,1924,22,2.0,0,691,0,128,20,0
162,6,34245,22,16.0,0,122,0,128,20,0
103,17,1669,53,0.0,0,370,0,128,20,0
1269,6,16906,8443,18.0,0,1229,0,117,20,0
142,17,31440,53,0.0,0,306,0,64,20,0
151,6,15716,8080,0.18,0,111,0,128,20,0
54,6,14728,443,16.0,0,14,0,52,20,0
1383,17,46380,120,0.0,0,1257,0,3,20,1
184,6,9135,22,16.0,0,144,0,64,20,0
471,17,25807,53,0.0,0,270,0,64,20,0
395,17,34454,53,0.0,0,130,0,64,20,0
1316,6,32615,8000,0.18,0,1276,0,56,20,0
700,17,18600,443,2.0,0,660,0,128,20,0
1028,6,50053,53,16.0,0,988,0,64,20,0
70,6,28527,8000,17.0,0,30,0,255,20,0
54,6,7888,80,2.0,0,0,0,15,20,1
66,6,8159,8443,16.0,0,26,0,52,20,0
114,6,8816,22,16.0,0,74,0,128,20,0
1227,6,34117,443,24.0,0,1187,0,255,20,0
1387,17,60829,443,2.0,0,1347,0,255,20,0
1219,6,61668,53,16.0,0,1179,0,56,20,0
137,6,25102,5432,17.0,0,97,0,255,20,0
51,6,6547,80,2.0,0,0,0,14,20,1
526,6,4172,5432,24.0,0,486,0,64,20,0
682,6,54603,8080,17.0,0,642,0,128,20,0
258,6,21950,22,24.0,0,218,0,64,20,0
475,6,49240,3306,2.0,0,435,0,64,20,0
980,6,15690,80,17.0,0,940,0,64,20,0
636,6,28923,53,16.0,0,596,0,60,20,0
1303,6,56484,22,0.0,0,1263,0,64,20,0
129,6,22337,8000,16.0,0,89,0,56,20,0
391,6,10473,80,2.0,0,351,0,57,20,0
54,6,63804,8443,16.0,0,14,0,64,20,0
46,6,32461,80,16.0,0,6,0,56,20,0
66,6,43963,443,18.0,0,26,0,118,20,0
1323,17,44001,5432,16.0,0,1283,0,56,20,0
1086,6,44615,53,16.0,0,1046,0,56,20,0
1017,6,50621,8443,17.0,0,977,0,64,20,0
381,17,33932,53,0.0,0,32,0,64,20,0
242,17,59880,53,0.0,0,324,0,128,20,0
322,17,52547,22,17.0,0,282,0,255,20,0
127,6,38685,443,16.0,0,87,0,56,20,0
1479,17,20295,80,16.0,0,1439,0,255,20,0
94,6,28363,53,16.0,0,54,0,56,20,0
135,17,61107,53,0.0,0,92,0,128,20,0
1271,17,7601,8080,24.0,0,1231,0,60,20,0
330,17,42502,53,0.0,0,227,0,64,20,0
152,6,1774,80,0.0,0,112,0,56,20,0
511,17,51307,22,17.0,0,471,0,128,20,0
90,6,20368,22,24.0,0,50,0,128,20,0
54,6,21494,443,16.0,0,14,0,54,20,0
41,6,9894,51089,2.0,0,0,0,64,20,1
54,6,14406,8443,16.0,0,14,0,64,20,0
754,1,40478,443,24.0,0,714,0,56,20,0
52,6,27062,52197,2.0,0,0,0,64,20,1
43,6,9493,80,2.0,0,0,0,16,20,1
873,6,30249,53,0.0,0,833,0,128,20,0
404,17,41709,53,0.0,0,160,0,64,20,0
137,6,40414,443,16.0,0,97,0,54,20,0
66,6,26187,443,18.0,0,26,0,119,20,0
559,17,28443,443,2.0,0,519,0,56,20,0
255,6,42537,8443,16.0,0,215,0,54,20,0
219,17,6279,22,2.0,0,179,0,60,20,0
90,6,28587,22,24.0,0,50,0,128,20,0
54,6,50654,443,2.0,0,14,0,56,20,0
269,6,25387,8443,24.0,0,229,0,51,20,0
53,6,27050,56362,2.0,0,0,0,64,20,1
66,6,10897,8443,16.0,0,26,0,115,20,0
914,6,45634,3306,2.0,0,874,0,64,20,0
66,6,20182,443,16.0,0,26,0,56,20,0
162,6,45070,22,16.0,0,122,0,128,20,0
74,6,2105,8443,16.0,0,34,0,120,20,0
150,6,49599,8080,16.0,0,110,0,128,20,0
677,6,36061,53,17.0,0,637,0,128,20,0
54,6,59288,8443,16.0,0,14,0,118,20,0
66,6,63332,443,16.0,0,26,0,128,20,0
1400,6,60593,80,24.0,0,1360,0,60,20,0
85,1,0,0,0.0,8,15,0,19,20,1
267,6,30016,443,16.0,0,227,0,55,20,0
144,6,23904,8443,16.0,0,104,0,55,20,0
1482,6,23787,443,16.0,0,1442,0,54,20,0
376,6,61582,80,2.0,0,336,0,128,20,0
56,6,34936,80,2.0,0,0,0,3,20,1
254,6,29649,80,17.0,0,214,0,58,20,0
184,6,49833,22,16.0,0,144,0,64,20,0
806,6,45658,443,24.0,0,766,0,56,20,0
1239,6,35647,8080,0.18,0,1199,0,255,20,0
56,6,60160,10660,2.0,0,0,0,64,20,1
162,6,5038,22,16.0,0,122,0,128,20,0
146,6,64038,8443,17.0,0,106,0,115,20,0
1019,6,4998,8000,0.18,0,979,0,58,20,0
53,6,12275,80,2.0,0,0,0,27,20,1
54,6,29348,8443,18.0,0,14,0,52,20,0
114,6,4702,22,24.0,0,74,0,64,20,0
1074,6,26726,22,16.0,0,1034,0,64,20,0
1097,6,42618,3306,0.0,0,1057,0,64,20,0
55,1,0,0,0.0,8,27,0,6,20,1
1460,17,29165,828,0.0,0,1177,1,9,20,1
124,6,29921,8080,2.0,0,84,0,57,20,0
182,6,1768,80,0.18,0,142,0,56,20,0
1423,17,7572,415,0.0,0,1025,1,9,20,1
66,6,29581,443,16.0,0,26,0,119,20,0
41,6,14226,29813,2.0,0,0,0,64,20,1
1244,17,34287,469,0.0,0,1112,1,7,20,1
184,6,58140,22,24.0,0,144,0,64,20,0
334,17,49674,53,0.0,0,229,0,128,20,0
366,6,59017,53,2.0,0,326,0,64,20,0
151,17,30867,53,0.0,0,328,0,128,20,0
537,1,50806,3306,0.0,0,497,0,56,20,0
551,6,13248,8080,0.18,0,511,0,64,20,0
888,6,18774,443,16.0,0,848,0,128,20,0
1062,6,18159,5432,16.0,0,1022,0,255,20,0
1212,17,29454,666,0.0,0,1002,1,2,20,1
90,6,22951,22,24.0,0,50,0,64,20,0
209,17,44171,53,0.0,0,332,0,64,20,0
594,6,41382,53,0.0,0,554,0,60,20,0
353,17,61336,80,24.0,0,313,0,56,20,0
162,6,64828,22,16.0,0,122,0,128,20,0
226,6,53654,5432,0.0,0,186,0,64,20,0
1471,6,55538,5432,0.0,0,1431,0,255,20,0
413,17,2927,53,0.0,0,257,0,128,20,0
184,6,23255,80,17.0,0,144,0,57,20,0
54,6,35093,8443,18.0,0,14,0,119,20,0
1345,17,56268,80,16.0,0,1305,0,56,20,0
66,6,46678,8443,2.0,0,26,0,55,20,0
286,6,56480,80,0.18,0,246,0,64,20,0
331,17,6639,53,0.0,0,397,0,64,20,0
242,17,37740,53,0.0,0,422,0,128,20,0
184,6,20488,22,16.0,0,144,0,128,20,0
1191,6,1027,5432,0.0,0,1151,0,128,20,0
54,6,44193,8443,16.0,0,14,0,117,20,0
432,17,47924,53,0.0,0,246,0,128,20,0
171,17,34909,53,0.0,0,61,0,64,20,0
169,17,8948,53,0.0,0,418,0,64,20,0
1169,17,47168,820,0.0,0,1271,0,5,20,1
234,6,49628,443,17.0,0,194,0,60,20,0
475,17,16472,53,0.0,0,306,0,64,20,0
1193,17,54756,247,0.0,0,1338,1,6,20,1
40,6,61923,80,2.0,0,0,0,1,20,1
66,6,32358,8443,24.0,0,26,0,55,20,0
74,6,37156,8443,16.0,0,34,0,64,20,0
885,6,3631,8443,18.0,0,845,0,120,20,0
66,6,48180,22,16.0,0,26,0,128,20,0
75,6,1662,8000,16.0,0,35,0,56,20,0
1070,6,42670,3306,0.0,0,1030,0,64,20,0
153,6,2399,443,16.0,0,113,0,119,20,0
579,1,1911,80,16.0,0,539,0,64,20,0
179,17,9902,53,0.0,0,105,0,64,20,0
1448,6,24202,8000,0.18,0,1408,0,57,20,0
987,6,41122,5432,16.0,0,947,0,60,20,0
100,6,33903,8000,2.0,0,60,0,57,20,0
120,6,35605,8443,16.0,0,80,0,54,20,0
303,17,48929,53,0.0,0,138,0,64,20,0
1246,6,20757,443,0.0,0,1206,0,128,20,0
66,6,21698,8443,16.0,0,26,0,117,20,0
53,6,32710,80,17.0,0,13,0,56,20,0
382,6,21733,22,17.0,0,342,0,64,20,0
54,6,63344,443,16.0,0,14,0,60,20,0
859,6,2420,53,0.0,0,819,0,128,20,0
987,6,35865,443,16.0,0,947,0,52,20,0
54,6,59589,443,24.0,0,14,0,49,20,0
987,17,22801,22,2.0,0,947,0,56,20,0
66,6,7796,443,24.0,0,26,0,56,20,0
74,6,33491,8443,16.0,0,34,0,56,20,0
1118,6,13839,8080,2.0,0,1078,0,64,20,0
161,6,11388,443,16.0,0,121,0,55,20,0
967,6,21249,8443,16.0,0,927,0,52,20,0
111,6,35329,443,24.0,0,71,0,120,20,0
1490,6,23513,22,16.0,0,1450,0,128,20,0
820,6,1932,22,0.0,0,780,0,56,20,0
185,6,1090,8443,24.0,0,145,0,57,20,0
151,6,43889,22,0.0,0,111,0,60,20,0
352,17,27872,3306,2.0,0,312,0,64,20,0
182,17,42638,53,0.0,0,104,0,64,20,0
57,6,8849,11890,2.0,0,0,0,64,20,1
282,17,43108,53,0.0,0,291,0,64,20,0
256,6,43486,8443,2.0,0,216,0,117,20,0
269,6,60135,443,16.0,0,229,0,52,20,0
121,6,11514,53,2.0,0,81,0,255,20,0
481,17,37532,53,0.0,0,414,0,128,20,0
273,17,11687,53,0.0,0,133,0,64,20,0
1443,6,44140,8443,18.0,0,1403,0,57,20,0
1029,6,37433,53,17.0,0,989,0,56,20,0
296,17,52962,53,0.0,0,284,0,64,20,0
157,17,49209,53,0.0,0,202,0,128,20,0
55,6,9750,80,2.0,0,0,0,27,20,1
255,17,59462,53,0.0,0,186,0,128,20,0
1164,6,16708,80,24.0,0,1124,0,60,20,0
1035,17,55986,965,0.0,0,1356,1,2,20,1
72,6,57560,22,2.0,0,32,0,60,20,0
958,6,9587,8000,17.0,0,918,0,64,20,0
535,6,40098,8000,0.18,0,495,0,64,20,0
983,17,22446,443,17.0,0,943,0,64,20,0
644,6,40492,53,16.0,0,604,0,60,20,0
940,6,59293,8443,16.0,0,900,0,118,20,0
74,6,50076,8443,24.0,0,34,0,55,20,0
74,6,25038,8443,17.0,0,34,0,115,20,0
74,6,58177,8443,17.0,0,34,0,54,20,0
425,17,14578,53,0.0,0,348,0,64,20,0
83,1,0,0,0.0,8,35,0,8,20,1
141,17,8450,53,0.0,0,41,0,128,20,0
52,6,52927,24797,2.0,0,0,0,64,20,1
1233,6,54450,8000,0.18,0,1193,0,64,20,0
184,6,23070,80,0.0,0,144,0,128,20,0
108,6,5878,80,16.0,0,68,0,57,20,0
1155,17,26611,926,0.0,0,1135,0,6,20,1
74,6,33387,443,17.0,0,34,0,56,20,0
114,6,59439,22,24.0,0,74,0,64,20,0
1166,6,5616,80,24.0,0,1126,0,255,20,0
58,1,0,0,0.0,8,14,0,12,20,1
54,6,59095,8443,18.0,0,14,0,55,20,0
74,6,37999,443,18.0,0,34,0,64,20,0
258,6,62751,22,24.0,0,218,0,64,20,0
40,6,27721,80,2.0,0,0,0,17,20,1
66,6,61062,443,24.0,0,26,0,115,20,0
105,6,62513,8000,16.0,0,65,0,255,20,0
66,6,62608,8443,24.0,0,26,0,115,20,0
1071,17,57166,415,0.0,0,1122,1,4,20,1
184,6,56216,443,16.0,0,144,0,55,20,0
74,6,30164,443,18.0,0,34,0,120,20,0
90,6,51230,8080,2.0,0,50,0,57,20,0
1451,6,64999,53,17.0,0,1411,0,255,20,0
1219,1,9680,80,24.0,0,1179,0,60,20,0
74,6,21690,443,18.0,0,34,0,51,20,0
50,6,44403,4884,2.0,0,0,0,64,20,1
94,17,48056,53,0.0,0,105,0,128,20,0
208,6,60076,8443,16.0,0,168,0,60,20,0
1308,6,3393,5432,17.0,0,1268,0,128,20,0
59,6,16611,22300,2.0,0,0,0,64,20,1
323,17,2026,53,0.0,0,187,0,128,20,0
1217,17,1843,53,24.0,0,1177,0,128,20,0
74,6,57082,443,24.0,0,34,0,52,20,0
600,17,49973,22,0.0,0,560,0,60,20,0
114,6,2369,22,24.0,0,74,0,64,20,0
1301,6,62886,8443,16.0,0,1261,0,117,20,0
715,6,42712,8080,17.0,0,675,0,64,20,0
74,6,44670,8443,16.0,0,34,0,58,20,0
74,6,2606,8443,16.0,0,34,0,51,20,0
64,6,36800,8080,16.0,0,24,0,58,20,0
1098,17,65505,3306,24.0,0,1058,0,128,20,0
66,6,6057,443,16.0,0,26,0,55,20,0
1199,17,3446,8080,16.0,0,1159,0,56,20,0
681,6,60253,3306,17.0,0,641,0,255,20,0
1406,17,19561,443,17.0,0,1366,0,64,20,0
850,6,4484,8080,16.0,0,810,0,60,20,0
41,6,27926,17824,2.0,0,0,0,64,20,1
582,6,19755,8080,2.0,0,542,0,255,20,0
565,6,44015,22,16.0,0,525,0,64,20,0
212,17,39346,53,0.0,0,272,0,128,20,0
69,6,50855,8000,17.0,0,29,0,255,20,0
240,6,64104,8443,16.0,0,200,0,115,20,0
56,6,55987,14716,2.0,0,0,0,64,20,1
1455,6,34213,443,18.0,0,1415,0,115,20,0
386,17,38376,53,0.0,0,460,0,64,20,0
1270,6,10496,8443,16.0,0,1230,0,115,20,0
239,6,51113,80,0.0,0,199,0,255,20,0
74,1,0,0,0.0,8,24,0,11,20,1
162,6,56275,22,16.0,0,122,0,64,20,0
1398,6,10557,8443,16.0,0,1358,0,56,20,0
53,6,16019,56415,2.0,0,0,0,64,20,1
488,6,2292,8080,24.0,0,448,0,56,20,0
54,6,36723,8443,16.0,0,14,0,57,20,0
131,17,32534,53,0.0,0,374,0,64,20,0
353,6,8969,8080,17.0,0,313,0,64,20,0
139,6,32332,443,16.0,0,99,0,56,20,0
504,17,57186,53,0.0,0,199,0,64,20,0
316,17,63421,53,0.0,0,361,0,128,20,0
258,6,51889,22,16.0,0,218,0,64,20,0
1407,6,13977,3306,16.0,0,1367,0,60,20,0
42,6,18717,25987,2.0,0,0,0,64,20,1
252,6,31852,443,18.0,0,212,0,58,20,0
66,6,30179,22,16.0,0,26,0,64,20,0
80,6,7429,80,2.0,0,40,0,255,20,0
956,6,19052,8443,16.0,0,916,0,58,20,0
200,17,4912,53,0.0,0,416,0,64,20,0
923,17,32644,3306,17.0,0,883,0,60,20,0
74,6,19075,443,16.0,0,34,0,128,20,0
114,6,53663,22,16.0,0,74,0,64,20,0
1189,6,40900,443,16.0,0,1149,0,117,20,0
877,17,15089,3306,24.0,0,837,0,60,20,0
87,6,21639,8080,17.0,0,47,0,64,20,0
1200,6,40776,8443,16.0,0,1160,0,120,20,0
74,6,15844,443,16.0,0,34,0,57,20,0
41,1,0,0,0.0,8,34,0,1,20,1
1148,6,17909,8443,16.0,0,1108,0,52,20,0
130,6,50377,22,16.0,0,90,0,128,20,0
117,6,64908,443,2.0,0,77,0,49,20,0
1510,17,13615,5432,24.0,0,1460,0,255,20,0
54,6,3183,443,16.0,0,14,0,55,20,0
74,6,27244,8443,16.0,0,34,0,128,20,0
56,1,0,0,0.0,8,10,0,4,20,1
883,6,19494,80,2.0,0,843,0,60,20,0
137,6,36253,5432,17.0,0,97,0,128,20,0
352,17,22022,53,0.0,0,370,0,128,20,0
108,6,24776,8080,0.18,0,68,0,255,20,0
66,6,3364,22,16.0,0,26,0,64,20,0
71,6,55912,80,0.18,0,31,0,128,20,0
113,17,30445,53,0.0,0,313,0,64,20,0
74,6,25233,443,16.0,0,34,0,55,20,0
192,6,52331,443,16.0,0,152,0,57,20,0
184,6,12701,22,16.0,0,144,0,64,20,0
66,6,45196,443,2.0,0,26,0,60,20,0
830,17,21095,53,0.0,0,790,0,56,20,0
48,6,47123,12716,2.0,0,0,0,64,20,1
1050,6,49241,8443,16.0,0,1010,0,56,20,0
54,6,39242,443,17.0,0,14,0,52,20,0
74,6,33487,8443,16.0,0,34,0,57,20,0
499,6,32707,443,2.0,0,459,0,60,20,0
74,6,56111,8443,2.0,0,34,0,58,20,0
114,6,53928,22,16.0,0,74,0,128,20,0
366,17,26947,5432,24.0,0,326,0,128,20,0
66,6,5066,443,16.0,0,26,0,51,20,0
654,6,7739,443,2.0,0,614,0,60,20,0
74,6,46529,8443,16.0,0,34,0,58,20,0
1029,6,17635,8000,17.0,0,989,0,64,20,0
130,6,53712,22,16.0,0,90,0,128,20,0
54,6,62182,8443,16.0,0,14,0,51,20,0
420,6,20158,5432,17.0,0,380,0,128,20,0
609,6,3091,53,24.0,0,569,0,255,20,0
74,6,54928,443,16.0,0,34,0,57,20,0
273,17,23733,53,0.0,0,349,0,64,20,0
74,6,5160,443,24.0,0,34,0,117,20,0
1345,6,25724,443,18.0,0,1305,0,55,20,0
74,6,29203,8443,18.0,0,34,0,58,20,0
442,17,39915,53,0.0,0,381,0,128,20,0
162,6,24060,22,24.0,0,122,0,64,20,0
1083,17,49362,450,0.0,0,976,1,7,20,1
52,6,32682,57895,2.0,0,0,0,64,20,1
162,6,37215,22,24.0,0,122,0,64,20,0
48,6,10900,80,2.0,0,0,0,16,20,1
74,6,59603,443,24.0,0,34,0,55,20,0
178,6,22689,8443,24.0,0,138,0,49,20,0
950,6,31568,53,17.0,0,910,0,255,20,0
162,6,48575,443,24.0,0,122,0,55,20,0
967,6,52717,8443,16.0,0,927,0,120,20,0
133,17,65374,53,0.0,0,408,0,128,20,0
1068,6,44797,53,16.0,0,1028,0,255,20,0
83,6,59559,443,18.0,0,43,0,119,20,0
185,6,25618,8443,24.0,0,145,0,57,20,0
258,6,42496,22,16.0,0,218,0,64,20,0
183,17,40877,53,0.0,0,292,0,64,20,0
66,6,30086,443,16.0,0,26,0,119,20,0
460,6,36280,5432,16.0,0,420,0,255,20,0
232,17,59046,53,0.0,0,433,0,64,20,0
66,6,27538,443,16.0,0,26,0,119,20,0
114,6,16209,22,16.0,0,74,0,128,20,0
398,17,7500,53,0.0,0,200,0,64,20,0
647,6,57596,80,16.0,0,607,0,128,20,0
1146,17,52541,651,0.0,0,1299,0,1,20,1
74,6,26518,8443,18.0,0,34,0,49,20,0
162,6,54243,22,16.0,0,122,0,64,20,0
58,6,61993,31747,2.0,0,0,0,64,20,1
222,6,34501,443,16.0,0,182,0,55,20,0
650,6,25455,8080,24.0,0,610,0,255,20,0
57,1,0,0,0.0,8,20,0,8,20,1
106,6,55348,443,2.0,0,66,0,60,20,0
741,6,43172,53,2.0,0,701,0,255,20,0
66,6,9721,443,16.0,0,26,0,58,20,0
66,6,51188,8443,2.0,0,26,0,57,20,0
54,6,20977,8443,16.0,0,14,0,55,20,0
827,6,45357,443,16.0,0,787,0,52,20,0
45,6,11298,80,2.0,0,0,0,17,20,1
1375,6,17173,8443,16.0,0,1335,0,57,20,0
130,6,10999,22,16.0,0,90,0,128,20,0
946,6,55252,8080,16.0,0,906,0,57,20,0
304,17,60642,53,0.0,0,50,0,64,20,0
890,6,10573,80,17.0,0,850,0,255,20,0
258,6,5150,22,16.0,0,218,0,128,20,0
823,6,21909,22,16.0,0,783,1,255,20,0
52,6,30315,80,2.0,0,0,0,19,20,1
1456,6,28233,5432,0.0,0,1416,0,60,20,0
184,6,52927,22,16.0,0,144,0,64,20,0
198,6,41861,8000,17.0,0,158,0,128,20,0
613,17,64938,8080,24.0,0,573,0,60,20,0
74,6,64668,443,16.0,0,34,0,128,20,0
66,6,50436,22,24.0,0,26,0,64,20,0
54,6,38734,8443,16.0,0,14,0,115,20,0
55,6,32424,43697,2.0,0,0,0,64,20,1
43,6,47452,40897,2.0,0,0,0,64,20,1
54,6,41055,8443,16.0,0,14,0,128,20,0
498,17,5198,53,0.0,0,291,0,128,20,0
1245,17,26621,815,0.0,0,1260,1,7,20,1
52,6,51126,62072,2.0,0,0,0,64,20,1
54,6,3719,64418,2.0,0,0,0,64,20,1
1380,17,35413,525,0.0,0,1167,1,4,20,1
90,6,45559,22,16.0,0,50,0,64,20,0
1475,6,10295,8443,24.0,0,1435,0,54,20,0
1284,6,19324,8443,16.0,0,1244,0,128,20,0
1490,6,57667,53,0.0,0,1450,0,60,20,0
1068,6,16422,80,0.0,0,1028,0,255,20,0
74,6,44724,8443,16.0,0,34,0,60,20,0
225,6,14755,8443,16.0,0,185,0,64,20,0
90,6,60688,22,24.0,0,50,0,128,20,0
1235,6,16147,8443,16.0,0,1195,0,54,20,0
160,6,24124,80,16.0,0,120,0,128,20,0
1223,6,58196,80,0.18,0,1183,0,128,20,0
130,6,33819,22,24.0,0,90,0,128,20,0
341,17,64906,53,0.0,0,193,0,64,20,0
54,6,64875,8443,16.0,0,14,0,54,20,0
123,17,27492,53,0.0,0,132,0,64,20,0
74,6,60121,443,16.0,0,34,0,120,20,0
215,6,57676,443,24.0,0,175,0,115,20,0
258,6,22608,22,16.0,0,218,0,128,20,0
114,6,5995,22,16.0,0,74,0,64,20,0
206,6,12256,8443,16.0,0,166,0,115,20,0
1447,6,39023,443,17.0,0,1407,0,128,20,0
1160,6,49548,8080,16.0,0,1120,0,64,20,0
1029,17,64201,52,0.0,0,1458,0,4,20,1
95,17,8093,53,0.0,0,200,0,64,20,0
509,6,14507,80,2.0,0,469,0,128,20,0
144,6,41229,8443,16.0,0,104,0,115,20,0
54,6,60864,8443,24.0,0,14,0,120,20,0
52,6,6807,40885,2.0,0,0,0,64,20,1
399,17,25952,53,0.0,0,222,0,128,20,0
41,6,32470,43618,2.0,0,0,0,64,20,1
843,6,39617,5432,16.0,0,803,0,64,20,0
137,6,52557,8443,2.0,0,97,0,58,20,0
130,6,49133,22,24.0,0,90,0,64,20,0
1315,6,36386,443,2.0,0,1275,0,119,20,0
999,17,56608,22,2.0,0,959,0,64,20,0
66,6,36252,8443,17.0,0,26,0,64,20,0
1220,6,21938,443,16.0,0,1180,0,56,20,0
54,6,65006,443,16.0,0,14,0,52,20,0
54,6,34696,8443,16.0,0,14,0,51,20,0
460,17,62341,53,0.0,0,118,0,64,20,0
1369,6,28284,8080,0.18,0,1329,0,56,20,0
66,6,63220,443,16.0,0,26,0,60,20,0
69,6,19864,8000,0.18,0,29,0,57,20,0
329,17,16722,53,0.0,0,135,0,64,20,0
146,6,46063,80,0.18,0,106,0,255,20,0
1112,6,10651,443,16.0,0,1072,0,52,20,0
927,6,46758,8080,2.0,0,887,0,64,20,0
1139,6,64407,3306,16.0,0,1099,0,128,20,0
66,6,15045,443,16.0,0,26,0,57,20,0
154,6,33341,443,18.0,0,114,0,64,20,0
764,6,57464,8000,2.0,0,724,0,56,20,0
623,17,21146,80,17.0,0,583,0,56,20,0
285,6,28457,443,18.0,0,245,0,64,20,0
1405,6,49797,8443,18.0,0,1365,0,52,20,0
42,17,7779,8080,17.0,0,2,0,56,20,0
1028,6,16448,443,2.0,0,988,0,118,20,0
52,1,0,0,0.0,8,53,0,3,20,1
227,6,29115,8443,24.0,0,187,0,54,20,0
929,17,33741,3306,17.0,0,889,0,255,20,0
1190,6,49928,8443,16.0,0,1150,0,119,20,0
926,17,59773,53,17.0,0,886,0,255,20,0
192,6,34714,443,16.0,0,152,0,60,20,0
229,6,14723,443,24.0,0,189,0,118,20,0
165,17,41676,53,0.0,0,174,0,128,20,0
93,1,0,0,0.0,8,1,0,7,20,1
66,6,23479,22,16.0,0,26,0,128,20,0
80,6,34015,443,16.0,0,40,0,55,20,0
604,17,23430,22,2.0,0,564,0,64,20,0
1012,6,51851,22,24.0,0,972,0,64,20,0
285,17,32312,80,24.0,0,245,0,64,20,0
1104,1,18442,80,17.0,0,1064,0,56,20,0
1044,17,1322,3306,16.0,0,1004,0,64,20,0
184,6,40055,22,24.0,0,144,0,128,20,0
46,6,2815,40818,2.0,0,0,0,64,20,1
1019,17,13723,3306,24.0,0,979,0,64,20,0
130,6,49336,22,24.0,0,90,0,128,20,0
1066,17,54455,319,0.0,0,950,0,5,20,1
343,6,60590,22,0.0,0,303,0,128,20,0
905,6,40287,8443,16.0,0,865,0,58,20,0
1500,6,62654,8000,16.0,0,1460,0,128,20,0
1413,6,37225,8000,17.0,0,1373,0,128,20,0
130,6,48849,22,24.0,0,90,0,128,20,0
874,17,45381,53,2.0,0,834,0,64,20,0
43,6,10477,8080,0.18,0,3,0,56,20,0
90,6,52545,22,16.0,0,50,0,64,20,0
54,6,21447,8443,16.0,0,14,0,58,20,0
86,6,16251,8080,17.0,0,46,0,56,20,0
171,17,14592,53,0.0,0,250,0,128,20,0
74,6,53694,443,24.0,0,34,0,56,20,0
170,17,52651,53,0.0,0,92,0,128,20,0
1377,17,56849,973,0.0,0,1079,1,4,20,1
118,6,20998,8000,16.0,0,78,0,64,20,0
114,6,7628,22,16.0,0,74,0,64,20,0
296,6,6604,443,18.0,0,256,0,54,20,0
398,6,56233,5432,17.0,0,358,0,56,20,0
130,6,28887,22,24.0,0,90,0,64,20,0
626,6,54251,443,24.0,0,586,0,128,20,0
100,6,17964,8443,17.0,0,60,0,51,20,0
342,17,36004,53,0.0,0,331,0,64,20,0
66,6,29991,8443,16.0,0,26,0,57,20,0
1395,17,14880,266,0.0,0,1181,0,4,20,1
299,17,52175,53,0.0,0,339,0,64,20,0
54,6,53371,8443,18.0,0,14,0,128,20,0
1422,6,64246,8080,0.18,0,1382,0,56,20,0
950,6,46233,22,16.0,0,910,0,64,20,0
1380,6,40214,80,17.0,0,1340,0,64,20,0
266,6,10545,8443,2.0,0,226,0,54,20,0
1459,6,7662,443,18.0,0,1419,0,56,20,0
824,6,18582,443,24.0,0,784,0,52,20,0
1451,6,20928,8080,17.0,0,1411,0,128,20,0
1170,6,32758,8000,16.0,0,1130,0,128,20,0
901,6,6848,53,2.0,0,861,0,56,20,0
1028,6,35527,443,0.0,0,988,0,64,20,0
1067,6,29672,8000,17.0,0,1027,0,56,20,0
66,6,61690,8443,16.0,0,26,0,49,20,0
184,6,15352,8000,0.18,0,144,0,255,20,0
52,6,4884,80,2.0,0,0,0,2,20,1
284,6,5847,443,16.0,0,244,0,52,20,0
74,6,43073,443,24.0,0,34,0,120,20,0
725,17,36914,443,0.0,0,685,0,60,20,0
1453,17,57546,966,0.0,0,1425,0,9,20,1
1133,6,4229,8080,2.0,0,1093,0,58,20,0
1142,6,53347,5432,2.0,0,1102,0,64,20,0
66,6,24886,443,24.0,0,26,0,120,20,0
596,6,8972,443,2.0,0,556,0,128,20,0
1357,17,50011,8080,0.0,0,1317,0,64,20,0
114,6,32823,22,16.0,0,74,0,64,20,0
820,6,15457,5432,17.0,0,780,0,64,20,0
54,6,41349,443,16.0,0,14,0,118,20,0
918,6,4201,5432,24.0,0,878,0,255,20,0
1349,6,37007,443,16.0,0,1309,0,117,20,0
78,1,0,0,0.0,8,43,0,14,20,1
868,6,36334,8443,16.0,0,828,0,115,20,0
272,6,61878,22,24.0,0,232,0,255,20,0
1169,17,2320,693,0.0,0,1169,1,1,20,1
224,6,23845,8443,24.0,0,184,0,119,20,0
1087,17,7666,557,0.0,0,1405,0,4,20,1
575,6,17243,8080,0.18,0,535,0,58,20,0
54,6,16390,8443,2.0,0,14,0,58,20,0
880,6,3043,22,0.0,0,840,0,60,20,0
66,6,44427,8443,16.0,0,26,0,49,20,0
43,6,47453,80,2.0,0,0,0,16,20,1
116,6,27344,80,17.0,0,76,0,58,20,0
54,6,38289,443,16.0,0,14,0,64,20,0
54,6,21433,443,16.0,0,14,0,52,20,0
63,6,58147,8000,17.0,0,23,0,128,20,0
1481,6,26346,22,16.0,0,1441,0,56,20,0
160,6,5735,443,18.0,0,120,0,118,20,0
197,6,59550,443,24.0,0,157,0,52,20,0
136,17,63931,53,0.0,0,443,0,128,20,0
130,6,30694,8443,16.0,0,90,0,117,20,0
54,6,1810,8443,18.0,0,14,0,117,20,0
66,6,26116,443,16.0,0,26,0,115,20,0
54,6,9693,443,16.0,0,14,0,118,20,0
348,17,63879,53,0.0,0,107,0,64,20,0
111,6,20749,8080,0.18,0,71,0,58,20,0
351,17,43715,53,0.0,0,311,0,255,20,0
1297,6,23523,443,2.0,0,1257,0,54,20,0
29,1,0,0,0.0,8,30,0,2,20,1
74,6,52604,443,16.0,0,34,0,128,20,0
80,17,15659,53,0.0,0,125,0,128,20,0
40,6,58937,80,2.0,0,0,0,22,20,1
1123,6,36004,8443,18.0,0,1083,0,55,20,0
42,1,0,0,0.0,8,21,0,2,20,1
1276,6,57231,443,24.0,0,1236,0,119,20,0
54,6,31275,8443,16.0,0,14,0,52,20,0
66,6,7388,443,16.0,0,26,0,57,20,0
210,17,47361,3306,0.0,0,170,0,128,20,0
1180,6,27769,5432,0.0,0,1140,0,56,20,0
1255,6,14286,8000,16.0,0,1215,0,64,20,0
1398,6,22828,8080,2.0,0,1358,0,57,20,0
151,6,55534,8080,17.0,0,111,0,58,20,0
90,6,30235,22,16.0,0,50,0,128,20,0
54,6,63583,443,24.0,0,14,0,49,20,0
471,17,19115,3306,2.0,0,431,0,60,20,0
111,6,45352,3306,16.0,0,71,0,56,20,0
114,6,18031,22,24.0,0,74,0,64,20,0
589,6,32607,22,2.0,0,549,0,255,20,0
715,6,53516,8080,0.18,0,675,0,255,20,0
74,6,62086,443,16.0,0,34,0,115,20,0
1442,6,19220,80,16.0,0,1402,0,64,20,0
42,6,65314,8000,0.18,0,2,0,255,20,0
54,6,20651,8443,2.0,0,14,0,55,20,0
408,17,19857,53,0.0,0,273,0,128,20,0
1358,6,36294,3306,0.0,0,1318,0,128,20,0
74,6,27371,8443,16.0,0,34,0,119,20,0
763,6,7982,3306,16.0,0,723,0,128,20,0
1130,6,41893,22,17.0,0,1090,0,64,20,0
520,6,62691,53,16.0,0,480,0,56,20,0
70,1,0,0,0.0,8,21,0,12,20,1
1495,6,43505,8080,17.0,0,1455,0,255,20,0
51,6,3413,4173,2.0,0,0,0,64,20,1
1437,6,20500,80,24.0,0,1397,0,128,20,0
839,17,6086,3306,17.0,0,799,0,64,20,0
81,17,53948,53,0.0,0,53,0,64,20,0
278,6,34775,443,24.0,0,238,0,64,20,0
54,6,23468,8443,2.0,0,14,0,120,20,0
929,17,40844,3306,17.0,0,889,1,56,20,0
1237,6,25186,8443,24.0,0,1197,0,52,20,0
74,6,49491,8443,16.0,0,34,0,119,20,0
52,6,37658,8080,16.0,0,12,0,255,20,0
1013,17,24112,410,0.0,0,1241,1,7,20,1
241,17,28788,53,24.0,0,201,0,255,20,0
1509,17,62288,80,16.0,0,1460,0,56,20,0
66,6,8394,443,16.0,0,26,0,55,20,0
114,17,2439,53,0.0,0,22,0,64,20,0
103,6,38243,80,0.18,0,63,0,255,20,0
66,6,15354,22,24.0,0,26,0,64,20,0
258,6,5691,22,16.0,0,218,0,64,20,0
80,1,0,0,0.0,8,13,0,5,20,1
505,6,50591,22,2.0,0,465,0,128,20,0
1038,6,18281,80,16.0,0,998,0,64,20,0
1348,6,15762,443,16.0,0,1308,0,56,20,0
54,6,30577,8443,16.0,0,14,0,60,20,0
130,6,48914,22,16.0,0,90,0,64,20,0
948,17,38814,53,2.0,0,908,0,255,20,0
1010,6,61761,5432,16.0,0,970,0,255,20,0
150,6,40749,8443,18.0,0,110,0,119,20,0
710,6,39437,443,0.0,0,670,0,60,20,0
278,6,61678,443,16.0,0,238,0,58,20,0
54,6,18651,8443,17.0,0,14,0,56,20,0
359,17,34062,53,0.0,0,307,0,64,20,0
130,6,52668,22,24.0,0,90,0,128,20,0
54,6,61945,443,16.0,0,14,0,120,20,0
296,6,20152,443,16.0,0,256,0,120,20,0
328,17,50629,53,0.0,0,270,0,64,20,0
362,6,35258,53,24.0,0,322,0,60,20,0
489,17,23492,53,2.0,0,449,0,128,20,0
1095,6,59211,8443,16.0,0,1055,0,49,20,0
54,6,20530,8443,17.0,0,14,0,119,20,0
74,6,32752,443,16.0,0,34,0,64,20,0
448,17,6538,53,0.0,0,339,0,64,20,0
830,1,5878,443,16.0,0,790,0,56,20,0
866,6,18030,443,24.0,0,826,0,58,20,0
54,6,18355,443,16.0,0,14,0,115,20,0
1040,6,33027,5432,2.0,0,1000,0,128,20,0
1144,6,3462,8000,2.0,0,1104,0,57,20,0
258,6,33743,22,16.0,0,218,0,64,20,0
1293,6,52670,8080,0.18,0,1253,0,57,20,0
114,6,34497,22,24.0,0,74,0,64,20,0
955,6,35702,8443,16.0,0,915,0,120,20,0
130,6,34476,22,24.0,0,90,0,128,20,0
182,6,48441,3306,2.0,0,142,0,60,20,0
130,17,32403,53,0.0,0,83,0,64,20,0
1394,6,12290,80,17.0,0,1354,0,56,20,0
74,6,49368,443,16.0,0,34,0,64,20,0
140,6,61456,8000,17.0,0,100,0,128,20,0
48,6,28061,80,2.0,0,0,0,29,20,1
225,6,38912,443,17.0,0,185,0,60,20,0
1168,17,37180,966,0.0,0,1129,1,1,20,1
43,6,51274,37089,2.0,0,0,0,64,20,1
98,6,12654,5432,24.0,0,58,0,128,20,0
660,6,6381,3306,16.0,0,620,0,56,20,0
162,6,12882,22,24.0,0,122,0,128,20,0
162,6,53076,22,16.0,0,122,0,64,20,0
118,6,62547,80,17.0,0,78,0,56,20,0
116,6,32358,8443,16.0,0,76,0,55,20,0
56,6,30109,80,2.0,0,0,0,9,20,1
66,6,29892,22,16.0,0,26,0,64,20,0
162,6,5507,22,16.0,0,122,0,128,20,0
184,6,28595,22,16.0,0,144,0,64,20,0
72,6,6589,80,17.0,0,32,0,56,20,0
137,6,50400,8443,16.0,0,97,0,56,20,0
92,17,57996,53,0.0,0,247,0,128,20,0
74,6,51641,443,16.0,0,34,0,55,20,0
1088,17,34930,609,0.0,0,1308,1,4,20,1
1028,6,57258,443,18.0,0,988,0,64,20,0
611,17,4568,80,16.0,0,571,0,128,20,0
1362,6,28184,443,2.0,0,1322,0,128,20,0
66,6,29060,8443,24.0,0,26,0,49,20,0
276,6,8154,22,2.0,0,236,0,60,20,0
49,6,56593,8080,0.18,0,9,0,57,20,0
74,6,20974,443,18.0,0,34,0,115,20,0
184,6,49119,22,16.0,0,144,0,64,20,0
53,6,36364,80,2.0,0,0,0,17,20,1
73,17,49731,53,0.0,0,284,0,128,20,0
77,6,55133,8000,2.0,0,37,0,128,20,0
1146,6,59397,8080,17.0,0,1106,0,60,20,0
1478,6,56253,5432,24.0,0,1438,0,255,20,0
66,6,1252,8443,16.0,0,26,0,120,20,0
66,6,24940,443,24.0,0,26,0,118,20,0
149,6,23951,8443,24.0,0,109,0,51,20,0
130,6,57929,22,24.0,0,90,0,64,20,0
114,6,22001,8443,18.0,0,74,0,64,20,0
923,6,3005,22,24.0,0,883,0,255,20,0
42,6,25851,28501,2.0,0,0,0,64,20,1
85,6,32697,443,18.0,0,45,0,49,20,0
1121,17,61103,932,0.0,0,1124,1,4,20,1
904,17,10556,5432,17.0,0,864,0,60,20,0
184,6,17856,8000,17.0,0,144,0,57,20,0
194,6,28805,443,0.0,0,154,0,64,20,0
108,6,10639,443,16.0,0,68,0,117,20,0
145,6,58890,8443,2.0,0,105,0,128,20,0
184,6,27179,22,24.0,0,144,0,128,20,0
130,6,18397,22,16.0,0,90,0,128,20,0
976,6,64202,8080,2.0,0,936,0,128,20,0
942,6,11860,3306,24.0,0,902,0,64,20,0
54,6,3990,34578,2.0,0,0,0,64,20,1
1423,17,52227,8080,17.0,0,1383,0,60,20,0
130,6,10330,22,24.0,0,90,0,128,20,0
54,6,11870,443,18.0,0,14,0,49,20,0
1011,17,26056,776,0.0,0,1361,1,3,20,1
261,17,46259,22,16.0,0,221,0,60,20,0
200,17,45923,53,0.0,0,268,0,128,20,0
46,6,43721,80,2.0,0,0,0,23,20,1
130,6,44465,22,16.0,0,90,0,64,20,0
162,6,6285,22,24.0,0,122,0,64,20,0
122,17,63420,53,0.0,0,187,0,128,20,0
177,6,12804,8080,0.18,0,137,0,255,20,0
1415,6,60329,443,2.0,0,1375,0,64,20,0
66,6,18624,8443,16.0,0,26,0,117,20,0
90,6,48467,22,16.0,0,50,0,128,20,0
74,6,5009,443,16.0,0,34,0,60,20,0
158,17,30482,53,0.0,0,206,0,64,20,0
948,6,64312,8443,24.0,0,908,0,54,20,0
718,6,23841,53,0.0,0,678,0,60,20,0
66,6,60672,22,24.0,0,26,0,128,20,0
1338,6,29305,80,0.18,0,1298,0,255,20,0
178,6,20186,443,16.0,0,138,0,57,20,0
40,6,12391,42681,2.0,0,0,0,64,20,1
877,6,26815,8443,17.0,0,837,0,56,20,0
176,6,53486,8080,0.18,0,136,0,255,20,0
165,6,17222,443,16.0,0,125,0,64,20,0
1079,6,39813,53,24.0,0,1039,0,255,20,0
74,6,44070,443,16.0,0,34,0,115,20,0
995,6,37669,8000,2.0,0,955,0,58,20,0
1422,6,39200,443,18.0,0,1382,0,118,20,0
392,17,59885,53,0.0,0,152,0,64,20,0
74,6,21735,8443,16.0,0,34,0,54,20,0
387,17,59190,443,0.0,0,347,0,128,20,0
54,6,7382,8443,16.0,0,14,0,119,20,0
1360,17,61624,130,0.0,0,1320,0,6,20,1
1202,6,46071,8080,17.0,0,1162,0,255,20,0
103,6,37032,8000,17.0,0,63,0,64,20,0
90,6,26964,22,24.0,0,50,0,64,20,0
114,6,33572,22,24.0,0,74,0,64,20,0
188,6,3594,8000,16.0,0,148,0,128,20,0
48,6,55075,80,2.0,0,0,0,3,20,1
1360,6,32855,8443,16.0,0,1320,0,60,20,0
55,6,46294,28705,2.0,0,0,0,64,20,1
424,17,54136,53,0.0,0,391,0,128,20,0
458,6,30347,8080,2.0,0,418,0,58,20,0
59,6,14560,80,2.0,0,0,0,11,20,1
90,6,35072,22,24.0,0,50,0,64,20,0
85,6,9484,80,0.18,0,45,0,57,20,0
1239,17,63362,777,0.0,0,1231,0,5,20,1
761,6,43629,8080,17.0,0,721,0,128,20,0
114,6,18168,22,24.0,0,74,0,64,20,0
114,6,2411,22,24.0,0,74,0,64,20,0
46,6,14842,8825,2.0,0,0,0,64,20,1
297,6,2794,8443,17.0,0,257,0,52,20,0
1084,6,24278,8080,24.0,0,1044,0,64,20,0
1297,6,5750,8080,0.0,0,1257,0,64,20,0
54,1,0,0,0.0,8,11,0,14,20,1
66,17,39901,53,0.0,0,468,0,64,20,0
659,6,62815,80,16.0,0,619,0,57,20,0
42,6,15542,17683,2.0,0,0,0,64,20,1
400,17,49220,53,0.0,0,223,0,64,20,0
66,6,59168,443,16.0,0,26,0,52,20,0
678,6,12833,80,0.18,0,638,0,255,20,0
1175,6,11369,443,24.0,0,1135,0,58,20,0
42,6,32890,56230,2.0,0,0,0,64,20,1
1457,17,14037,289,0.0,0,1344,0,9,20,1
40,6,53408,80,2.0,0,0,0,23,20,1
40,6,14269,55202,2.0,0,0,0,64,20,1
917,6,4145,8443,16.0,0,877,0,57,20,0
66,6,37198,22,24.0,0,26,0,64,20,0
407,17,19784,3306,16.0,0,367,0,56,20,0
74,6,55697,443,17.0,0,34,0,54,20,0
68,1,0,0,0.0,8,12,0,13,20,1
66,6,38779,22,24.0,0,26,0,64,20,0
57,6,49613,80,2.0,0,0,0,18,20,1
54,6,18506,8443,2.0,0,14,0,115,20,0
74,6,32325,443,2.0,0,34,0,52,20,0
42,6,52291,80,2.0,0,0,0,4,20,1
211,6,35836,443,16.0,0,171,0,115,20,0
428,17,53950,53,0.0,0,30,0,64,20,0
80,6,32052,80,16.0,0,40,0,255,20,0
1511,17,27023,22,16.0,0,1460,0,60,20,0
960,6,27134,53,2.0,0,920,0,128,20,0
124,6,2960,8443,16.0,0,84,0,55,20,0
69,17,52230,53,0.0,0,291,0,64,20,0
322,17,22820,53,0.0,0,89,0,64,20,0
192,6,48391,8000,2.0,0,152,0,255,20,0
1073,6,43049,443,18.0,0,1033,0,64,20,0
498,17,48067,3306,17.0,0,458,0,64,20,0
66,6,20864,22,16.0,0,26,0,128,20,0
59,6,45274,80,17.0,0,19,0,58,20,0
85,1,0,0,0.0,8,26,0,6,20,1
480,6,40363,3306,17.0,0,440,0,128,20,0
1361,17,3112,316,0.0,0,1378,1,8,20,1
1447,17,60756,977,0.0,0,975,0,8,20,1
378,17,38074,53,0.0,0,266,0,128,20,0
74,6,41825,443,18.0,0,34,0,49,20,0
1070,6,25861,8080,2.0,0,1030,0,56,20,0
804,6,59243,8443,16.0,0,764,0,128,20,0
66,6,22422,443,17.0,0,26,0,120,20,0
1500,6,36679,80,0.18,0,1460,0,128,20,0
1327,6,13521,8080,17.0,0,1287,0,58,20,0
1026,6,50817,8443,24.0,0,986,0,52,20,0
74,6,18404,8443,24.0,0,34,0,56,20,0
1038,6,20605,443,16.0,0,998,0,120,20,0
130,6,55555,22,16.0,0,90,0,64,20,0
226,6,51282,443,16.0,0,186,0,117,20,0
267,6,44536,443,16.0,0,227,0,57,20,0
466,17,50003,53,0.0,0,295,0,128,20,0
258,6,5462,22,24.0,0,218,0,128,20,0
398,17,12955,53,0.0,0,77,0,64,20,0
58,6,43463,80,2.0,0,0,0,1,20,1
1145,6,5591,443,24.0,0,1105,0,117,20,0
258,6,39777,22,24.0,0,218,0,128,20,0
114,6,47929,22,16.0,0,74,0,64,20,0
248,6,40559,80,2.0,0,208,0,128,20,0
1081,17,9145,335,0.0,0,1245,1,9,20,1
398,17,35042,53,0.0,0,231,0,128,20,0
289,17,58750,53,0.0,0,176,0,64,20,0
173,6,5123,8000,2.0,0,133,0,58,20,0
1015,6,41890,443,17.0,0,975,0,117,20,0
388,17,28484,53,0.0,0,327,0,128,20,0
79,6,61902,80,2.0,0,39,0,58,20,0
48,6,25817,80,2.0,0,0,0,13,20,1
54,6,57385,443,16.0,0,14,0,57,20,0
94,1,0,0,0.0,8,22,0,5,20,1
955,6,52562,3306,2.0,0,915,0,128,20,0
130,6,60964,22,24.0,0,90,0,64,20,0
944,6,33828,8080,16.0,0,904,0,128,20,0
97,1,0,0,0.0,8,23,0,18,20,1
49,6,27081,61611,2.0,0,0,0,64,20,1
1295,6,44475,80,16.0,0,1255,0,128,20,0
70,1,0,0,0.0,8,5,0,13,20,1
66,6,13697,8443,16.0,0,26,0,115,20,0
66,6,50581,22,16.0,0,26,0,64,20,0
126,6,32457,80,0.18,0,86,0,255,20,0
1488,17,21564,59,0.0,0,1024,1,4,20,1
172,17,31849,5432,24.0,0,132,0,60,20,0
174,6,51635,8080,17.0,0,134,0,128,20,0
74,6,21424,8443,2.0,0,34,0,51,20,0
76,6,57996,8080,0.0,0,36,0,128,20,0
74,6,1811,8443,16.0,0,34,0,118,20,0
343,6,32772,80,17.0,0,303,0,58,20,0
54,6,20891,443,16.0,0,14,0,115,20,0
1097,17,52726,626,0.0,0,1257,0,3,20,1
66,6,37857,8443,17.0,0,26,0,55,20,0
48,1,0,0,0.0,8,7,0,3,20,1
1290,17,44144,916,0.0,0,1313,1,2,20,1
54,6,8218,443,24.0,0,14,0,51,20,0
54,6,53635,443,24.0,0,14,0,64,20,0
745,6,11442,5432,2.0,0,705,0,60,20,0
423,6,21224,22,2.0,0,383,0,60,20,0
973,6,62345,443,16.0,0,933,0,255,20,0
162,6,57281,22,16.0,0,122,0,64,20,0
266,17,20093,53,0.0,0,274,0,128,20,0
114,6,20901,22,16.0,0,74,0,128,20,0
51,6,31142,8000,0.18,0,11,0,64,20,0
66,6,29596,8443,24.0,0,26,0,57,20,0
49,6,49621,26232,2.0,0,0,0,64,20,1
1370,6,20291,8443,24.0,0,1330,0,120,20,0
43,6,11074,80,2.0,0,0,0,8,20,1
66,6,26515,8443,16.0,0,26,0,54,20,0
162,6,61671,22,24.0,0,122,0,64,20,0
234,6,54989,8443,16.0,0,194,0,51,20,0
101,17,59947,53,0.0,0,252,0,128,20,0
422,6,14853,80,17.0,0,382,0,57,20,0
71,17,22465,53,0.0,0,176,0,64,20,0
67,1,0,0,0.0,8,55,0,6,20,1
184,6,7008,22,24.0,0,144,0,128,20,0
798,6,49493,8080,16.0,0,758,0,58,20,0
654,17,54619,80,16.0,0,614,0,128,20,0
41,6,60828,80,2.0,0,0,0,21,20,1
271,6,45135,3306,17.0,0,231,0,128,20,0
1465,17,52096,795,0.0,0,996,1,5,20,1
66,6,17268,443,17.0,0,26,0,118,20,0
53,6,10758,58654,2.0,0,0,0,64,20,1
56,6,55173,34795,2.0,0,0,0,64,20,1
1324,17,28137,443,24.0,0,1284,0,128,20,0
1326,1,35561,443,17.0,0,1286,0,64,20,0
263,17,32126,3306,2.0,0,223,0,56,20,0
258,6,46147,22,24.0,0,218,0,64,20,0
1209,17,34361,758,0.0,0,1444,0,3,20,1
66,6,46180,443,16.0,0,26,0,58,20,0
74,6,7046,8443,24.0,0,34,0,56,20,0
175,6,6674,8443,24.0,0,135,0,119,20,0
684,6,7176,80,2.0,0,644,0,57,20,0
356,17,33471,53,0.0,0,91,0,64,20,0
447,6,64009,53,0.0,0,407,0,255,20,0
1439,6,43248,443,2.0,0,1399,0,55,20,0
114,6,46404,22,16.0,0,74,0,128,20,0
57,1,0,0,0.0,8,14,0,5,20,1
261,6,57487,443,24.0,0,221,0,58,20,0
66,6,9470,443,16.0,0,26,0,51,20,0
1112,6,31432,80,16.0,0,1072,0,255,20,0
54,6,1869,8443,16.0,0,14,0,60,20,0
43,6,25350,80,2.0,0,0,0,14,20,1
54,6,59121,8443,17.0,0,14,0,118,20,0
128,6,25160,8080,2.0,0,88,0,64,20,0
161,6,52182,8000,0.18,0,121,0,57,20,0
43,6,62232,2201,2.0,0,0,0,64,20,1
103,6,24913,8443,17.0,0,63,0,115,20,0
74,6,43316,8443,2.0,0,34,0,51,20,0
1511,6,44055,443,17.0,0,1460,0,255,20,0
54,6,40014,8443,16.0,0,14,0,118,20,0
44,6,54264,59694,2.0,0,0,0,64,20,1
87,1,0,0,0.0,8,38,0,3,20,1
1078,17,50458,301,0.0,0,1112,1,7,20,1
42,6,7511,42363,2.0,0,0,0,64,20,1
315,17,6683,53,0.0,0,445,0,128,20,0
268,6,52161,443,24.0,0,228,0,115,20,0
74,6,63085,8443,2.0,0,34,0,54,20,0
231,6,33503,8443,2.0,0,191,0,52,20,0
72,1,0,0,0.0,8,28,0,13,20,1
1170,1,40059,8080,16.0,0,1130,0,56,20,0
73,6,1363,8000,17.0,0,33,0,57,20,0
44,6,3666,13993,2.0,0,0,0,64,20,1
194,6,39737,80,17.0,0,154,0,57,20,0
91,6,30323,443,24.0,0,51,0,115,20,0
416,17,43988,53,0.0,0,358,0,64,20,0
279,17,28762,53,0.0,0,82,0,128,20,0
1001,6,48644,80,24.0,0,961,0,255,20,0
258,6,56995,22,24.0,0,218,0,64,20,0
62,6,59139,8000,0.18,0,22,0,128,20,0
54,6,64236,443,2.0,0,14,0,120,20,0
1484,6,11658,443,16.0,0,1444,0,64,20,0
1373,6,24207,443,16.0,0,1333,0,60,20,0
267,6,64692,8443,24.0,0,227,0,60,20,0
185,6,25114,80,2.0,0,145,0,56,20,0
1237,6,32167,22,2.0,0,1197,0,64,20,0
54,6,6579,8443,16.0,0,14,0,56,20,0
90,6,48108,22,24.0,0,50,0,128,20,0
122,6,31521,8000,16.0,0,82,0,64,20,0
228,17,20798,53,0.0,0,260,0,128,20,0
66,6,25870,8443,24.0,0,26,0,120,20,0
66,6,43856,8443,16.0,0,26,0,52,20,0
401,6,15366,8000,16.0,0,361,0,255,20,0
116,17,24872,53,0.0,0,336,0,128,20,0
46,6,25432,80,2.0,0,0,0,28,20,1
130,6,34933,22,24.0,0,90,0,128,20,0
1311,6,42090,8080,2.0,0,1271,0,56,20,0
124,6,33261,8000,2.0,0,84,0,56,20,0
49,6,17801,80,2.0,0,0,0,1,20,1
54,6,14593,443,16.0,0,14,0,55,20,0
55,6,24644,27626,2.0,0,0,0,64,20,1
527,6,35896,8080,24.0,0,487,0,255,20,0
218,6,57908,8080,16.0,0,178,0,56,20,0
94,1,0,0,0.0,8,6,0,9,20,1
1021,17,65531,581,0.0,0,1134,0,6,20,1
285,6,59646,8443,16.0,0,245,0,55,20,0
74,6,34338,8443,16.0,0,34,0,49,20,0
90,6,54646,22,24.0,0,50,0,128,20,0
150,17,47507,53,0.0,0,177,0,64,20,0
245,17,32668,53,0.0,0,77,0,64,20,0
74,6,3857,443,16.0,0,34,0,64,20,0
54,6,31310,8443,24.0,0,14,0,56,20,0
169,17,31904,53,0.0,0,174,0,64,20,0
90,6,63447,22,16.0,0,50,0,64,20,0
536,6,49715,443,0.0,0,496,0,128,20,0
529,6,8574,8080,16.0,0,489,0,128,20,0
788,6,63493,22,0.0,0,748,0,56,20,0
1487,6,12593,8443,17.0,0,1447,0,58,20,0
44,6,59134,53,0.0,0,4,0,60,20,0
66,6,9423,443,18.0,0,26,0,117,20,0
95,1,0,0,0.0,8,9,0,19,20,1
90,6,8613,22,24.0,0,50,0,64,20,0
226,6,4582,8443,16.0,0,186,0,117,20,0
45,6,32985,80,2.0,0,0,0,18,20,1
66,6,33914,443,16.0,0,26,0,52,20,0
411,17,61639,53,0.0,0,445,0,64,20,0
1250,6,21337,22,24.0,0,1210,0,255,20,0
74,6,61454,443,16.0,0,34,0,54,20,0
184,6,39204,8080,16.0,0,144,0,128,20,0
130,6,42328,22,16.0,0,90,0,64,20,0
58,6,49450,80,2.0,0,0,0,24,20,1
66,6,20115,8443,16.0,0,26,0,55,20,0
175,17,2499,53,0.0,0,308,0,64,20,0
46,6,21669,8080,2.0,0,6,0,57,20,0
494,6,46760,8080,17.0,0,454,0,64,20,0
729,6,4110,80,17.0,0,689,0,255,20,0
1123,17,42035,443,24.0,0,1083,0,64,20,0
1259,6,14086,22,0.0,0,1219,0,128,20,0
51,6,4563,509,2.0,0,0,0,64,20,1
912,6,6517,8080,0.18,0,872,0,128,20,0
504,17,18085,53,0.0,0,319,0,64,20,0
59,6,42343,80,2.0,0,0,0,26,20,1
163,6,33952,53,24.0,0,123,0,64,20,0
992,6,4645,8080,2.0,0,952,0,128,20,0
74,6,15366,443,16.0,0,34,0,51,20,0
1325,6,60644,8443,16.0,0,1285,0,115,20,0
84,1,0,0,0.0,8,46,0,5,20,1
378,6,4510,8080,2.0,0,338,0,60,20,0
175,17,59734,53,0.0,0,439,0,64,20,0
90,6,65338,22,16.0,0,50,0,128,20,0
42,6,14240,59058,2.0,0,0,0,64,20,1
198,6,43875,8080,0.18,0,158,0,128,20,0
421,6,19754,5432,0.0,0,381,1,60,20,0
752,6,63707,22,17.0,0,712,0,56,20,0
964,6,63024,8443,16.0,0,924,0,119,20,0
298,6,52591,8443,16.0,0,258,0,55,20,0
1230,6,64991,53,16.0,0,1190,0,56,20,0
114,6,13390,22,16.0,0,74,0,128,20,0
54,6,59526,443,18.0,0,14,0,128,20,0
162,6,62286,22,16.0,0,122,0,64,20,0
1240,6,50314,8443,16.0,0,1200,0,49,20,0
1044,6,14478,53,16.0,0,1004,0,60,20,0
594,6,17185,8080,24.0,0,554,0,60,20,0
763,6,22209,3306,0.0,0,723,0,60,20,0
74,6,55894,443,16.0,0,34,0,55,20,0
688,17,51295,3306,24.0,0,648,0,255,20,0
162,6,24056,8080,17.0,0,122,0,128,20,0
305,17,18285,53,0.0,0,70,0,128,20,0
1379,6,40128,3306,16.0,0,1339,0,255,20,0
502,6,45951,80,17.0,0,462,0,64,20,0
162,6,56841,22,16.0,0,122,0,128,20,0
74,6,62644,8443,24.0,0,34,0,49,20,0
123,6,18945,8000,16.0,0,83,0,57,20,0
82,6,45255,8443,16.0,0,42,0,49,20,0
1445,6,53231,443,24.0,0,1405,0,52,20,0
104,6,27957,8080,17.0,0,64,0,128,20,0
144,6,14033,443,2.0,0,104,0,58,20,0
48,6,2519,38541,2.0,0,0,0,64,20,1
96,1,0,0,0.0,8,3,0,4,20,1
974,6,52757,443,2.0,0,934,0,60,20,0
74,6,22697,8443,16.0,0,34,0,49,20,0
47,6,20146,8000,2.0,0,7,0,56,20,0
54,6,2310,80,2.0,0,0,0,15,20,1
84,1,0,0,0.0,8,3,0,12,20,1
485,17,1026,53,0.0,0,82,0,128,20,0
1327,6,11481,80,16.0,0,1287,0,56,20,0
1190,6,61765,443,16.0,0,1150,0,58,20,0
438,6,41818,80,16.0,0,398,0,128,20,0
54,6,56606,8443,16.0,0,14,0,120,20,0
41,6,29963,80,2.0,0,0,0,7,20,1
74,6,62882,8443,16.0,0,34,0,119,20,0
194,6,55509,8080,17.0,0,154,0,58,20,0
57,6,61569,12627,2.0,0,0,0,64,20,1
248,17,37872,53,0.0,0,215,0,128,20,0
66,6,5165,8443,16.0,0,26,0,51,20,0
383,17,51999,53,0.0,0,376,0,64,20,0
90,6,63136,22,16.0,0,50,0,64,20,0
52,6,7727,48531,2.0,0,0,0,64,20,1
1027,17,27764,948,0.0,0,1222,0,7,20,1
184,6,15780,22,16.0,0,144,0,64,20,0
258,6,30864,22,16.0,0,218,0,64,20,0
162,6,57184,22,24.0,0,122,0,64,20,0
65,1,0,0,0.0,8,27,0,3,20,1
142,6,36942,8443,16.0,0,102,0,120,20,0
54,6,29859,8443,16.0,0,14,0,55,20,0
90,6,36854,22,16.0,0,50,0,64,20,0
130,6,23719,22,24.0,0,90,0,128,20,0
61,6,52556,8000,0.18,0,21,0,56,20,0
131,17,35560,53,0.0,0,468,0,64,20,0
1030,6,31516,8443,2.0,0,990,0,128,20,0
162,6,39784,22,16.0,0,122,0,128,20,0
789,17,36132,443,17.0,0,749,0,60,20,0
336,17,8874,53,0.0,0,94,0,64,20,0
756,17,35997,80,16.0,0,716,0,64,20,0
141,6,50426,443,24.0,0,101,0,118,20,0
720,6,27363,8080,2.0,0,680,0,57,20,0
68,17,50473,53,0.0,0,412,0,128,20,0
100,6,48428,8080,2.0,0,60,0,56,20,0
129,6,24382,8080,17.0,0,89,0,128,20,0
200,6,28049,443,2.0,0,160,0,58,20,0
40,1,0,0,0.0,8,21,0,5,20,1
66,6,17669,8443,24.0,0,26,0,128,20,0
1438,6,56849,8443,17.0,0,1398,0,57,20,0
145,6,52136,8080,2.0,0,105,0,255,20,0
850,6,26879,443,18.0,0,810,0,115,20,0
1465,6,64769,443,16.0,0,1425,0,117,20,0
74,6,39128,443,16.0,0,34,0,115,20,0
81,1,0,0,0.0,8,28,0,10,20,1
744,17,9088,80,2.0,0,704,0,128,20,0
74,6,25350,8443,16.0,0,34,0,55,20,0
1508,6,61670,8443,16.0,0,1460,0,58,20,0
66,6,24614,8443,24.0,0,26,0,58,20,0
500,6,36961,80,16.0,0,460,0,128,20,0
544,17,60588,443,24.0,0,504,0,255,20,0
80,17,3797,53,0.0,0,35,0,64,20,0
53,6,35466,28329,2.0,0,0,0,64,20,1
400,6,58587,8000,2.0,0,360,0,255,20,0
306,17,23087,53,0.0,0,201,0,64,20,0
97,6,52072,8080,16.0,0,57,0,255,20,0
162,6,43725,22,16.0,0,122,0,64,20,0
948,6,1971,3306,17.0,0,908,0,56,20,0
37,1,0,0,0.0,8,20,0,2,20,1
1300,6,33271,8443,2.0,0,1260,0,58,20,0
367,6,24774,80,0.18,0,327,0,58,20,0
66,6,9036,443,16.0,0,26,0,60,20,0
169,17,56244,5432,17.0,0,129,0,56,20,0
97,6,16130,8080,0.18,0,57,0,64,20,0
173,17,40867,53,0.0,0,135,0,128,20,0
54,6,4344,8443,16.0,0,14,0,49,20,0
289,6,29004,22,16.0,0,249,0,255,20,0
1440,6,63113,8443,17.0,0,1400,0,115,20,0
45,6,19891,5432,24.0,0,5,0,64,20,0
162,6,16327,22,16.0,0,122,0,64,20,0
1099,6,62607,443,16.0,0,1059,0,120,20,0
1053,6,27303,80,0.0,0,1013,0,255,20,0
740,6,16407,80,17.0,0,700,0,64,20,0
184,6,29818,22,24.0,0,144,0,128,20,0
762,6,19918,80,0.0,0,722,0,60,20,0
67,1,0,0,0.0,8,31,0,14,20,1
74,6,20246,443,16.0,0,34,0,118,20,0
90,6,19498,22,24.0,0,50,0,128,20,0
750,6,38673,80,16.0,0,710,0,60,20,0
1058,6,4772,8443,16.0,0,1018,0,119,20,0
66,6,42227,8443,16.0,0,26,0,115,20,0
96,17,29450,53,0.0,0,60,0,128,20,0
408,6,13047,443,24.0,0,368,0,255,20,0
1072,17,27002,296,0.0,0,1115,1,1,20,1
58,6,42786,40542,2.0,0,0,0,64,20,1
158,6,17328,53,16.0,0,118,0,64,20,0
58,6,7711,80,2.0,0,0,0,8,20,1
439,6,51673,8000,2.0,0,399,0,64,20,0
115,6,57422,443,16.0,0,75,0,120,20,0
753,1,50140,80,16.0,0,713,0,64,20,0
54,6,26397,443,16.0,0,14,0,128,20,0
57,6,4817,47630,2.0,0,0,0,64,20,1
398,17,24062,53,0.0,0,225,0,128,20,0
253,6,4705,443,17.0,0,213,0,117,20,0
1397,6,19461,443,24.0,0,1357,0,52,20,0
99,6,43770,80,16.0,0,59,0,58,20,0
66,6,25869,8443,16.0,0,26,0,57,20,0
1038,6,45572,8443,16.0,0,998,0,58,20,0
74,6,42857,8443,18.0,0,34,0,58,20,0
1287,17,35199,443,17.0,0,1247,0,128,20,0
48,1,0,0,0.0,8,1,0,19,20,1
165,6,59511,443,16.0,0,125,0,51,20,0
130,6,26895,22,16.0,0,90,0,128,20,0
296,17,25116,53,0.0,0,63,0,128,20,0
1463,17,54213,378,0.0,0,1309,1,2,20,1
351,17,1339,53,0.0,0,354,0,64,20,0
417,17,22346,53,0.0,0,230,0,128,20,0
624,6,50175,53,0.0,0,584,0,56,20,0
562,6,16335,443,0.0,0,522,0,64,20,0
54,6,2325,443,2.0,0,14,0,57,20,0
197,6,54266,8000,2.0,0,157,0,58,20,0
766,6,4657,22,17.0,0,726,0,128,20,0
66,6,12855,443,17.0,0,26,0,52,20,0
1364,6,8513,8443,16.0,0,1324,0,119,20,0
1425,6,6272,80,17.0,0,1385,0,58,20,0
138,6,6228,443,2.0,0,98,0,120,20,0
152,6,19714,443,16.0,0,112,0,60,20,0
1048,6,54980,8080,2.0,0,1008,0,255,20,0
66,6,42887,443,16.0,0,26,0,49,20,0
264,6,40853,8080,24.0,0,224,0,60,20,0
74,6,50573,443,16.0,0,34,0,56,20,0
54,6,40345,443,24.0,0,14,0,64,20,0
199,6,39268,8443,17.0,0,159,0,115,20,0
616,6,32625,5432,16.0,0,576,0,60,20,0
130,6,60711,22,24.0,0,90,0,128,20,0
712,6,53763,22,2.0,0,672,0,56,20,0
767,6,16937,8080,0.18,0,727,0,57,20,0
331,6,12097,8080,16.0,0,291,0,64,20,0
1273,6,14365,8080,2.0,0,1233,0,128,20,0
114,6,29257,22,16.0,0,74,0,128,20,0
1412,6,4831,80,0.18,0,1372,0,255,20,0
66,6,45662,22,24.0,0,26,0,128,20,0
66,6,40463,8443,16.0,0,26,0,128,20,0
1314,17,37661,443,0.0,0,1274,0,64,20,0
955,6,2364,8000,0.18,0,915,0,58,20,0
258,6,44275,22,24.0,0,218,0,128,20,0
66,6,10021,8443,16.0,0,26,0,52,20,0
1124,6,6260,22,2.0,0,1084,0,255,20,0
89,6,14011,80,0.18,0,49,0,56,20,0
534,6,52022,443,2.0,0,494,0,64,20,0
66,6,47743,443,16.0,0,26,0,55,20,0
168,6,56589,8443,16.0,0,128,0,119,20,0
184,6,36982,8000,16.0,0,144,0,56,20,0
1187,6,32097,3306,17.0,0,1147,0,56,20,0
74,6,30375,443,24.0,0,34,0,118,20,0
74,6,54809,443,16.0,0,34,0,119,20,0
1119,6,29357,443,24.0,0,1079,0,120,20,0
1171,6,29248,443,24.0,0,1131,0,56,20,0
66,6,46278,8443,16.0,0,26,0,52,20,0
154,6,39358,8000,0.18,0,114,0,255,20,0
355,6,30676,8080,0.18,0,315,0,56,20,0
1416,6,62489,80,16.0,0,1376,0,57,20,0
95,17,44301,53,0.0,0,204,0,64,20,0
66,6,49274,22,24.0,0,26,0,64,20,0
363,17,60670,53,16.0,0,323,0,255,20,0
185,17,32276,53,0.0,0,299,0,64,20,0
1495,6,14127,53,24.0,0,1455,0,56,20,0
400,6,46920,22,0.0,0,360,0,60,20,0
329,6,47054,443,0.0,0,289,0,128,20,0
1217,17,32501,443,2.0,0,1177,0,64,20,0
128,6,3208,80,16.0,0,88,0,56,20,0
817,6,48577,8443,16.0,0,777,0,56,20,0
54,6,10730,8443,16.0,0,14,0,128,20,0
1200,6,58067,8443,18.0,0,1160,0,64,20,0
155,6,19170,80,17.0,0,115,0,56,20,0
320,6,54656,443,17.0,0,280,0,60,20,0
114,6,30461,22,16.0,0,74,0,128,20,0
289,6,24123,443,17.0,0,249,0,55,20,0
90,6,45621,22,24.0,0,50,0,64,20,0
1422,6,6748,443,16.0,0,1382,0,58,20,0
157,6,5358,8000,17.0,0,117,0,128,20,0
133,6,34228,443,16.0,0,93,0,128,20,0
41,1,0,0,0.0,8,37,0,11,20,1
430,17,63044,53,0.0,0,399,0,128,20,0
278,17,6431,53,17.0,0,238,0,60,20,0
1177,6,6673,3306,0.0,0,1137,0,56,20,0
52,6,6160,80,2.0,0,0,0,29,20,1
258,6,47577,22,16.0,0,218,0,128,20,0
372,6,42615,8080,17.0,0,332,0,255,20,0
759,6,35086,8000,0.18,0,719,0,255,20,0
41,6,26227,1049,2.0,0,0,0,64,20,1
538,6,38462,53,16.0,0,498,0,56,20,0
259,6,38225,443,16.0,0,219,0,56,20,0
438,6,11743,8000,16.0,0,398,0,57,20,0
226,6,22696,443,18.0,0,186,0,64,20,0
55,6,46634,12505,2.0,0,0,0,64,20,1
130,6,52419,22,24.0,0,90,0,64,20,0
131,6,52591,443,24.0,0,91,0,118,20,0
1381,6,12015,8080,17.0,0,1341,0,64,20,0
66,6,22600,443,2.0,0,26,0,51,20,0
130,6,63075,22,24.0,0,90,0,64,20,0
74,6,65204,443,16.0,0,34,0,51,20,0
1368,17,13978,884,0.0,0,1348,1,3,20,1
1241,17,21226,886,0.0,0,1276,0,3,20,1
54,6,52506,443,16.0,0,14,0,54,20,0
54,6,64117,80,2.0,0,0,0,16,20,1
66,6,39357,8443,16.0,0,26,0,54,20,0
66,6,63746,22,24.0,0,26,0,64,20,0
421,6,64365,443,2.0,0,381,0,64,20,0
985,6,2998,22,24.0,0,945,0,60,20,0
54,6,24404,8443,16.0,0,14,0,128,20,0
56,6,38369,38311,2.0,0,0,0,64,20,1
406,6,37461,8080,24.0,0,366,0,255,20,0
54,6,50792,443,16.0,0,14,0,54,20,0
66,6,50628,8443,16.0,0,26,0,118,20,0
44,1,0,0,0.0,8,37,0,17,20,1
1239,6,32713,8080,16.0,0,1199,0,255,20,0
846,6,16929,8443,18.0,0,806,0,120,20,0
184,6,51796,22,16.0,0,144,0,128,20,0
896,6,39761,8443,16.0,0,856,0,117,20,0
1141,6,36034,53,2.0,0,1101,0,128,20,0
660,6,56409,8080,0.18,0,620,0,57,20,0
54,6,46445,443,24.0,0,14,0,64,20,0
52,6,5122,46111,2.0,0,0,0,64,20,1
66,6,65172,443,18.0,0,26,0,119,20,0
325,6,49384,22,2.0,0,285,0,255,20,0
337,17,25027,53,0.0,0,112,0,64,20,0
295,6,50265,443,16.0,0,255,0,51,20,0
42,6,3542,19227,2.0,0,0,0,64,20,1
1020,6,51903,8080,0.0,0,980,0,255,20,0
1116,17,41734,80,2.0,0,1076,0,64,20,0
1016,6,2561,443,16.0,0,976,0,120,20,0
254,6,34458,8443,2.0,0,214,0,51,20,0
113,17,55706,53,0.0,0,145,0,64,20,0
83,6,1554,8080,17.0,0,43,0,128,20,0
66,6,65101,8443,24.0,0,26,0,52,20,0
969,6,10623,8443,17.0,0,929,0,115,20,0
185,6,35754,22,17.0,0,145,0,64,20,0
1235,17,4773,781,0.0,0,1174,1,1,20,1
155,17,23231,53,0.0,0,468,0,64,20,0
47,1,0,0,0.0,8,48,0,17,20,1
175,17,52299,53,0.0,0,79,0,64,20,0
84,6,40608,80,2.0,0,44,0,56,20,0
1344,17,31770,2,0.0,0,1040,1,2,20,1
203,6,36137,8443,16.0,0,163,0,58,20,0
130,6,47947,22,16.0,0,90,0,64,20,0
1433,6,7784,5432,16.0,0,1393,0,255,20,0
1512,17,15449,443,16.0,0,1460,0,255,20,0
403,17,60360,53,0.0,0,204,0,128,20,0
73,1,0,0,0.0,8,21,0,9,20,1
560,17,26133,443,2.0,0,520,0,56,20,0
66,6,9717,443,16.0,0,26,0,54,20,0
122,6,48098,80,17.0,0,82,0,64,20,0
310,6,26215,80,17.0,0,270,0,128,20,0
66,6,25928,443,18.0,0,26,0,120,20,0
553,6,45297,5432,24.0,0,513,0,60,20,0
54,6,14723,443,24.0,0,14,0,115,20,0
114,6,17027,22,16.0,0,74,0,64,20,0
985,6,45878,8080,17.0,0,945,0,255,20,0
114,6,52130,22,16.0,0,74,0,128,20,0
49,6,25795,80,2.0,0,0,0,17,20,1
90,6,36011,22,24.0,0,50,0,64,20,0
241,17,10217,53,0.0,0,37,0,64,20,0
66,6,41887,443,16.0,0,26,0,49,20,0
212,6,47364,8000,16.0,0,172,0,255,20,0
191,6,62572,443,2.0,0,151,0,56,20,0
1379,17,12270,5432,16.0,0,1339,0,64,20,0
140,6,14107,8080,17.0,0,100,0,56,20,0
1273,6,31744,443,24.0,0,1233,0,49,20,0
66,6,55532,8443,16.0,0,26,0,118,20,0
66,6,7749,22,24.0,0,26,0,64,20,0
1308,17,26030,3306,0.0,0,1268,0,64,20,0
681,6,33219,3306,17.0,0,641,0,128,20,0
66,6,24634,8443,18.0,0,26,0,51,20,0
1087,17,46541,3306,24.0,0,1047,0,128,20,0
230,6,63912,443,16.0,0,190,0,56,20,0
62,17,36326,53,0.0,0,303,0,64,20,0
1493,17,63173,443,2.0,0,1453,0,255,20,0
97,6,44575,8080,0.0,0,57,0,128,20,0
147,17,57333,53,0.0,0,82,0,128,20,0
1153,6,3558,8000,16.0,0,1113,0,64,20,0
74,6,9826,8443,2.0,0,34,0,56,20,0
257,6,65041,443,24.0,0,217,0,120,20,0
975,17,6380,443,0.0,0,935,0,60,20,0
626,6,39572,3306,17.0,0,586,0,255,20,0
33,1,0,0,0.0,8,2,0,8,20,1
1373,6,55275,8080,0.0,0,1333,0,60,20,0
975,6,39481,53,2.0,0,935,0,64,20,0
54,6,59923,443,16.0,0,14,0,115,20,0
53,1,0,0,0.0,8,42,0,3,20,1
138,6,29219,53,16.0,0,98,0,56,20,0
959,6,31529,8080,24.0,0,919,0,255,20,0
174,17,52009,53,0.0,0,134,0,64,20,0
74,6,44905,8443,16.0,0,34,0,128,20,0
738,6,28930,8080,17.0,0,698,0,64,20,0
54,6,55463,8443,24.0,0,14,0,115,20,0
28,1,0,0,0.0,8,2,0,15,20,1
74,6,52311,8443,2.0,0,34,0,52,20,0
76,17,57374,53,0.0,0,435,0,64,20,0
258,17,23674,53,0.0,0,398,0,64,20,0
40,6,50035,80,2.0,0,0,0,1,20,1
184,6,54978,22,16.0,0,144,0,128,20,0
1423,6,49995,53,2.0,0,1383,0,128,20,0
150,6,39720,8080,0.18,0,110,0,56,20,0
334,17,47912,53,0.0,0,461,0,128,20,0
1380,6,61344,22,2.0,0,1340,0,64,20,0
936,6,48712,443,24.0,0,896,0,255,20,0
1241,17,62113,8080,0.0,0,1201,0,128,20,0
74,6,49625,443,16.0,0,34,0,60,20,0
258,6,4765,22,24.0,0,218,0,64,20,0
184,6,32879,22,24.0,0,144,0,64,20,0
73,6,48737,80,24.0,0,33,0,56,20,0
442,17,42873,53,0.0,0,346,0,64,20,0
1443,6,38356,53,16.0,0,1403,0,56,20,0
66,6,20957,443,17.0,0,26,0,128,20,0
469,17,15210,53,0.0,0,112,0,64,20,0
104,6,55809,8080,16.0,0,64,0,64,20,0
66,6,50901,443,24.0,0,26,0,60,20,0
184,6,2686,22,24.0,0,144,0,128,20,0
206,17,57927,53,0.0,0,379,0,128,20,0
54,6,6646,8443,2.0,0,14,0,60,20,0
54,6,45602,443,16.0,0,14,0,60,20,0
99,1,0,0,0.0,8,3,0,19,20,1
35,1,0,0,0.0,8,15,0,15,20,1
1153,17,43797,22,0.0,0,1113,0,128,20,0
1120,17,45048,63,0.0,0,1194,1,8,20,1
1330,6,51552,80,16.0,0,1290,0,255,20,0
130,6,23353,22,24.0,0,90,0,128,20,0
66,6,23224,443,16.0,0,26,0,118,20,0
1392,17,21420,167,0.0,0,1247,0,1,20,1
286,17,33633,53,0.0,0,264,0,64,20,0
63,1,0,0,0.0,8,5,0,13,20,1
66,6,51115,22,24.0,0,26,0,128,20,0
1273,6,47529,443,16.0,0,1233,0,55,20,0
130,6,28625,22,16.0,0,90,0,64,20,0
93,1,0,0,0.0,8,36,0,10,20,1
208,6,36704,80,17.0,0,168,0,255,20,0
280,17,42310,53,0.0,0,457,0,128,20,0
273,6,58412,443,16.0,0,233,0,60,20,0
54,6,10340,443,16.0,0,14,0,52,20,0
66,6,16605,443,18.0,0,26,0,51,20,0
1183,6,53902,8080,17.0,0,1143,0,57,20,0
285,6,42506,8000,17.0,0,245,0,255,20,0
128,6,30686,80,17.0,0,88,0,64,20,0
210,17,4436,53,0.0,0,38,0,128,20,0
1173,6,13474,443,16.0,0,1133,0,51,20,0
545,6,4433,22,16.0,0,505,0,128,20,0
225,6,15897,8443,24.0,0,185,0,52,20,0
162,6,5822,22,16.0,0,122,0,64,20,0
46,6,62539,80,2.0,0,0,0,22,20,1
1322,17,35334,693,0.0,0,1106,1,3,20,1
184,6,29351,22,16.0,0,144,0,64,20,0
66,6,10796,443,16.0,0,26,0,118,20,0
66,6,21374,8443,16.0,0,26,0,118,20,0
133,6,4993,443,16.0,0,93,0,115,20,0
1192,6,2717,22,0.0,0,1152,0,64,20,0
393,6,12948,80,17.0,0,353,0,58,20,0
66,6,45456,443,16.0,0,26,0,120,20,0
1309,17,17301,838,0.0,0,973,1,8,20,1
980,6,33501,5432,2.0,0,940,0,64,20,0
194,6,8474,8080,17.0,0,154,0,255,20,0
54,6,42280,8443,17.0,0,14,0,120,20,0
47,6,64743,8000,2.0,0,7,0,58,20,0
66,6,14868,443,16.0,0,26,0,60,20,0
49,6,60424,80,2.0,0,0,0,22,20,1
471,17,50186,53,0.0,0,243,0,128,20,0
1096,6,12412,443,16.0,0,1056,0,255,20,0
68,6,9715,3306,24.0,0,28,0,255,20,0
595,6,12276,80,17.0,0,555,0,128,20,0
38,1,0,0,0.0,8,31,0,12,20,1
171,6,40904,8080,24.0,0,131,0,255,20,0
136,17,16587,53,0.0,0,292,0,128,20,0
288,17,48407,53,0.0,0,401,0,64,20,0
407,6,6284,443,2.0,0,367,0,60,20,0
987,6,30600,22,2.0,0,947,0,128,20,0
66,6,21722,443,16.0,0,26,0,119,20,0
1356,6,5038,22,0.0,0,1316,0,255,20,0
74,6,22821,443,24.0,0,34,0,57,20,0
249,6,6597,8443,2.0,0,209,0,52,20,0
121,17,65110,53,0.0,0,276,0,128,20,0
407,17,11233,53,0.0,0,189,0,64,20,0
142,17,23638,53,0.0,0,324,0,128,20,0
54,6,50488,8443,24.0,0,14,0,49,20,0
34,1,0,0,0.0,8,39,0,19,20,1
1050,17,6633,596,0.0,0,1377,1,2,20,1
698,6,58795,8080,0.18,0,658,0,128,20,0
45,1,0,0,0.0,8,40,0,9,20,1
130,6,5644,22,16.0,0,90,0,128,20,0
258,6,46399,22,16.0,0,218,0,64,20,0
129,17,40084,22,24.0,0,89,0,128,20,0
475,17,36588,53,0.0,0,96,0,64,20,0
52,6,33543,80,2.0,0,0,0,7,20,1
1404,6,32784,22,24.0,0,1364,0,56,20,0
852,6,7852,8443,16.0,0,812,0,119,20,0
108,6,20967,8080,17.0,0,68,0,255,20,0
74,6,17650,8443,2.0,0,34,0,51,20,0
1302,6,15823,8443,17.0,0,1262,0,51,20,0
66,6,48052,8443,24.0,0,26,0,56,20,0
65,17,40447,22,0.0,0,25,0,64,20,0
130,6,13252,22,24.0,0,90,0,64,20,0
148,6,4063,5432,16.0,0,108,0,64,20,0
662,17,23643,22,16.0,0,622,0,255,20,0
1012,17,35717,541,0.0,0,1156,0,6,20,1
287,6,47838,3306,17.0,0,247,0,255,20,0
258,6,59218,22,24.0,0,218,0,128,20,0
470,17,47385,53,0.0,0,399,0,128,20,0
42,6,61616,26716,2.0,0,0,0,64,20,1
113,17,50132,53,0.0,0,119,0,128,20,0
248,17,43023,53,0.0,0,459,0,64,20,0
411,17,28750,53,0.0,0,431,0,64,20,0
114,6,48010,22,16.0,0,74,0,64,20,0
240,6,37429,443,16.0,0,200,0,57,20,0
60,17,8161,53,0.0,0,295,0,128,20,0
894,6,20870,443,2.0,0,854,0,52,20,0
42,6,56668,80,2.0,0,0,0,17,20,1
48,6,51146,80,2.0,0,0,0,17,20,1
42,6,6277,80,2.0,0,0,0,9,20,1
54,6,16067,8443,16.0,0,14,0,54,20,0
132,17,5652,53,0.0,0,401,0,64,20,0
74,6,16731,8080,17.0,0,34,0,58,20,0
438,6,32114,80,2.0,0,398,0,255,20,0
162,6,55243,22,16.0,0,122,0,128,20,0
1162,6,37226,22,16.0,0,1122,0,64,20,0
117,6,25548,8080,17.0,0,77,0,58,20,0
1310,1,8745,443,0.0,0,1270,0,60,20,0
1220,6,63674,80,17.0,0,1180,0,58,20,0
54,6,26625,8443,24.0,0,14,0,119,20,0
74,6,20146,8443,2.0,0,34,0,55,20,0
874,6,11320,8080,17.0,0,834,0,64,20,0
101,6,29501,443,16.0,0,61,0,56,20,0
198,17,55022,53,0.0,0,138,0,64,20,0
1088,6,28410,8443,16.0,0,1048,0,115,20,0
81,17,37819,53,0.0,0,134,0,64,20,0
164,6,38495,8080,16.0,0,124,0,128,20,0
54,6,39823,8443,16.0,0,14,0,117,20,0
95,17,26071,5432,2.0,0,55,0,128,20,0
90,6,62360,22,24.0,0,50,0,64,20,0
54,6,16162,443,24.0,0,14,0,120,20,0
153,6,51830,80,2.0,0,113,0,57,20,0
114,6,49508,8080,17.0,0,74,0,56,20,0
1344,6,36094,8000,17.0,0,1304,0,64,20,0
73,1,0,0,0.0,8,33,0,6,20,1
162,6,11821,22,24.0,0,122,0,128,20,0
85,6,38360,8000,16.0,0,45,0,57,20,0
1184,17,17671,280,0.0,0,1010,0,6,20,1
74,6,28488,8443,2.0,0,34,0,120,20,0
947,6,13241,3306,24.0,0,907,0,128,20,0
1491,17,58146,960,0.0,0,983,1,3,20,1
1317,6,21701,443,0.0,0,1277,0,255,20,0
149,17,21402,53,0.0,0,340,0,64,20,0
250,6,16651,5432,0.0,0,210,0,64,20,0
393,17,44187,53,0.0,0,457,0,128,20,0
114,6,31152,22,24.0,0,74,0,128,20,0
359,17,1537,53,0.0,0,225,0,128,20,0
190,17,52169,443,2.0,0,150,0,56,20,0
46,6,42474,38558,2.0,0,0,0,64,20,1
474,17,36560,53,0.0,0,226,0,64,20,0
372,6,1807,3306,24.0,0,332,0,64,20,0
123,6,32282,8080,16.0,0,83,0,255,20,0
1489,17,12346,22,2.0,0,1449,0,255,20,0
70,6,39791,8080,17.0,0,30,0,57,20,0
58,6,18922,80,2.0,0,0,0,7,20,1
254,17,49128,53,0.0,0,294,0,64,20,0
66,6,2097,8443,16.0,0,26,0,52,20,0
1443,6,42818,53,0.0,0,1403,0,255,20,0
240,6,13340,443,16.0,0,200,0,64,20,0
918,6,58913,443,16.0,0,878,0,51,20,0
41,6,42996,80,2.0,0,1,0,57,20,0
189,17,56651,53,0.0,0,400,0,128,20,0
782,17,45530,53,24.0,0,742,0,56,20,0
158,6,62115,80,17.0,0,118,0,64,20,0
114,6,46197,22,16.0,0,74,0,64,20,0
805,6,47358,22,17.0,0,765,0,60,20,0
130,6,48921,22,24.0,0,90,0,128,20,0
162,6,50340,22,24.0,0,122,0,64,20,0
74,6,35481,8443,16.0,0,34,0,55,20,0
671,6,38446,80,16.0,0,631,0,56,20,0
183,6,4268,80,16.0,0,143,0,56,20,0
58,6,17173,80,2.0,0,0,0,12,20,1
66,6,14969,8443,16.0,0,26,0,51,20,0
512,6,29060,53,16.0,0,472,0,56,20,0
1212,17,53746,356,0.0,0,1365,1,2,20,1
162,6,55400,22,24.0,0,122,0,128,20,0
66,6,51965,8443,18.0,0,26,0,54,20,0
1115,6,16160,3306,0.0,0,1075,0,255,20,0
102,17,59545,53,0.0,0,24,0,64,20,0
74,6,2235,8443,16.0,0,34,0,120,20,0
1211,6,10500,53,0.0,0,1171,0,56,20,0
1357,6,1811,3306,2.0,0,1317,0,255,20,0
86,1,0,0,0.0,8,48,0,1,20,1
110,6,33295,8000,17.0,0,70,0,56,20,0
191,6,13703,80,0.18,0,151,0,57,20,0
969,6,44833,8080,17.0,0,929,0,58,20,0
90,6,16742,22,24.0,0,50,0,128,20,0
816,6,20065,8443,24.0,0,776,0,54,20,0
48,6,2281,62152,2.0,0,0,0,64,20,1
58,6,61282,80,2.0,0,0,0,20,20,1
74,6,7882,443,16.0,0,34,0,60,20,0
507,6,10873,8000,2.0,0,467,0,255,20,0
457,17,48382,53,0.0,0,29,0,64,20,0
258,17,5740,53,0.0,0,49,0,64,20,0
152,6,39106,80,2.0,0,112,0,128,20,0
63,6,28890,8080,2.0,0,23,0,64,20,0
745,6,63546,8080,24.0,0,705,0,56,20,0
76,1,0,0,0.0,8,15,0,17,20,1
104,17,21296,53,0.0,0,109,0,64,20,0
506,17,35715,53,0.0,0,165,0,128,20,0
1331,6,44729,8443,24.0,0,1291,0,60,20,0
828,6,47290,8000,2.0,0,788,0,58,20,0
629,6,61574,5432,16.0,0,589,0,255,20,0
418,17,49284,5432,24.0,0,378,0,64,20,0
74,6,36357,443,18.0,0,34,0,117,20,0
1023,17,36691,39,0.0,0,1325,1,4,20,1
1112,17,29006,1018,0.0,0,1277,1,5,20,1
184,6,37946,22,24.0,0,144,0,64,20,0
74,6,62410,8443,2.0,0,34,0,118,20,0
54,6,41999,8443,16.0,0,14,0,117,20,0
90,1,0,0,0.0,8,48,0,11,20,1
40,1,0,0,0.0,8,35,0,7,20,1
1178,17,8584,8080,24.0,0,1138,0,64,20,0
74,6,53838,443,16.0,0,34,0,52,20,0
75,1,0,0,0.0,8,8,0,13,20,1
50,6,48473,8080,17.0,0,10,0,64,20,0
87,1,0,0,0.0,8,38,0,14,20,1
77,17,19494,53,0.0,0,66,0,64,20,0
74,6,41658,8443,2.0,0,34,0,55,20,0
188,6,6160,8000,17.0,0,148,0,56,20,0
208,17,58909,53,0.0,0,194,0,64,20,0
130,6,2569,22,16.0,0,90,0,64,20,0
66,6,53368,443,16.0,0,26,0,120,20,0
303,17,4011,22,16.0,0,263,0,64,20,0
1475,17,39724,324,0.0,0,1049,1,7,20,1
926,6,29389,8080,24.0,0,886,0,128,20,0
54,6,6530,8443,2.0,0,14,0,52,20,0
1486,6,15186,8080,16.0,0,1446,0,64,20,0
147,17,48116,53,0.0,0,56,0,64,20,0
176,17,41597,53,0.0,0,166,0,64,20,0
90,6,33691,22,16.0,0,50,0,128,20,0
66,6,56414,8443,16.0,0,26,0,51,20,0
74,6,19303,8443,17.0,0,34,0,49,20,0
1149,17,38419,53,2.0,0,1109,0,64,20,0
822,6,30269,8443,16.0,0,782,0,118,20,0
73,6,18701,80,16.0,0,33,0,64,20,0
54,6,21879,8443,16.0,0,14,0,49,20,0
158,17,20636,53,0.0,0,466,0,64,20,0
553,6,31660,8000,2.0,0,513,0,57,20,0
1190,17,30830,68,0.0,0,1372,1,6,20,1
66,6,48641,8443,16.0,0,26,0,115,20,0
114,6,42886,22,16.0,0,74,0,64,20,0
113,6,21675,8443,17.0,0,73,0,54,20,0
1364,1,58113,5432,17.0,0,1324,0,56,20,0
66,6,41720,8443,24.0,0,26,0,58,20,0
74,6,41657,8443,17.0,0,34,0,120,20,0
1008,6,61188,3306,0.0,0,968,0,64,20,0
130,6,47766,22,16.0,0,90,0,64,20,0
368,17,46864,53,0.0,0,368,0,64,20,0
1301,6,28453,8000,17.0,0,1261,0,56,20,0
103,17,58708,53,0.0,0,224,0,128,20,0
419,17,32194,53,0.0,0,234,0,64,20,0
95,17,16007,53,0.0,0,43,0,64,20,0
66,6,37987,8443,16.0,0,26,0,49,20,0
196,6,30489,80,0.18,0,156,0,255,20,0
46,6,26986,80,2.0,0,0,0,3,20,1
40,6,54486,8000,0.18,0,0,0,128,20,0
1385,6,54799,5432,2.0,0,1345,0,60,20,0
1104,6,15653,443,16.0,0,1064,0,120,20,0
307,17,21481,53,0.0,0,245,0,128,20,0
1155,6,13015,443,16.0,0,1115,0,120,20,0
877,6,2644,443,18.0,0,837,0,118,20,0
43,1,0,0,0.0,8,19,0,3,20,1
182,17,7474,53,0.0,0,86,0,64,20,0
90,6,63931,8080,16.0,0,50,0,255,20,0
46,6,55427,80,16.0,0,6,0,56,20,0
74,6,21493,8443,18.0,0,34,0,64,20,0
258,6,19930,22,16.0,0,218,0,64,20,0
187,6,37450,53,2.0,0,147,0,64,20,0
162,6,40671,22,24.0,0,122,0,128,20,0
279,6,7064,80,16.0,0,239,0,56,20,0
1204,6,34574,53,24.0,0,1164,0,56,20,0
644,17,39931,22,16.0,0,604,0,255,20,0
54,6,18922,8443,2.0,0,14,0,52,20,0
388,17,23797,53,0.0,0,146,0,64,20,0
54,6,6918,53052,2.0,0,0,0,64,20,1
184,6,12346,22,24.0,0,144,0,64,20,0
54,6,20201,8443,2.0,0,14,0,51,20,0
118,6,23364,8443,2.0,0,78,0,52,20,0
258,6,57232,22,16.0,0,218,0,128,20,0
511,6,63264,22,24.0,0,471,0,60,20,0
748,6,32920,443,17.0,0,708,0,255,20,0
54,6,32870,8443,24.0,0,14,0,119,20,0
32,1,0,0,0.0,8,50,0,5,20,1
996,6,37531,8080,17.0,0,956,0,57,20,0
1265,6,7264,8443,16.0,0,1225,0,52,20,0
54,6,36485,8443,24.0,0,14,0,119,20,0
205,17,64582,53,0.0,0,30,0,64,20,0
286,6,56150,22,16.0,0,246,0,64,20,0
1062,6,45638,443,0.0,0,1022,0,60,20,0
1309,6,8408,8000,2.0,0,1269,0,57,20,0
1439,6,39452,53,24.0,0,1399,0,60,20,0
46,6,63251,80,2.0,0,0,0,8,20,1
1312,17,56155,22,0.0,0,1272,0,64,20,0
1341,17,19107,443,16.0,0,1301,0,255,20,0
100,6,37421,80,0.18,0,60,0,64,20,0
115,6,19826,8000,2.0,0,75,0,56,20,0
80,6,57501,443,24.0,0,40,0,56,20,0
342,17,45053,53,0.0,0,85,0,64,20,0
1035,17,41079,785,0.0,0,989,1,4,20,1
56,6,6814,176,2.0,0,0,0,64,20,1
54,6,31875,443,2.0,0,14,0,58,20,0
66,6,15215,8443,16.0,0,26,0,56,20,0
572,6,35654,8080,16.0,0,532,0,58,20,0
1246,6,27147,443,16.0,0,1206,0,117,20,0
54,6,29393,8443,24.0,0,14,0,58,20,0
184,6,57342,22,16.0,0,144,0,64,20,0
526,6,62210,3306,17.0,0,486,0,60,20,0
54,6,49689,443,16.0,0,14,0,128,20,0
66,6,37972,8443,2.0,0,26,0,52,20,0
74,6,32923,443,16.0,0,34,0,115,20,0
52,6,25238,80,2.0,0,0,0,16,20,1
109,6,31869,80,2.0,0,69,0,60,20,0
466,17,32979,53,0.0,0,92,0,64,20,0
115,6,43157,8443,17.0,0,75,0,52,20,0
1348,6,37252,5432,0.0,0,1308,0,56,20,0
607,6,33607,53,17.0,0,567,0,64,20,0
955,6,26521,8080,0.0,0,915,0,60,20,0
68,1,0,0,0.0,8,4,0,3,20,1
90,6,12993,22,24.0,0,50,0,64,20,0
373,17,34217,53,0.0,0,429,0,128,20,0
1365,17,42850,443,2.0,0,1325,0,255,20,0
1345,6,2068,443,16.0,0,1305,0,120,20,0
34,1,0,0,0.0,8,12,0,9,20,1
56,6,53824,8080,2.0,0,16,0,56,20,0
87,6,42233,8080,0.18,0,47,0,57,20,0
169,6,12344,8000,0.18,0,129,0,255,20,0
1410,6,18592,22,16.0,0,1370,0,128,20,0
57,6,47617,80,2.0,0,0,0,11,20,1
1352,6,60456,5432,16.0,0,1312,0,255,20,0
58,6,17573,6321,2.0,0,0,0,64,20,1
90,6,41490,22,24.0,0,50,0,128,20,0
40,6,18582,8000,16.0,0,0,0,57,20,0
332,17,25766,3306,16.0,0,292,0,56,20,0
1243,6,39210,8080,2.0,0,1203,0,255,20,0
54,6,55479,443,16.0,0,14,0,58,20,0
483,17,59040,53,0.0,0,46,0,64,20,0
907,6,63918,8443,17.0,0,867,0,52,20,0
74,6,9415,8443,18.0,0,34,0,64,20,0
164,17,18536,53,0.0,0,236,0,128,20,0
802,6,52555,443,16.0,0,762,0,118,20,0
672,6,26186,22,24.0,0,632,0,60,20,0
1244,17,57242,443,16.0,0,1204,0,255,20,0
66,6,48018,443,24.0,0,26,0,55,20,0
137,6,8030,80,0.18,0,97,0,128,20,0
353,17,59978,53,0.0,0,366,0,64,20,0
162,6,3883,22,16.0,0,122,0,128,20,0
667,6,47818,3306,24.0,0,627,0,64,20,0
66,6,8864,22,24.0,0,26,0,128,20,0
92,1,0,0,0.0,8,14,0,15,20,1
944,17,62711,22,2.0,0,904,0,56,20,0
1026,6,34669,5432,17.0,0,986,0,56,20,0
219,17,51819,22,2.0,0,179,0,128,20,0
150,6,30044,80,17.0,0,110,0,128,20,0
1436,6,44872,8000,0.18,0,1396,0,57,20,0
444,6,13051,22,0.0,0,404,0,64,20,0
154,17,8209,53,0.0,0,58,0,64,20,0
1393,6,55484,8443,16.0,0,1353,0,49,20,0
847,6,60813,5432,0.0,0,807,0,255,20,0
66,6,40874,8443,2.0,0,26,0,60,20,0
40,6,27001,41958,2.0,0,0,0,64,20,1
857,17,63273,5432,2.0,0,817,0,255,20,0
221,17,3902,53,0.0,0,301,0,64,20,0
189,6,33918,8443,16.0,0,149,0,58,20,0
599,6,27248,80,2.0,0,559,0,56,20,0
74,6,24498,8443,24.0,0,34,0,120,20,0
956,6,14856,53,0.0,0,916,0,56,20,0
121,6,18728,5432,24.0,0,81,0,64,20,0
83,17,44437,53,0.0,0,28,0,64,20,0
66,6,32382,443,24.0,0,26,0,49,20,0
1336,6,49873,443,16.0,0,1296,0,64,20,0
498,17,39264,53,0.0,0,231,0,128,20,0
404,17,56124,53,0.0,0,115,0,64,20,0
178,6,28847,80,16.0,0,138,0,57,20,0
85,17,2909,53,0.0,0,447,0,64,20,0
162,6,6939,22,24.0,0,122,0,64,20,0
144,6,35774,8080,0.18,0,104,0,58,20,0
258,6,41369,22,24.0,0,218,0,64,20,0
348,6,55844,8080,17.0,0,308,0,57,20,0
85,17,34322,53,0.0,0,130,0,64,20,0
350,6,24242,22,17.0,0,310,0,60,20,0
80,6,1661,8080,17.0,0,40,0,58,20,0
1420,6,64636,3306,16.0,0,1380,0,255,20,0
185,17,23740,53,0.0,0,381,0,128,20,0
83,6,11962,8080,17.0,0,43,0,128,20,0
363,6,55113,80,16.0,0,323,0,64,20,0
1195,6,22968,8000,16.0,0,1155,0,64,20,0
162,6,64378,22,24.0,0,122,0,128,20,0
1377,6,58228,443,2.0,0,1337,0,58,20,0
815,6,27051,443,17.0,0,775,0,51,20,0
1220,17,24305,80,0.0,0,1180,0,56,20,0
74,6,7893,443,17.0,0,34,0,49,20,0
54,17,41603,22,0.0,0,14,0,128,20,0
119,6,18730,443,17.0,0,79,0,55,20,0
90,6,7669,22,16.0,0,50,0,64,20,0
1276,6,34806,8080,0.18,0,1236,0,255,20,0
398,6,33607,5432,24.0,0,358,0,60,20,0
124,17,63289,53,0.0,0,362,0,64,20,0
127,6,42600,8080,0.18,0,87,0,56,20,0
202,17,14720,53,0.0,0,452,0,128,20,0
527,6,34619,22,0.0,0,487,0,60,20,0
117,6,11798,8000,17.0,0,77,0,56,20,0
90,6,56038,22,16.0,0,50,0,128,20,0
43,6,9627,7862,2.0,0,0,0,64,20,1
103,6,4667,80,17.0,0,63,0,128,20,0
59,6,21185,8000,16.0,0,19,0,255,20,0
1296,6,46004,8443,16.0,0,1256,0,64,20,0
226,6,30122,8443,16.0,0,186,0,128,20,0
143,6,57864,80,16.0,0,103,0,128,20,0
74,6,53557,8443,16.0,0,34,0,120,20,0
94,6,3968,8080,0.18,0,54,0,58,20,0
108,6,59565,8000,2.0,0,68,0,56,20,0
90,6,39972,22,24.0,0,50,0,128,20,0
50,6,48264,56269,2.0,0,0,0,64,20,1
54,6,27651,443,16.0,0,14,0,49,20,0
371,17,12800,53,0.0,0,247,0,64,20,0
45,6,39810,65335,2.0,0,0,0,64,20,1
137,6,54342,8000,2.0,0,97,0,128,20,0
74,6,38268,8443,16.0,0,34,0,119,20,0
62,1,0,0,0.0,8,17,0,14,20,1
114,6,20385,22,24.0,0,74,0,64,20,0
49,6,5154,80,2.0,0,0,0,23,20,1
753,6,25829,8000,17.0,0,713,0,56,20,0
190,6,45914,80,0.18,0,150,0,128,20,0
1201,6,34789,8443,16.0,0,1161,0,115,20,0
760,6,11414,3306,24.0,0,720,0,128,20,0
1202,6,43942,8080,0.18,0,1162,0,57,20,0
54,6,28842,8443,17.0,0,14,0,55,20,0
74,6,15316,443,2.0,0,34,0,49,20,0
41,6,3801,80,2.0,0,0,0,5,20,1
45,6,54273,80,2.0,0,0,0,16,20,1
238,17,3584,53,0.0,0,130,0,64,20,0
433,17,34691,53,0.0,0,391,0,64,20,0
224,6,64285,53,2.0,0,184,0,56,20,0
276,6,48715,8443,18.0,0,236,0,57,20,0
1286,6,16227,80,0.18,0,1246,0,58,20,0
477,6,20033,80,17.0,0,437,0,128,20,0
811,6,21237,443,17.0,0,771,0,58,20,0
89,6,53464,80,16.0,0,49,0,64,20,0
54,6,15311,443,16.0,0,14,0,128,20,0
66,6,56987,8443,2.0,0,26,0,64,20,0
1214,6,40359,443,16.0,0,1174,0,128,20,0
66,6,3904,8443,18.0,0,26,0,56,20,0
891,6,64099,80,17.0,0,851,0,56,20,0
966,6,3163,8080,0.0,0,926,0,60,20,0
114,6,20876,22,16.0,0,74,0,64,20,0
1334,6,33385,8080,16.0,0,1294,0,64,20,0
289,17,42084,53,0.0,0,460,0,128,20,0
909,6,51594,80,17.0,0,869,0,56,20,0
74,6,50018,8443,18.0,0,34,0,120,20,0
184,6,27250,22,16.0,0,144,0,64,20,0
66,6,44996,22,16.0,0,26,0,64,20,0
907,6,24262,443,17.0,0,867,0,119,20,0
538,6,51424,3306,2.0,0,498,0,255,20,0
960,6,35995,80,2.0,0,920,0,60,20,0
721,6,18398,80,16.0,0,681,0,58,20,0
90,6,38615,22,16.0,0,50,0,64,20,0
74,6,18600,443,2.0,0,34,0,120,20,0
982,6,50072,8443,2.0,0,942,0,58,20,0
54,6,54111,8443,16.0,0,14,0,56,20,0
258,6,33612,22,16.0,0,218,0,128,20,0
184,6,46670,22,24.0,0,144,0,128,20,0
74,6,59499,443,24.0,0,34,0,52,20,0
482,6,17568,22,16.0,0,442,0,56,20,0
314,6,30627,5432,16.0,0,274,1,60,20,0
390,17,4271,53,0.0,0,209,0,64,20,0
130,6,48612,22,24.0,0,90,0,64,20,0
52,6,10905,80,2.0,0,0,0,26,20,1
235,6,48836,8080,17.0,0,195,0,255,20,0
40,6,47339,62919,2.0,0,0,0,64,20,1
66,6,20409,8443,16.0,0,26,0,57,20,0
66,6,45257,22,16.0,0,26,0,128,20,0
1189,6,17535,8080,2.0,0,1149,0,60,20,0
48,6,6519,80,2.0,0,0,0,12,20,1
74,6,7231,8443,2.0,0,34,0,117,20,0
243,6,18763,8000,2.0,0,203,0,128,20,0
45,6,47979,8080,17.0,0,5,0,64,20,0
192,17,52060,22,24.0,0,152,0,56,20,0
135,6,51398,80,2.0,0,95,0,56,20,0
258,6,5457,22,24.0,0,218,0,64,20,0
74,6,51407,8443,16.0,0,34,0,115,20,0
74,6,60262,443,16.0,0,34,0,52,20,0
524,6,1880,8080,17.0,0,484,0,57,20,0
162,6,65074,22,16.0,0,122,0,128,20,0
1290,6,55880,8080,2.0,0,1250,0,58,20,0
682,6,13737,8080,17.0,0,642,0,255,20,0
1018,6,50874,22,17.0,0,978,0,60,20,0
74,6,45422,8443,16.0,0,34,0,128,20,0
943,6,56032,80,2.0,0,903,0,57,20,0
47,6,58843,8000,2.0,0,7,0,57,20,0
966,17,60743,8080,24.0,0,926,0,255,20,0
74,6,1779,443,18.0,0,34,0,118,20,0
830,17,27222,22,24.0,0,790,0,64,20,0
131,17,25296,53,0.0,0,146,0,128,20,0
1072,6,12436,53,0.0,0,1032,0,60,20,0
74,6,7473,8443,16.0,0,34,0,64,20,0
66,6,64989,443,16.0,0,26,0,55,20,0
50,6,25438,8080,16.0,0,10,0,64,20,0
333,17,37498,53,0.0,0,461,0,64,20,0
267,6,15442,22,0.0,0,227,0,128,20,0
1128,17,10576,1021,0.0,0,1110,0,4,20,1
232,6,8196,80,0.18,0,192,0,56,20,0
130,6,54729,22,24.0,0,90,0,64,20,0
54,6,4173,443,16.0,0,14,0,49,20,0
784,6,18140,8080,17.0,0,744,0,128,20,0
50,6,52550,80,17.0,0,10,0,64,20,0
613,6,41889,53,17.0,0,573,0,255,20,0
529,6,5427,443,24.0,0,489,0,64,20,0
763,6,62321,80,16.0,0,723,0,64,20,0
528,6,25262,22,0.0,0,488,0,60,20,0
84,6,38412,443,16.0,0,44,0,58,20,0
676,6,56705,5432,0.0,0,636,0,255,20,0
488,17,53878,53,0.0,0,207,0,128,20,0
293,17,3280,53,0.0,0,159,0,64,20,0
105,17,26610,53,17.0,0,65,0,128,20,0
66,6,53821,8443,24.0,0,26,0,118,20,0
374,17,22288,53,0.0,0,210,0,128,20,0
764,6,26376,8000,17.0,0,724,0,128,20,0
63,6,51117,22,2.0,0,23,0,60,20,0
192,6,31383,8000,16.0,0,152,0,58,20,0
1233,17,30103,22,24.0,0,1193,0,255,20,0
331,17,42747,53,0.0,0,235,0,128,20,0
548,6,21381,53,0.0,0,508,0,56,20,0
1099,17,7527,745,0.0,0,1053,0,1,20,1
210,17,61551,53,0.0,0,177,0,128,20,0
66,6,25942,8443,18.0,0,26,0,120,20,0
89,17,3449,53,0.0,0,84,0,64,20,0
1220,6,21055,8080,16.0,0,1180,0,60,20,0
1108,1,54368,443,24.0,0,1068,0,56,20,0
57,6,31646,1817,2.0,0,0,0,64,20,1
514,6,12347,443,0.0,0,474,0,128,20,0
72,1,0,0,0.0,8,48,0,19,20,1
1431,6,31723,443,24.0,0,1391,0,49,20,0
32,1,0,0,0.0,8,40,0,3,20,1
1488,1,39572,443,16.0,0,1448,0,255,20,0
733,6,53780,8080,17.0,0,693,0,64,20,0
59,6,14549,54547,2.0,0,0,0,64,20,1
49,6,53692,80,2.0,0,0,0,1,20,1
1478,6,63677,5432,0.0,0,1438,0,64,20,0
54,6,37814,8443,16.0,0,14,0,117,20,0
416,17,14611,53,0.0,0,342,0,128,20,0
68,1,0,0,0.0,8,22,0,2,20,1
54,6,27017,8443,16.0,0,14,0,120,20,0
828,6,38227,8443,24.0,0,788,0,117,20,0
196,6,55273,80,0.18,0,156,0,128,20,0
66,6,6519,443,16.0,0,26,0,115,20,0
114,6,58927,22,24.0,0,74,0,64,20,0
432,17,4558,80,0.0,0,392,0,64,20,0
496,17,61863,53,0.0,0,157,0,64,20,0
66,6,57087,443,17.0,0,26,0,128,20,0
364,6,22412,443,16.0,0,324,0,128,20,0
1057,17,50047,701,0.0,0,1351,1,5,20,1
178,6,49390,80,16.0,0,138,0,64,20,0
66,6,58265,443,24.0,0,26,0,115,20,0
61,1,0,0,0.0,8,10,0,14,20,1
117,17,56131,53,0.0,0,267,0,128,20,0
1387,17,25243,412,0.0,0,1119,1,9,20,1
178,6,53248,443,16.0,0,138,0,51,20,0
54,6,8172,443,24.0,0,14,0,119,20,0
1139,6,52208,8000,17.0,0,1099,0,64,20,0
162,6,19792,22,16.0,0,122,0,128,20,0
46,1,0,0,0.0,8,8,0,9,20,1
1299,6,53969,8080,17.0,0,1259,0,128,20,0
54,6,12109,8443,24.0,0,14,0,52,20,0
1138,17,51068,982,0.0,0,1311,0,4,20,1
54,6,57256,8443,16.0,0,14,0,128,20,0
822,6,54174,443,2.0,0,782,0,49,20,0
1099,17,41727,53,0.0,0,1059,0,56,20,0
1325,6,57119,8443,18.0,0,1285,0,117,20,0
48,6,2828,45148,2.0,0,0,0,64,20,1
54,6,4810,8443,17.0,0,14,0,51,20,0
205,6,45798,8443,16.0,0,165,0,56,20,0
1203,6,39623,8080,2.0,0,1163,0,57,20,0
90,6,58182,22,24.0,0,50,0,64,20,0
130,6,23546,22,16.0,0,90,0,64,20,0
40,6,62643,55496,2.0,0,0,0,64,20,1
1193,6,32513,8000,0.18,0,1153,0,57,20,0
1283,6,15656,443,17.0,0,1243,0,128,20,0
74,6,23023,8443,16.0,0,34,0,52,20,0
66,6,50129,22,24.0,0,26,0,128,20,0
188,6,40235,8080,16.0,0,148,0,57,20,0
40,6,28199,19221,2.0,0,0,0,64,20,1
47,6,45349,46630,2.0,0,0,0,64,20,1
55,6,59526,12508,2.0,0,0,0,64,20,1
1015,6,51757,443,16.0,0,975,0,58,20,0
87,6,10836,80,2.0,0,47,0,64,20,0
1121,17,63838,16,0.0,0,1185,1,8,20,1
215,17,22468,53,0.0,0,359,0,64,20,0
130,6,40372,22,24.0,0,90,0,64,20,0
503,17,35993,53,0.0,0,325,0,128,20,0
124,17,17199,53,0.0,0,230,0,128,20,0
49,6,25551,8080,16.0,0,9,0,58,20,0
253,17,50747,53,0.0,0,410,0,64,20,0
832,6,26688,53,16.0,0,792,0,255,20,0
66,6,17146,443,16.0,0,26,0,120,20,0
143,6,18787,80,2.0,0,103,0,255,20,0
1148,6,23234,80,16.0,0,1108,0,57,20,0
1376,6,52152,8000,2.0,0,1336,0,58,20,0
961,6,10914,443,16.0,0,921,0,57,20,0
294,6,57032,443,16.0,0,254,0,52,20,0
1239,6,12181,8000,0.18,0,1199,0,56,20,0
54,6,9633,443,17.0,0,14,0,58,20,0
1466,6,52121,443,16.0,0,1426,0,255,20,0
66,6,55896,8443,18.0,0,26,0,117,20,0
40,1,0,0,0.0,8,5,0,18,20,1
66,6,22083,443,24.0,0,26,0,58,20,0
68,1,0,0,0.0,8,35,0,5,20,1
83,6,57029,8000,0.18,0,43,0,57,20,0
1252,6,21223,22,24.0,0,1212,0,255,20,0
90,6,62096,22,24.0,0,50,0,128,20,0
416,17,60791,53,0.0,0,370,0,64,20,0
286,17,32140,53,0.0,0,435,0,64,20,0
74,6,35576,443,24.0,0,34,0,120,20,0
509,6,26174,22,0.0,0,469,0,255,20,0
277,6,41732,443,16.0,0,237,0,56,20,0
1185,6,14124,443,2.0,0,1145,0,119,20,0
535,17,6964,53,24.0,0,495,0,60,20,0
157,6,34998,80,2.0,0,117,0,56,20,0
244,6,46536,443,16.0,0,204,0,64,20,0
1354,6,12295,3306,16.0,0,1314,0,255,20,0
935,17,62695,5432,24.0,0,895,0,255,20,0
311,6,47233,80,2.0,0,271,0,128,20,0
53,1,0,0,0.0,8,38,0,6,20,1
46,1,0,0,0.0,8,41,0,8,20,1
1088,1,25701,53,24.0,0,1048,1,56,20,0
133,17,14693,53,0.0,0,34,0,64,20,0
174,17,31111,53,0.0,0,439,0,64,20,0
1138,6,52182,443,24.0,0,1098,0,255,20,0
934,6,37676,3306,16.0,0,894,0,56,20,0
180,6,52432,8080,17.0,0,140,0,58,20,0
90,6,8669,22,24.0,0,50,0,64,20,0
179,17,29505,53,0.0,0,77,0,64,20,0
49,6,17820,80,2.0,0,0,0,4,20,1
74,6,6151,8443,16.0,0,34,0,115,20,0
52,6,38246,80,2.0,0,0,0,21,20,1
155,6,12427,8000,2.0,0,115,0,255,20,0
41,6,34061,80,2.0,0,0,0,6,20,1
184,6,4577,22,24.0,0,144,0,64,20,0
74,6,12206,8443,16.0,0,34,0,58,20,0
324,6,10609,80,2.0,0,284,0,56,20,0
223,17,30200,53,0.0,0,327,0,64,20,0
184,6,25103,22,16.0,0,144,0,64,20,0
378,6,26411,443,24.0,0,338,0,64,20,0
65,1,0,0,0.0,8,44,0,3,20,1
98,6,21013,443,16.0,0,58,0,64,20,0
574,6,14170,8000,2.0,0,534,0,57,20,0
66,6,62611,443,16.0,0,26,0,57,20,0
887,6,34156,443,16.0,0,847,0,128,20,0
301,6,8884,8080,17.0,0,261,0,58,20,0
404,6,2297,8000,0.18,0,364,0,255,20,0
283,17,60253,53,0.0,0,109,0,128,20,0
135,17,32485,53,0.0,0,401,0,64,20,0
1360,17,29016,222,0.0,0,1313,0,3,20,1
184,6,36127,22,24.0,0,144,0,128,20,0
90,6,39481,22,16.0,0,50,0,128,20,0
1411,6,38330,3306,0.0,0,1371,0,56,20,0
66,6,18328,443,16.0,0,26,0,58,20,0
54,6,50545,80,2.0,0,0,0,1,20,1
66,6,60682,443,16.0,0,26,0,52,20,0
1466,6,46028,443,0.0,0,1426,0,56,20,0
1415,6,17532,443,17.0,0,1375,0,115,20,0
184,6,37471,22,16.0,0,144,0,64,20,0
66,6,63852,443,17.0,0,26,0,64,20,0
66,6,8975,8443,17.0,0,26,0,52,20,0
1291,17,53341,80,0.0,0,1251,0,64,20,0
178,6,13063,8080,0.18,0,138,0,56,20,0
464,17,52436,53,0.0,0,317,0,128,20,0
1125,17,23136,683,0.0,0,1040,1,4,20,1
66,6,59784,443,2.0,0,26,0,120,20,0
1034,6,50422,8443,18.0,0,994,0,57,20,0
66,6,3919,8443,16.0,0,26,0,117,20,0
928,6,26658,80,2.0,0,888,0,57,20,0
74,6,26280,443,24.0,0,34,0,54,20,0
352,17,27776,53,0.0,0,450,0,128,20,0
1036,6,60575,80,0.18,0,996,0,255,20,0
66,6,45253,8443,17.0,0,26,0,49,20,0
301,6,2748,5432,0.0,0,261,0,128,20,0
130,6,1727,22,24.0,0,90,0,128,20,0
74,6,26046,8443,24.0,0,34,0,58,20,0
127,6,28328,443,16.0,0,87,0,128,20,0
45,6,59571,38245,2.0,0,0,0,64,20,1
96,17,57627,53,0.0,0,430,0,64,20,0
54,6,20183,8443,17.0,0,14,0,64,20,0
66,6,28856,8443,24.0,0,26,0,49,20,0
366,6,10953,5432,24.0,0,326,0,56,20,0
66,6,51796,8443,24.0,0,26,0,118,20,0
638,6,36131,22,0.0,0,598,0,56,20,0
704,6,45167,8080,17.0,0,664,0,58,20,0
54,6,14355,8443,17.0,0,14,0,55,20,0
46,6,20768,18689,2.0,0,0,0,64,20,1
132,6,10750,8443,16.0,0,92,0,118,20,0
59,6,37324,80,2.0,0,0,0,10,20,1
54,6,26787,443,16.0,0,14,0,55,20,0
54,6,1253,8443,16.0,0,14,0,57,20,0
46,6,34745,19139,2.0,0,0,0,64,20,1
270,6,56432,443,18.0,0,230,0,120,20,0
1033,6,19402,443,24.0,0,993,0,56,20,0
74,6,3326,443,16.0,0,34,0,120,20,0
66,6,53175,443,2.0,0,26,0,49,20,0
189,17,2569,443,16.0,0,149,0,64,20,0
54,6,63083,443,24.0,0,14,0,57,20,0
1502,6,39294,5432,0.0,0,1460,0,56,20,0
194,17,29822,53,0.0,0,225,0,64,20,0
258,6,35088,22,24.0,0,218,0,64,20,0
130,6,27627,22,24.0,0,90,0,128,20,0
244,17,42057,5432,17.0,0,204,0,128,20,0
50,6,3486,49257,2.0,0,0,0,64,20,1
102,6,54120,8000,0.18,0,62,0,56,20,0
66,6,7052,22,24.0,0,26,0,64,20,0
1292,17,39348,33,0.0,0,973,0,5,20,1
356,6,54099,80,17.0,0,316,0,128,20,0
162,6,46231,22,24.0,0,122,0,128,20,0
466,6,53639,53,24.0,0,426,0,60,20,0
1194,17,60564,748,0.0,0,1385,1,8,20,1
761,6,9802,80,17.0,0,721,0,128,20,0
123,17,21144,53,24.0,0,83,0,255,20,0
376,17,5926,53,0.0,0,103,0,64,20,0
196,6,49786,8080,0.18,0,156,0,56,20,0
54,6,17483,443,24.0,0,14,0,56,20,0
1412,6,37428,8443,17.0,0,1372,0,54,20,0
529,6,4094,8000,16.0,0,489,0,57,20,0
1148,6,33873,5432,16.0,0,1108,0,64,20,0
90,6,56503,22,24.0,0,50,0,64,20,0
1481,6,29060,8443,18.0,0,1441,0,58,20,0
1307,6,63311,443,24.0,0,1267,0,58,20,0
181,17,24236,53,0.0,0,171,0,64,20,0
265,6,61634,8443,16.0,0,225,0,52,20,0
1035,6,49177,8443,2.0,0,995,0,120,20,0
1447,17,41028,67,0.0,0,1437,1,2,20,1
184,6,52298,22,16.0,0,144,0,64,20,0
501,6,36381,5432,2.0,0,461,0,64,20,0
44,6,65512,42133,2.0,0,0,0,64,20,1
1152,6,57615,5432,17.0,0,1112,0,255,20,0
793,17,5845,3306,24.0,0,753,0,56,20,0
79,6,27833,80,2.0,0,39,0,128,20,0
110,6,54530,80,0.18,0,70,0,57,20,0
1349,6,7064,8443,24.0,0,1309,0,51,20,0
38,1,0,0,0.0,8,8,0,10,20,1
246,17,48268,53,0.0,0,458,0,128,20,0
771,17,22369,80,2.0,0,731,0,56,20,0
850,6,32012,8443,18.0,0,810,0,115,20,0
167,6,17435,8000,17.0,0,127,0,64,20,0
324,17,22581,80,16.0,0,284,0,56,20,0
127,6,5038,8080,16.0,0,87,0,58,20,0
224,17,3232,53,0.0,0,242,0,128,20,0
1344,6,18935,80,17.0,0,1304,0,57,20,0
66,6,42416,22,16.0,0,26,0,128,20,0
53,6,49880,80,2.0,0,0,0,9,20,1
54,6,39332,8443,2.0,0,14,0,60,20,0
1478,17,47660,8080,17.0,0,1438,0,60,20,0
680,6,8952,3306,17.0,0,640,0,60,20,0
74,6,17003,8443,16.0,0,34,0,60,20,0
445,6,27211,5432,0.0,0,405,0,56,20,0
176,6,21295,8000,0.18,0,136,0,57,20,0
149,6,24079,8080,2.0,0,109,0,57,20,0
155,6,9973,8443,16.0,0,115,0,54,20,0
270,6,29436,8443,16.0,0,230,0,58,20,0
54,6,29454,443,16.0,0,14,0,58,20,0
53,6,42756,34203,2.0,0,0,0,64,20,1
74,6,12617,8443,24.0,0,34,0,58,20,0
1209,6,64650,5432,17.0,0,1169,0,128,20,0
66,6,53408,22,16.0,0,26,0,128,20,0
42,6,38432,80,2.0,0,0,0,1,20,1
112,6,5896,8000,2.0,0,72,0,58,20,0
1205,6,55280,5432,16.0,0,1165,0,255,20,0
464,6,58023,8000,2.0,0,424,0,56,20,0
54,6,30448,443,18.0,0,14,0,58,20,0
1396,17,46325,734,0.0,0,1328,0,9,20,1
1069,17,32124,679,0.0,0,1165,0,8,20,1
52,6,6460,80,2.0,0,0,0,20,20,1
855,6,1370,53,24.0,0,815,0,128,20,0
1381,17,29221,8080,16.0,0,1341,0,60,20,0
331,17,11440,53,0.0,0,226,0,128,20,0
321,17,59762,53,0.0,0,370,0,128,20,0
190,6,41191,80,0.18,0,150,0,255,20,0
54,6,39220,8443,17.0,0,14,0,120,20,0
66,6,55487,443,16.0,0,26,0,128,20,0
455,6,63727,8080,16.0,0,415,0,56,20,0
1094,6,54530,8443,17.0,0,1054,0,60,20,0
274,17,64512,53,0.0,0,452,0,128,20,0
1074,6,4893,3306,2.0,0,1034,0,60,20,0
472,17,10295,53,0.0,0,57,0,64,20,0
55,6,39197,80,2.0,0,0,0,1,20,1
43,6,51850,31322,2.0,0,0,0,64,20,1
66,6,34109,443,24.0,0,26,0,51,20,0
147,6,47720,8080,0.18,0,107,0,255,20,0
1324,6,32051,80,16.0,0,1284,0,255,20,0
930,6,32074,8000,17.0,0,890,0,255,20,0
74,6,3145,8443,16.0,0,34,0,64,20,0
77,1,0,0,0.0,8,25,0,19,20,1
145,6,40100,443,16.0,0,105,0,56,20,0
1339,6,16016,80,24.0,0,1299,0,60,20,0
162,6,30170,22,16.0,0,122,0,64,20,0
44,6,7773,31688,2.0,0,0,0,64,20,1
54,6,53027,8443,2.0,0,14,0,60,20,0
1074,6,10725,53,24.0,0,1034,0,56,20,0
103,6,15933,8080,2.0,0,63,0,58,20,0
253,6,48373,8000,2.0,0,213,0,128,20,0
338,17,15877,53,0.0,0,364,0,128,20,0
258,6,63829,22,24.0,0,218,0,128,20,0
114,6,20193,22,16.0,0,74,0,64,20,0
74,6,32625,443,16.0,0,34,0,55,20,0
124,6,24780,8080,2.0,0,84,0,64,20,0
51,6,52657,34084,2.0,0,0,0,64,20,1
54,6,12307,8443,16.0,0,14,0,120,20,0
80,17,63990,53,0.0,0,145,0,128,20,0
1480,6,49747,8000,2.0,0,1440,0,64,20,0
54,6,26303,443,16.0,0,14,0,64,20,0
294,6,60700,8443,24.0,0,254,0,54,20,0
258,6,53378,22,24.0,0,218,0,64,20,0
214,6,45267,8443,17.0,0,174,0,56,20,0
66,6,27974,443,18.0,0,26,0,120,20,0
178,6,26776,443,16.0,0,138,0,56,20,0
1290,6,40426,5432,16.0,0,1250,0,64,20,0
66,6,61167,22,24.0,0,26,0,64,20,0
54,6,24134,8443,16.0,0,14,0,49,20,0
1365,6,50234,443,17.0,0,1325,0,56,20,0
315,17,53263,53,0.0,0,293,0,128,20,0
238,17,11184,53,0.0,0,182,0,128,20,0
1112,6,63604,8443,17.0,0,1072,0,49,20,0
1016,6,8395,8443,17.0,0,976,0,52,20,0
1137,6,23739,3306,2.0,0,1097,0,255,20,0
66,6,31249,443,2.0,0,26,0,115,20,0
805,6,14710,53,17.0,0,765,0,56,20,0
163,6,17586,8080,0.18,0,123,0,57,20,0
810,6,36656,53,2.0,0,770,0,64,20,0
1386,6,17891,80,0.0,0,1346,0,255,20,0
114,6,48857,22,24.0,0,74,0,128,20,0
265,17,14860,53,0.0,0,128,0,64,20,0
1279,6,42590,5432,2.0,0,1239,0,255,20,0
74,6,6293,443,24.0,0,34,0,51,20,0
287,17,61474,53,0.0,0,152,0,64,20,0
1219,6,63935,443,16.0,0,1179,0,120,20,0
162,6,52687,22,16.0,0,122,0,128,20,0
66,6,39408,8443,24.0,0,26,0,54,20,0
114,6,24854,22,24.0,0,74,0,128,20,0
74,6,1906,8443,18.0,0,34,0,60,20,0
139,6,44880,8080,17.0,0,99,0,255,20,0
66,6,52994,22,24.0,0,26,0,128,20,0
1054,17,9721,677,0.0,0,1326,1,1,20,1
56,6,36193,80,16.0,0,16,0,57,20,0
1295,6,26461,5432,16.0,0,1255,0,64,20,0
81,6,48248,443,24.0,0,41,0,55,20,0
1490,6,13091,443,24.0,0,1450,0,64,20,0
198,6,9460,80,0.18,0,158,0,64,20,0
804,6,2950,8000,0.18,0,764,0,255,20,0
649,6,24839,3306,24.0,0,609,0,64,20,0
872,6,47562,8080,16.0,0,832,0,128,20,0
1063,17,5191,8080,2.0,0,1023,0,56,20,0
54,6,24644,443,16.0,0,14,0,120,20,0
472,6,62158,8080,17.0,0,432,0,128,20,0
200,6,12679,8080,17.0,0,160,0,56,20,0
1444,1,46007,3306,0.0,0,1404,0,60,20,0
237,17,11492,53,0.0,0,265,0,128,20,0
52,6,32917,32439,2.0,0,0,0,64,20,1
1461,6,53160,8000,2.0,0,1421,0,128,20,0
162,6,43304,22,16.0,0,122,0,128,20,0
66,6,31932,443,2.0,0,26,0,58,20,0
85,6,60493,8080,0.18,0,45,0,64,20,0
49,6,5368,80,2.0,0,0,0,28,20,1
1164,6,38237,443,16.0,0,1124,0,56,20,0
218,6,54408,443,24.0,0,178,0,54,20,0
1062,6,4466,53,17.0,0,1022,0,60,20,0
1366,17,21267,80,17.0,0,1326,0,60,20,0
66,6,63843,8443,17.0,0,26,0,118,20,0
1123,6,48686,443,16.0,0,1083,0,115,20,0
267,17,64931,53,0.0,0,219,0,64,20,0
90,6,54910,22,16.0,0,50,0,64,20,0
941,6,35197,8080,2.0,0,901,0,255,20,0
54,6,46741,8443,24.0,0,14,0,51,20,0
66,6,43082,8443,16.0,0,26,0,119,20,0
1053,17,23248,198,0.0,0,1403,1,8,20,1
177,17,64869,53,0.0,0,329,0,128,20,0
54,6,3183,8443,24.0,0,14,0,55,20,0
838,6,62556,8080,0.18,0,798,0,56,20,0
74,6,18537,443,16.0,0,34,0,64,20,0
66,6,15140,8443,24.0,0,26,0,55,20,0
1463,6,27952,8443,17.0,0,1423,0,64,20,0
267,6,8892,53,2.0,0,227,0,255,20,0
811,17,25633,3306,24.0,0,771,0,64,20,0
90,6,9168,22,16.0,0,50,0,64,20,0
263,6,18611,443,16.0,0,223,0,60,20,0
172,6,36936,443,17.0,0,132,0,64,20,0
1122,17,32055,727,0.0,0,1168,1,5,20,1
49,6,6242,60694,2.0,0,0,0,64,20,1
66,6,47226,443,18.0,0,26,0,49,20,0
186,6,56844,80,17.0,0,146,0,58,20,0
1020,17,19959,967,0.0,0,1310,1,5,20,1
1141,6,52944,8080,16.0,0,1101,0,64,20,0
1240,6,63351,8000,2.0,0,1200,0,128,20,0
90,6,6782,22,24.0,0,50,0,64,20,0
66,6,45350,22,16.0,0,26,0,64,20,0
953,6,6124,3306,2.0,0,913,0,60,20,0
1196,6,3221,8000,2.0,0,1156,0,64,20,0
76,1,0,0,0.0,8,46,0,16,20,1
44,1,64719,443,0.0,0,4,0,56,20,0
113,17,10845,53,0.0,0,65,0,64,20,0
55,6,37709,80,2.0,0,0,0,22,20,1
54,6,8060,8443,17.0,0,14,0,55,20,0
53,6,4425,15509,2.0,0,0,0,64,20,1
47,6,42399,8928,2.0,0,0,0,64,20,1
183,17,28736,53,0.0,0,389,0,128,20,0
672,6,28264,22,17.0,0,632,0,128,20,0
1228,17,19785,5432,16.0,0,1188,0,56,20,0
1300,6,36519,8080,16.0,0,1260,0,64,20,0
691,17,62711,5432,0.0,0,651,0,128,20,0
1228,6,2595,5432,24.0,0,1188,0,56,20,0
54,6,17398,443,16.0,0,14,0,56,20,0
1067,6,61221,8000,0.18,0,1027,0,58,20,0
52,6,27399,58054,2.0,0,0,0,64,20,1
54,6,36271,13529,2.0,0,0,0,64,20,1
255,6,2318,443,2.0,0,215,0,119,20,0
89,1,0,0,0.0,8,52,0,8,20,1
59,1,0,0,0.0,8,29,0,7,20,1
54,6,38316,443,18.0,0,14,0,54,20,0
397,6,15574,5432,17.0,0,357,0,255,20,0
197,6,45384,5432,2.0,0,157,0,60,20,0
481,17,21020,8080,16.0,0,441,0,60,20,0
196,1,48896,22,17.0,0,156,0,60,20,0
1110,6,23007,80,16.0,0,1070,0,56,20,0
203,6,50500,443,16.0,0,163,0,119,20,0
456,17,56085,80,2.0,0,416,0,60,20,0
1431,17,19749,8080,24.0,0,1391,0,64,20,0
35,1,0,0,0.0,8,45,0,9,20,1
84,17,47336,53,0.0,0,24,0,128,20,0
54,6,45463,443,17.0,0,14,0,119,20,0
161,6,36144,8000,2.0,0,121,0,255,20,0
66,6,11133,8443,24.0,0,26,0,51,20,0
66,6,12381,443,2.0,0,26,0,54,20,0
256,17,39205,53,0.0,0,133,0,128,20,0
361,17,33104,53,0.0,0,466,0,64,20,0
130,6,16825,22,24.0,0,90,0,128,20,0
1349,6,6607,8443,16.0,0,1309,0,55,20,0
302,17,11071,53,0.0,0,119,0,64,20,0
57,6,2589,80,2.0,0,0,0,27,20,1
268,6,30147,8080,16.0,0,228,0,58,20,0
90,6,57234,22,16.0,0,50,0,128,20,0
416,17,43136,53,0.0,0,215,0,128,20,0
148,6,60366,443,16.0,0,108,0,118,20,0
188,6,47738,443,16.0,0,148,0,128,20,0
90,6,4547,22,16.0,0,50,0,64,20,0
54,6,32694,8443,17.0,0,14,0,56,20,0
458,17,15096,53,0.0,0,254,0,64,20,0
66,6,51162,22,16.0,0,26,0,64,20,0
1011,6,43826,80,2.0,0,971,0,128,20,0
361,6,35672,8000,0.18,0,321,0,57,20,0
1172,6,61434,443,17.0,0,1132,0,56,20,0
78,6,56173,80,2.0,0,38,0,128,20,0
90,17,44217,53,0.0,0,401,0,64,20,0
1098,6,12133,22,0.0,0,1058,0,56,20,0
1478,17,26709,266,0.0,0,1342,1,5,20,1
354,17,5451,53,0.0,0,41,0,128,20,0
54,6,15883,8443,16.0,0,14,0,115,20,0
177,17,59540,53,0.0,0,405,0,64,20,0
54,6,12434,8443,24.0,0,14,0,49,20,0
74,6,35953,443,16.0,0,34,0,120,20,0
250,17,35041,53,0.0,0,210,0,60,20,0
46,6,25722,62211,2.0,0,0,0,64,20,1
90,6,55570,22,24.0,0,50,0,64,20,0
255,6,10937,80,2.0,0,215,0,57,20,0
192,6,55401,80,16.0,0,152,0,60,20,0
258,6,26874,22,16.0,0,218,0,64,20,0
1151,6,15862,5432,2.0,0,1111,0,64,20,0
74,6,38359,443,16.0,0,34,0,56,20,0
184,6,12284,22,16.0,0,144,0,128,20,0
1415,6,38534,3306,0.0,0,1375,0,128,20,0
74,6,14567,8443,16.0,0,34,0,49,20,0
1450,17,45175,85,0.0,0,1063,1,9,20,1
167,17,42046,53,0.0,0,107,0,64,20,0
54,6,15481,443,2.0,0,14,0,49,20,0
56,1,0,0,0.0,8,33,0,2,20,1
90,6,43030,22,16.0,0,50,0,128,20,0
406,17,51534,53,0.0,0,250,0,64,20,0
1043,6,32193,8443,17.0,0,1003,0,58,20,0
170,17,9566,53,0.0,0,225,0,64,20,0
67,6,17701,53,17.0,0,27,0,128,20,0
1141,6,16982,8443,16.0,0,1101,0,64,20,0
488,6,18491,8080,0.18,0,448,0,64,20,0
1067,17,42373,136,0.0,0,1164,0,3,20,1
1478,17,30618,886,0.0,0,1270,0,6,20,1
54,6,3200,8443,16.0,0,14,0,118,20,0
296,17,21582,53,0.0,0,200,0,64,20,0
1447,6,60271,8000,16.0,0,1407,0,255,20,0
1057,6,14883,80,2.0,0,1017,0,255,20,0
1220,6,40058,53,17.0,0,1180,0,128,20,0
54,6,63694,443,16.0,0,14,0,55,20,0
74,6,17691,8443,16.0,0,34,0,49,20,0
49,1,0,0,0.0,8,35,0,3,20,1
1420,6,6621,8080,17.0,0,1380,0,64,20,0
54,6,2822,8443,18.0,0,14,0,120,20,0
162,6,9773,22,24.0,0,122,0,128,20,0
251,6,55420,443,24.0,0,211,0,117,20,0
58,6,52244,80,2.0,0,0,0,15,20,1
270,6,54880,443,16.0,0,230,0,119,20,0
1205,6,44770,80,0.18,0,1165,0,58,20,0
159,17,57672,53,0.0,0,237,0,64,20,0
184,6,44462,22,24.0,0,144,0,64,20,0
130,6,30342,22,16.0,0,90,0,64,20,0
315,17,14199,53,0.0,0,130,0,128,20,0
131,6,29688,8080,17.0,0,91,0,56,20,0
41,6,1445,80,2.0,0,0,0,10,20,1
91,6,35106,8000,16.0,0,51,0,57,20,0
763,6,4521,443,0.0,0,723,1,128,20,0
957,6,45086,443,24.0,0,917,0,51,20,0
130,6,60969,22,24.0,0,90,0,128,20,0
258,6,24464,22,16.0,0,218,0,64,20,0
313,17,11180,53,0.0,0,338,0,128,20,0
66,6,61015,22,24.0,0,26,0,128,20,0
286,17,43641,53,0.0,0,40,0,128,20,0
114,6,43241,22,24.0,0,74,0,128,20,0
54,6,47442,443,18.0,0,14,0,115,20,0
886,6,25472,22,24.0,0,846,0,255,20,0
1197,17,1238,8080,17.0,0,1157,0,60,20,0
162,6,55188,22,24.0,0,122,0,128,20,0
1380,17,60781,11,0.0,0,1045,1,3,20,1
179,6,14754,443,2.0,0,139,0,128,20,0
73,1,0,0,0.0,8,21,0,14,20,1
74,6,42937,443,16.0,0,34,0,51,20,0
994,6,56221,3306,24.0,0,954,0,56,20,0
82,6,59769,80,16.0,0,42,0,56,20,0
1024,6,13341,8443,16.0,0,984,0,115,20,0
339,6,44598,8080,2.0,0,299,0,56,20,0
435,17,20970,53,0.0,0,94,0,128,20,0
1026,17,43768,574,0.0,0,1158,1,4,20,1
1410,6,56477,22,0.0,0,1370,0,56,20,0
114,6,22940,22,16.0,0,74,0,64,20,0
66,6,32386,443,16.0,0,26,0,60,20,0
31,1,0,0,0.0,8,21,0,4,20,1
1070,6,31923,443,0.0,0,1030,0,128,20,0
274,6,16984,80,16.0,0,234,0,56,20,0
54,6,9250,443,24.0,0,14,0,60,20,0
66,6,12446,8443,16.0,0,26,0,55,20,0
114,6,55965,22,16.0,0,74,0,64,20,0
74,6,22276,443,16.0,0,34,0,60,20,0
958,6,5962,8443,16.0,0,918,0,52,20,0
309,1,4967,8080,2.0,0,269,0,56,20,0
54,6,7767,443,18.0,0,14,0,58,20,0
258,6,6271,22,24.0,0,218,0,128,20,0
58,6,50425,80,2.0,0,0,0,7,20,1
66,6,41174,8443,16.0,0,26,0,64,20,0
1433,6,63385,443,17.0,0,1393,0,64,20,0
1221,6,48996,443,24.0,0,1181,0,60,20,0
332,17,58828,53,0.0,0,118,0,128,20,0
944,6,2049,8000,16.0,0,904,0,255,20,0
413,17,18588,53,0.0,0,101,0,64,20,0
274,6,3118,53,16.0,0,234,0,56,20,0
286,17,22949,53,0.0,0,338,0,64,20,0
54,6,31321,8443,16.0,0,14,0,120,20,0
184,6,5919,22,24.0,0,144,0,64,20,0
93,6,33259,5432,17.0,0,53,0,60,20,0
265,6,48183,8080,2.0,0,225,0,128,20,0
258,6,58598,22,16.0,0,218,0,128,20,0
1068,6,24862,8080,16.0,0,1028,0,255,20,0
160,6,1680,3306,0.0,0,120,0,128,20,0
66,6,15125,22,24.0,0,26,0,64,20,0
1437,6,37775,22,16.0,0,1397,0,64,20,0
986,6,2763,8080,0.18,0,946,0,57,20,0
904,17,42415,53,24.0,0,864,0,60,20,0
130,6,8442,22,24.0,0,90,0,64,20,0
66,6,15645,443,16.0,0,26,0,56,20,0
54,6,11800,8443,24.0,0,14,0,49,20,0
457,6,23875,8080,17.0,0,417,0,56,20,0
173,6,65197,8443,24.0,0,133,0,51,20,0
54,6,49964,443,16.0,0,14,0,128,20,0
90,6,5733,22,16.0,0,50,0,64,20,0
54,6,50761,8443,24.0,0,14,0,118,20,0
116,6,5719,8000,0.18,0,76,0,56,20,0
54,6,50594,443,17.0,0,14,0,118,20,0
860,6,3453,443,17.0,0,820,0,54,20,0
169,6,47626,8443,24.0,0,129,0,54,20,0
392,6,14565,22,16.0,0,352,0,60,20,0
288,6,51995,3306,16.0,0,248,0,60,20,0
74,6,32123,8443,16.0,0,34,0,57,20,0
1048,6,2016,8443,17.0,0,1008,0,64,20,0
184,6,62033,22,16.0,0,144,0,128,20,0
66,6,49971,8443,24.0,0,26,0,57,20,0
1305,17,30818,443,24.0,0,1265,0,56,20,0
66,6,13678,22,24.0,0,26,0,128,20,0
1298,17,46211,80,17.0,0,1258,0,128,20,0
73,1,0,0,0.0,8,38,0,2,20,1
237,17,15304,53,0.0,0,469,0,128,20,0
47,6,31576,80,2.0,0,0,0,29,20,1
74,6,4141,8443,18.0,0,34,0,117,20,0
155,6,29234,8080,16.0,0,115,0,255,20,0
74,6,60668,8443,16.0,0,34,0,54,20,0
459,17,61074,53,0.0,0,174,0,128,20,0
1007,6,21341,8080,17.0,0,967,0,58,20,0
1030,6,34721,8080,2.0,0,990,0,57,20,0
54,6,55881,8443,16.0,0,14,0,118,20,0
330,17,60571,53,0.0,0,361,0,64,20,0
48,6,20446,13655,2.0,0,0,0,64,20,1
850,6,13296,22,0.0,0,810,0,56,20,0
945,6,25965,443,16.0,0,905,0,120,20,0
223,6,29156,8443,16.0,0,183,0,55,20,0
162,6,53131,22,24.0,0,122,0,128,20,0
209,6,12422,5432,24.0,0,169,0,128,20,0
88,6,5285,443,17.0,0,48,0,56,20,0
976,6,27843,5432,2.0,0,936,0,60,20,0
1389,6,53514,8080,2.0,0,1349,0,255,20,0
73,6,28747,80,0.18,0,33,0,56,20,0
43,6,3996,6091,2.0,0,0,0,64,20,1
66,6,23080,8443,24.0,0,26,0,58,20,0
76,17,12103,53,0.0,0,422,0,64,20,0
278,6,43113,8080,2.0,0,238,0,128,20,0
1136,6,42361,53,2.0,0,1096,0,64,20,0
1386,6,7834,8080,17.0,0,1346,0,255,20,0
716,6,40840,8000,0.18,0,676,0,255,20,0
85,1,0,0,0.0,8,7,0,19,20,1
648,6,35314,8080,2.0,0,608,0,255,20,0
74,6,52515,8443,2.0,0,34,0,119,20,0
179,17,35665,53,0.0,0,240,0,128,20,0
